{"base":"CHANGER","creator":"524389354b5ac3d87c000047","id":"5500f33859c426be287450c0","name":"mandelbrot","prop":{"textSize":1929,"attr":[1],"textData":"function change(creation) {\n    return draw(creation);\n}\n\nfunction draw(creation){\n    convertToFullColor(creation);\n\n    var cells = creation.cells;\n    var width = cells[0].length;\n    var height = cells[0][0].length;\n    var viewRange = {\n        x : -1,\n        y : -1,\n        w : 2,\n        h : 2\n    };\n    viewRange.cellWidth = viewRange.w / 3;\n    viewRange.cellHeight = viewRange.h / 3;\n    \n    var x, y, cx, cy;\n\n    if(cells.length != 9){\n        creation.feedback = \"Requires a 3x3 grid of cells.\";\n        return creation;\n    }\n\n    for(var n = 0; n < 9; n++){\n        var cellx = n % 3;\n        var celly = Math.floor(n / 3);\n        for (var x = 0; x < width; x++) {\n            for (var y = 0; y < height; y++) {\n                cells[n][x][y] = colour(\n                    x, y,\n                    viewRange.x + viewRange.cellWidth * cellx,\n                    viewRange.y + viewRange.cellHeight * celly,\n                    viewRange.cellWidth,\n                    viewRange.cellHeight\n                );\n            }\n        }\n    }\n\n\n    return creation;\n}\n\nfunction colour(x, y, xoffset, yoffset, xrange, yrange){\n    var rval = { red : 0, green : 0, blue : 0, alpha : 1 };\n    var accuracy = 512;\n    var x_resolution = 29, y_resolution = 29;\n    var c = (xrange / x_resolution) * x + xoffset;\n    var ci = (yrange / y_resolution) * y + yoffset;\n    var count = 0;\n    var z = 0, zi = 0, zsq = 0;\n    var zisq = 0, nz = 0, nzi = 0;\n\n    while((count <= accuracy) && ((zsq + zisq) < 4.)){\n        nz = zsq - zisq;\n        nzi = (z * zi) * 2;\n        z = nz + c;\n        zi = nzi + ci;\n        zsq = z * z;\n        zisq = zi * zi;\n        count++;\n    }\n\n    if(count <= accuracy){\n        rval.red = Math.floor(128 - Math.sin(count / 30) * 127);\n        rval.green = Math.floor(128 - Math.cos(count / 30) * 127);\n        rval.blue = Math.floor(128 + Math.sin(count / 30) * 127);\n    }\n    return rval;\n}"}}