{"base":"CHANGER","creator":"5003d713a0b60c386b0000a1","id":"5502aa36ca9c40b251503509","name":"ghoster","prop":{"textSize":947,"attr":[1],"textData":"function change(creation) { \n    return ghostify(creation); \n}\n\nfunction ghostify(creation) {\n    var colorIsUsed = [];\n    for (var i = 0; i < creation.colors.length; i++) { \n        if (colorIsUsed[i] === undefined) {\n            colorIsUsed[i] = getColorIsUsed(creation, i);\n        }\n        \n        if (colorIsUsed[i] && creation.colors[i].alpha > .5) {\n            creation.colors[i].alpha = .5;\n        }\n    } \n    return creation;\n}\n\nfunction getColorIsUsed(creation, colorIndex) {\n    var isUsed = false;\n    \n    var cells = creation.cells;   \n    var width = cells[0].length;    \n    var height = cells[0][0].length;  \n    \n    for (var cell = 0; cell < cells.length && !isUsed; cell++) {    \n        for (var x = 0; x < width && !isUsed; x++) {    \n            for (var y = 0; y < height && !isUsed; y++) {    \n                isUsed = creation.cells[cell][x][y] == colorIndex;\n            }\n        }\n    }\n    \n    return isUsed;\n}"}}