{"base":"CHANGER","creator":"54392ed9da48c0bb624c0490","id":"55033c5a36e5a2141ca3aede","name":"grayscale","prop":{"textSize":648,"attr":[1],"textData":"function change(creation) {\n  convertToFullColor(creation);\n  var cells = creation.cells;\n\n  for(var i=0; i<cells.length;i++) {\n    var width = cells[i].length;\n    var height = cells[i][0].length;\n    for(var y = 0; y < height; y++) {\n      for(var x = 0; x < width; x++) {\n        var val = 0.21 * cells[i][x][y].red + 0.72 * cells[i][x][y].green + 0.07 * cells[i][x][y].blue;\n        cells[i][x][y] = {\n                       red: val,\n                       green: val,\n                       blue: val,\n                       alpha: cells[i][x][y].alpha\n                     };\n      }\n    }\n  }\n  creation.cells = cells;\n  return creation;\n}\n","clonedFrom":"55018c6bfe6750b40b58aa6f"}}