{"base":"CHANGER","creator":"54392ed9da48c0bb624c0490","id":"550408b6e5fc8e6c0cb9f259","name":"blackscale","prop":{"textSize":650,"attr":[1],"textData":"function change(creation) {\n  convertToFullColor(creation);\n  var cells = creation.cells;\n  var width = cells[0].length;\n  var height = cells[0][0].length;\n\n  for(var y = 0; y < height; y++) {\n    for(var x = 0; x < width; x++) {\n      var val = 0.21 * cells[0][x][y].red + 0.72 * cells[0][x][y].green + 0.07 * cells[0][x][y].blue;\n      cells[0][x][y] = {\n                     red: toLimit(val * 1.5, 0, 255),\n                     green: toLimit(val * 1.5, 0, 255),\n                     blue: toLimit(val * 1.5, 0, 255),\n                     alpha: cells[0][x][y].alpha\n                   };\n    }\n  }\n  creation.cells = cells;\n  return creation;\n}\n","clonedFrom":"55018c6bfe6750b40b58aa6f"}}