{"base":"CHANGER","creator":"5003d713a0b60c386b0000a1","id":"550564f20c02dedc09a661b2","name":"freezer","prop":{"textSize":1679,"attr":[1],"textData":"function change(creation) { \n    convertToFullColor(creation);\n    return freeze(creation); \n} \n\nfunction freeze(creation) { \n    var cellsOld = cloneObject(creation.cells);\n    var cells = creation.cells; \n    var width = cells[0].length; \n    var height = cells[0][0].length; \n    var snowColor = {red: 235, green: 235, blue: 255, alpha: 1}; \n\n    for (var cell = 0; cell < cells.length; cell++) { \n        for (var x = 0; x < width; x++) { \n            for (var y = 0; y < height; y++) { \n            \n                var above = y >= 1 ? cellsOld[cell][x][y - 1] : null;\n                var below = y < height - 1 ? cellsOld[cell][x][y + 1] : null;\n                if ( cells[cell][x][y].alpha > 0 ) {\n                    if (!above || above.alpha == 0) {\n                        cells[cell][x][y] = snowColor; \n\n                        if (below && below.alpha > 0) {\n                            cells[cell][x][y + 1] = getMixedColor( \n                                    snowColor, cells[cell][x][y + 1] ); \n                        }\n                    }\n                    else {\n                        cells[cell][x][y].blue = toLimit(\n                                cells[cell][x][y].blue * 1.01, 0, 255);\n                    }\n\n                }\n                \n            } \n        } \n    } \n\n    return creation; \n}\n\nfunction getMixedColor(rgba1, rgba2) {\n    var rgbaMixed = {};\n    rgbaMixed.red = Math.floor( (rgba1.red + rgba2.red) * .5 );\n    rgbaMixed.green = Math.floor( (rgba1.green + rgba2.green) * .5 );\n    rgbaMixed.blue = Math.floor( (rgba1.blue + rgba2.blue) * .5 );\n    rgbaMixed.alpha = (rgba1.alpha + rgba2.alpha) * .5;\n    return rgbaMixed;\n}"}}