{"base":"CHANGER","creator":"5241a0588ec8b7bc7f00002c","id":"558bff2947ebd32b2c24f14a","name":"anaglyph rc 2px","prop":{"textSize":1035,"attr":[1],"textData":"/**\n * Anaglyph R/C 2px\n *\n * Converts any creation into a red-cyan anaglyphed version\n * of the same type with a uniform baseline of 2 pixels.\n *\n * For best results, use small palettes and padding of at least 1 pixels.\n */\n\nconst BASELINE = 2;\n\nfunction change(creation) {\n\tconvertToFullColor(creation);\n\n\tvar offset = Math.floor(BASELINE/2);\n\tvar transp = { red: 0, green: 0, blue: 0, alpha: 0 };\n\tvar orig = cloneObject(creation.cells);\n\n\tfor (var cell = 0, cells = orig.length; cell < cells; ++cell) {\n\t\tfor (var col = 0, cols = orig[cell].length; col < cols; ++col) {\n\t\t\tfor (var row = 0, rows = orig[cell][col].length; row < rows; ++row) {\n\n\t\t\t\tvar left  = col - offset >= 0    ? orig[cell][col - offset][row] : transp;\n\t\t\t\tvar right = col + offset <  cols ? orig[cell][col + offset][row] : transp;\n\n\t\t\t\tcreation.cells[cell][col][row] = {\n\t\t\t\t\tred:   left.red,\n\t\t\t\t\tgreen: right.green,\n\t\t\t\t\tblue:  right.blue,\n\t\t\t\t\talpha: toLimit(left.alpha + right.alpha - left.alpha * right.alpha, 0, 1)\n\t\t\t\t};\n\t\t\t}\n\t\t}\n\t}\n\n\treturn creation;\n}","clonedFrom":"55018c6bfe6750b40b58aa6f","soundId":"5416a1446ad1bfec03f3ac67"}}