{"base":"CHANGER","creator":"524389354b5ac3d87c000047","id":"5659dc98b1db840c732080b9","name":"darkener","prop":{"textSize":455,"attr":[1],"textData":"function change(creation) { \n    return pastel(creation, 224); \n}\n\nfunction pastel(creation, maxval) {\n    var scale = maxval / 255;\n    for (var n = 0; n < creation.colors.length; n++) { \n        creation.colors[n].red = Math.round(creation.colors[n].red * scale);\n        creation.colors[n].green = Math.round(creation.colors[n].green * scale);\n        creation.colors[n].blue = Math.round(creation.colors[n].blue * scale);\n    } \n    return creation;\n}","clonedFrom":"5502aa36ca9c40b251503509"}}