{"base":"CHANGER","creator":"524389354b5ac3d87c000047","id":"58e90d05c92c0465130123ab","name":"opacifier","prop":{"textSize":912,"attr":[1],"textData":"function change(creation) { \n    return negative(creation); \n}\n\nfunction negative(creation) {\n    var colorIsUsed = [];\n    for (var i = 0; i < creation.colors.length; i++) { \n        if (colorIsUsed[i] === undefined) {\n            colorIsUsed[i] = getColorIsUsed(creation, i);\n        }\n        \n        if (colorIsUsed[i]) {\n            creation.colors[i].alpha = 1\n        }\n    } \n    return creation;\n}\n\nfunction getColorIsUsed(creation, colorIndex) {\n    var isUsed = false;\n    \n    var cells = creation.cells;   \n    var width = cells[0].length;    \n    var height = cells[0][0].length;  \n    \n    for (var cell = 0; cell < cells.length && !isUsed; cell++) {    \n        for (var x = 0; x < width && !isUsed; x++) {    \n            for (var y = 0; y < height && !isUsed; y++) {    \n                isUsed = creation.cells[cell][x][y] == colorIndex;\n            }\n        }\n    }\n    \n    return isUsed;\n}","clonedFrom":"5502aa36ca9c40b251503509"}}