{"base":"CHANGER","creator":"524389354b5ac3d87c000047","id":"5a519e6a6a69281613213bcd","name":"faded alpha fade","prop":{"textSize":1373,"attr":[1],"textData":"function change(creation) {  \n    convertToFullColor(creation); \n    fadeOut(creation, 1, 0); \n    creation.name = prefixName(creation, 'faded'); \n \n    return creation;  \n} \n \nfunction prefixName(creation, prefix) { \n    var name = creation.name; \n    if ( name.indexOf(prefix) === -1 && \n            (prefix + ' ' + name).length <= creation.info.nameMaxLength ) { \n        name = prefix + ' ' + name; \n    } \n    return name; \n} \n\n\nfunction fadeOut(creation, startfade, endfade){\n    var maxColor = 255; \n    var ratio;\n    var sourceCells = cloneObject(creation.cells); \n    var cells = creation.cells;  \n    var width = cells[0].length;   \n    var height = cells[0][0].length; \n    if(endfade > startfade){\n        endfade += startfade;\n        startfade = endfade - startfade;\n        endfade -= startfade;\n    }\n\n    for (var cell = 0; cell < cells.length; cell++) {   \n        for (var y = 0; y < height; y++) {\n            ratio = 1 - ((y / height) * (startfade - endfade));\n            for (var x = 0; x < width; x++) {  \n                                 \n                cells[cell][x][y] = {\n                    red : cells[cell][x][y].red,\n                    green : cells[cell][x][y].green,\n                    blue : cells[cell][x][y].blue,\n                    alpha : cells[cell][x][y].alpha * ratio\n                }\n            }   \n        }   \n    } \n\n}","clonedFrom":"5502aa36ca9c40b251503509"}}