{"base":"CHANGER","creator":"524389354b5ac3d87c000047","id":"5aa4628592676c5113febbd8","name":"horizontal blurrer","prop":{"textSize":2188,"attr":[1],"textData":"function change(creation) {  \n    convertToFullColor(creation); \n     \n    var blur = [ [0, 0, 0], \n                 [.3, .4, .3], \n                 [0, 0, 0] ]; \n\n    applyFilter(creation, blur); \n    creation.name = prefixName(creation, 'blurry'); \n \n    return creation;  \n} \n \nfunction prefixName(creation, prefix) { \n    var name = creation.name; \n    if ( name.indexOf(prefix) === -1 && \n            (prefix + ' ' + name).length <= creation.info.nameMaxLength ) { \n        name = prefix + ' ' + name; \n    } \n    return name; \n} \n\nfunction applyFilter(creation, matrix) { \n    var maxColor = 255; \n     \n    var sourceCells = cloneObject(creation.cells); \n    var cells = creation.cells;  \n    var width = cells[0].length;   \n    var height = cells[0][0].length; \n     \n    for (var cell = 0; cell < cells.length; cell++) {   \n        for (var x = 0; x < width; x++) {   \n            for (var y = 0; y < height; y++) {   \n                 \n                var red = 0, green = 0, blue = 0, alpha = 0; \n                for (var xOff = -1; xOff <= 1; xOff++) { \n                    for (var yOff = -1; yOff <= 1; yOff++) { \n                        var weight = matrix[yOff + 1][xOff + 1]; \n                        var sourceCell = sourceCells[cell];\n                        var sourcePixel = sourceCells[cell][x][y];\n                        if (sourceCell[x + xOff] &&\n                                sourceCell[x + xOff][y + yOff]) {\n                            sourcePixel = sourceCell[x + xOff][y + yOff];\n                        }\n                        red   += sourcePixel.red * weight; \n                        green += sourcePixel.green * weight; \n                        blue  += sourcePixel.blue * weight; \n                        alpha  += sourcePixel.alpha * weight; \n                    }                 \n                } \n                \n                cells[cell][x][y] = { \n                        red: toLimit(red, 0, maxColor), \n                        green: toLimit(green, 0, maxColor), \n                        blue: toLimit(blue, 0, maxColor), \n                        alpha: alpha < 0 ? 0 : (alpha > 1 ? 1 : alpha)}; \n            }   \n        }   \n    } \n}","clonedFrom":"55007504f87afd261db2c06a"}}