{"base":"CHANGER","creator":"524389354b5ac3d87c000047","id":"5b57729c38e0f30f58b28d7b","name":"colour swap","prop":{"textSize":1127,"attr":[1],"textData":"/*\n\nThis changer swaps the positions of two colours in the\npalette, without affecting the picture.\n\n*/\nfunction change(creation) {\n        if(creation.info.selectedIndex == 11 || creation.info.secondSelectedIndex == 11){\n            creation = {\n                feedback: \"The blank colour can not be swapped.\"\n            };\n        }else{\n            swapColours(creation);\n        }\n        return creation;\n}\n\nfunction swapColours(creation){\n    var idx1 = creation.info.selectedIndex;\n    var idx2 = creation.info.secondSelectedIndex;\n    var c, x, y;\n    \n    for(c = 0; c < creation.cells.length; c++){\n        for(x = 0; x < creation.cells[c].length; x++){\n            for(y = 0; y < creation.cells[c].length; y++){\n                if(creation.cells[c][x][y] == idx1){\n                    creation.cells[c][x][y] = idx2;\n                }else if(creation.cells[c][x][y] == idx2){\n                    creation.cells[c][x][y] = idx1;\n                }\n            }\n        }\n    }\n    var c1 = creation.colors[idx1];\n    var c2 = creation.colors[idx2];\n    creation.colors[idx1] = c2;\n    creation.colors[idx2] = c1;\n\n}\n","clonedFrom":"55007504f87afd261db2c06a"}}