{"base":"DYNATHING","creator":"572be5d7a3e499780f92ab7b","id":"5c55d4ce5c225031342872a2","name":"peach fountain","prop":{"text":"0:cell 1 show, cell 4 show,left 4, cell 1 up 29, cell 5 show, right 4, cell 9 show, down 7,left 7, cell 8 show, down 7, right 6, cell 7 show, cell 3 show, cell 2 right 29, cell 3 left 29, cells show\n0.001:cells up 18\n0.002:cell 2 down 18, cell 7 down 18, cell 3 down 18\n\n0.2:cell 8 flip horizontal, left 13, cell 9 flip horizontal, right 15,cell 6 flip horizontal\n0.4:restart"}}