{"base":"CHANGER","creator":"524389354b5ac3d87c000047","id":"5d60664a82e5e131d9e663af","name":"roundshader","prop":{"textSize":1055,"attr":[1],"textData":"function change(creation) {\n    convertToFullColor(creation);\n    var lightPoint = {\n          x: creation.cells[0].length >> 2,\n          y: creation.cells[0].length >> 2\n    };\n    var cell = creation.cells[creation.info.selectedCell];\n    var ratio, delta;\n    for(var x = 0; x < cell.length; x++) { \n        for(var y = 0; y < cell[x].length; y++) {\n        \n            if( cell[x][y].alpha == 0) continue;\n            delta = distanceSq(x, y, lightPoint.x, lightPoint.y);\n            if(delta < 1) continue;\n//            ratio = 1 / Math.pow(Math.log(Math.E + delta / cell.length), .5);\n            ratio = 1 / Math.pow(1 + .1 / cell.length, delta);\n            cell[x][y] = { \n                red: toLimit(cell[x][y].red * ratio, 0, 255),\n                green: toLimit(cell[x][y].green * ratio, 0, 255),\n                blue: toLimit(cell[x][y].blue * ratio, 0, 255),\n                alpha: cell[x][y].alpha};\n        }\n    }\n    return creation;\n}\n\nfunction distanceSq(x1, y1, x2, y2){\n    return (x1 - x2) * (x1 - x2) + (y1 - y2) * (y1 - y2);\n}","clonedFrom":"5504c5c8a0f612f152e791e6"}}