{"base":"CHANGER","creator":"524389354b5ac3d87c000047","id":"5d82686bb4c02906036799fa","name":"alpha edge antialias","prop":{"textSize":2588,"attr":[1],"textData":"/*\nThis changer does antialiasing on blank edges of your creation.\nIt only changes pixels that are already blank, not affecting any others.\n*/\n\n/*\n\"alphaFactor\" is the amount that the alpha component\nof the colour is multiplied by when generating a new\nedge colour.\n*/\nvar alphaFactor = .6;\n\n/*\n\"minAdjacent\" is the number of adjacent non-blank pixels that must be present to change the colour of a blank one.\n*/\nvar minAdjacent = 1;\n\n\nfunction change(creation) {\n    convertToFullColor(creation);\n    doEdges(creation);    \n    return creation;\n}\n\nfunction doEdges(creation){\n    var c, x, y;\n    var cell, newCell;\n    for(c = 0; c < creation.cells.length; c++){\n        cell = creation.cells[c];\n        newCell = Array();\n        for(x = 0; x < cell.length; x++){\n            newCell[x] = Array();\n            for(y = 0; y < cell[x].length; y++){\n                newCell[x][y] = getPixelColour(cell, x, y);\n            }\n        }\n        creation.cells[c] = newCell;\n    }\n}\n\nfunction getPixelColour(cell, px, py){\n    var n, x, y, rval;\n    var offset = [\n        {x : 0, y : -1},\n        {x : -1, y : 0},\n        {x : 1, y : 0},\n        {x : 0, y : 1}\n    ];\n    var tally = {red : 0, green : 0, blue : 0, alpha : 0}, numColours = 0;\n    var codes = Array();\n\n    // make sure we can actually work with this pixel\n    if(cell[px] == undefined || cell[px][py] == undefined)\n    {\n        return null;\n    }\n    \n    // we only want to affect blank pixels\n    rval = {\n        red : cell[px][py].red,\n        green : cell[px][py].green,\n        blue : cell[px][py].blue,\n        alpha : cell[px][py].alpha\n    };\n    if(cell[px][py].alpha != 0){\n        return rval;\n    }\n    \n    // scan the adjacent pixels\n    for(n = 0; n < 4; n++){\n        x = px + offset[n].x;\n        y = py + offset[n].y;\n        if(!onCell(cell, x, y) || cell[x][y].alpha == 0){\n            continue;\n        }\n        tally.red += cell[x][y].red;\n        tally.green += cell[x][y].green;\n        tally.blue += cell[x][y].blue;\n        tally.alpha += cell[x][y].alpha;\n        numColours++;\n    }\n\n    // only change the colour if there are more than one adjacent coloured pixels    \n    if(numColours >= minAdjacent){\n        rval = {\n            red : Math.round(tally.red / numColours),\n            green : Math.round(tally.green / numColours),\n            blue : Math.round(tally.blue / numColours),\n            alpha : alphaFactor * tally.alpha / numColours\n        };\n    }\n    \n    return rval;\n}\n\nfunction onCell(cell, x, y){\n    return x >= 0 && x < cell.length && y >= 0 && y < cell[x].length;\n}\n","clonedFrom":"55007504f87afd261db2c06a","changerId":"5aecb5efe56dd212eb825b47"}}