{"base":"CHANGER","creator":"524389354b5ac3d87c000047","id":"5dd165d830df41113b2efa86","name":"45 degree shearer","prop":{"textSize":519,"attr":[1],"textData":"function change(creation) {  \n    var x, y, c, n, delta = 0, chunk, height;\n    for(c = 0; c < creation.cells.length; c++){\n        height = creation.cells[c][0].length;\n        for(x = 0; x < creation.cells[c].length; x++){\n            if(delta){\n            \n                creation.cells[c][x] =\n                    creation.cells[c][x].slice(delta).concat(\n                        creation.cells[c][x].slice(0, delta)\n                    );\n            }\n            delta++;\n        }\n    }\n    return creation;\n}","clonedFrom":"5502aa36ca9c40b251503509"}}