{"base":"CHANGER","creator":"524389354b5ac3d87c000047","id":"5df3d56fc56b6a357e548e6f","name":"underwaternater","prop":{"textSize":3287,"attr":[1],"textData":"/*\n\nThis changer does two things to give blocks a look of being submerged in water:\n\n1: move all colours toward a greenish blue by a certain amount\n2: blur the picture slightly\n\nTo change the colour to which the item is biased, you can alter the value of \"targetColour\" in the changer function.\nThe blur matrix describes how much blur is applied, and can also be altered if you wish.\n\n*/\nfunction change(creation) {  \n    var targetColour = {red: 67, green: 130,blue: 160, alpha: 1};\n    creation = underWaternate(creation, targetColour);\n    convertToFullColor(creation); \n     \n    var blur = [ [.04, .07, .04], \n                 [.07, .6, .07], \n                 [.04, .07, .04] ]; \n\n    applyFilter(creation, blur); \n \n    return creation;  \n} \n\n\nfunction underWaternate(creation, targetColour) { \n    var i, c;\n    var weight = .5;\n    var newColour;\n    \n    for (var i = 0; i < creation.colors.length; i++) { \n        if( i == 11){\n            continue;\n        }\n        newColour = {'red' : 0, 'green': 0, 'blue': 0, 'alpha' : 0};\n        for(c in newColour){\n         \n          newColour[c] = creation.colors[i][c] * (1 - weight) \n                      + targetColour[c] * weight;\n          if(c == 'alpha'){\n              newColour[c] = newColour[c] < 0 ? 0 : (newColour[c] > 1 ? 1 : newColour[c]);\n          }else{\n              newColour[c] = Math.round(newColour[c]);\n              newColour[c] = newColour[c] < 0 ? 0 : (newColour[c] > 255 ? 255 : newColour[c]);\n          }\n        }\n        creation.colors[i] = newColour;\n    } \n    return creation;\n}\n\n \nfunction applyFilter(creation, matrix) { \n    var maxColor = 255; \n     \n    var sourceCells = cloneObject(creation.cells); \n    var cells = creation.cells;  \n    var width = cells[0].length;   \n    var height = cells[0][0].length; \n    var cell = creation.info.selectedCell;\n        for (var x = 0; x < width; x++) {   \n            for (var y = 0; y < height; y++) {   \n                if(creation.cells[cell][x][y].alpha == 0){\n                    //continue;\n                }\n                var red = 0, green = 0, blue = 0, alpha = 0; \n                for (var xOff = 0; xOff <= 1; xOff++) { \n                    for (var yOff = -1; yOff <= 1; yOff++) { \n                        var weight = matrix[yOff + 1][xOff + 1]; \n                        var sourceCell = sourceCells[cell];\n                        var sourcePixel = sourceCells[cell][x][y];\n                        if (sourceCell[x + xOff] &&\n                                sourceCell[x + xOff][y + yOff]) {\n                            sourcePixel = sourceCell[x + xOff][y + yOff];\n                        }\n                        red   += sourcePixel.red * weight; \n                        green += sourcePixel.green * weight; \n                        blue  += sourcePixel.blue * weight; \n                        alpha  += sourcePixel.alpha * weight; \n                    }                 \n                } \n                \n                cells[cell][x][y] = { \n                        red: toLimit(red, 0, maxColor), \n                        green: toLimit(green, 0, maxColor), \n                        blue: toLimit(blue, 0, maxColor), \n                        alpha: alpha < 0 ? 0 : (alpha > 1 ? 1 : alpha)}; \n            }   \n        } \n}\n\n","clonedFrom":"55007504f87afd261db2c06a","changerId":"5b57729c38e0f30f58b28d7b"}}