{"base":"CHANGER","creator":"524389354b5ac3d87c000047","id":"5ff603528395857c9483370a","name":"circle renderer","prop":{"textSize":3880,"attr":[1],"textData":"/*\nCircle renderer\n\nThis changer will draw a circle with information gathered from the selected colours on the palette.\n\nA circle can be calculated from any three separate points on its perimeter.  This changer works by letting you define the three points, and will draw the circle that intersects those points.\n\nThe points are defined using your erasing colour.\n\nThe colour of your parabola will be your drawing colour.\n\nSo to use it is very simple:\n--------------\n1) with your right mouse button, select a colour that is not currently in use.\n\n2) using that colour, draw three points in your picture\n\n3) with your left mouse button, choose the colour that the circle should be drawn in (yes, it can be the same colour as the one defining it)\n\n4) click the changer.\n---------------\n\nTake note that the three points marking the circle must be of a colour that is not already in use, as there must be exactly three points.\n*/\n\nfunction change(creation) {\n    var params = getInput(creation);\n    \n    if(params.valid == true){\n\n      renderCircle(creation, params);\n\n    }else{\n        creation.feedback = \"Invalid input: \" + params.feedback;\n    }\n    \n    return creation;\n}\n\nfunction getInput(creation){\n    // I guess all we need to know is three points and the colours\n\n    var rval = {valid: true};\n    var errorMessage = 'Unspecified error';\n    var n;\n    var x, y, cell = creation.cells[creation.info.selectedCell];\n    var tally, pointList = Array();\n    \n    // a poor man's tried c@tch:\n    for(n = 0; n == 0; n++){\n        // first let's get the selected erase colour\n        rval.drawColour = creation.info.selectedIndex;\n        rval.pointColour = creation.info.secondSelectedIndex;\n\n        // now ensure that there are exactly three pointColour dots\n        for(x = 0; x < cell.length; x++){\n            for(y = 0; y < cell[x].length; y++){\n                if(cell[x][y] == rval.pointColour){\n                    pointList.push({x : x, y : y});\n                }\n            }\n        }\n        if(pointList.length != 3){\n            errorMessage = \"There must be exactly three pixels of the marking colour.\";\n            break;\n        }\n        \n        rval.pointList = pointList;\n        \n    }\n    \n    if(n == 1){\n        // success\n        rval.cell = cell;\n    }else{\n        // error\n        rval.valid = false;\n        rval.feedback = errorMessage;\n    }\n    return rval;\n}\n\n\nfunction renderCircle(creation, params) {\n    var a, b, c, d, cx, cy, r, x, y, cell, dist;\n    var x1 = params.pointList[0].x;\n    var y1 = params.pointList[0].y;\n    var x2 = params.pointList[1].x;\n    var y2 = params.pointList[1].y;\n    var x3 = params.pointList[2].x;\n    var y3 = params.pointList[2].y;\n    var x1sq = x1 * x1;\n    var y1sq = y1 * y1;\n    var x2sq = x2 * x2;\n    var y2sq = y2 * y2;\n    var x3sq = x3 * x3;\n    var y3sq = y3 * y3;\n     \n    a = x1 * (y2 - y3) \n      - y1 * (x2 - x3) \n      + x2 * y3 - x3 * y2;\n    \n    b = (x1sq + y1sq) * (y3 - y2)\n      + (x2sq + y2sq) * (y1 - y3)\n      + (x3sq + y3sq) * (y2 - y1);\n    \n    c = (x1sq + y1sq) * (x2 - x3) \n      + (x2sq + y2sq) * (x3 - x1) \n      + (x3sq + y3sq) * (x1 - x2);\n    \n    d = (x1sq + y1sq) * (x3 * y2 - x2 * y3)\n      + (x2sq + y2sq) * (x1 * y3 - x3 * y1)\n      + (x3sq + y3sq) * (x2 * y1 - x1 * y2);\n\n    cx = -b / (2 * a);\n    cy = -c / (2 * a);\n    r = Math.sqrt((b * b + c * c - 4 * a * d) / (4 * a * a));\n    /*\n    r = Math.sqrt(\n        (cx - x1) * (cx - x1) + (cy - y1) * (cy - y1)\n      );\n    */\n    cell = creation.cells[creation.info.selectedCell];\n    for(x = 0; x < cell.length; x++){\n        for(y = 0; y < cell[x].length; y++){\n            dist = Math.sqrt(\n                (cx - x) * (cx - x) +\n                (cy - y) * (cy - y)\n            );\n            if(Math.abs(dist - r) < 0.5 ){\n                cell[x][y] = params.drawColour;\n            }\n        }\n    }\n    \n}\n","clonedFrom":"55007504f87afd261db2c06a"}}