{"base":"CHANGER","creator":"524389354b5ac3d87c000047","id":"6004af0bead4235a82e5d229","name":"paste under","prop":{"textSize":2293,"attr":[1],"textData":"/*****************************\n\nPaste old creation on to current one\n\nThis works by using the undo history to recover the state of\nthe CURRENT CELL before the LAST action you did on the creation,\nthen copying it on top of the current state.\n\nThis means you can use it to merge pictures very easily, pasting\nthe main one being edited on top of the one imported.\n\nTo do so is very easy.  When editing the creation, simply open\nanother of the same type and hit the changer.  Your previous\npicture will be pasted on top of the newly opened creation.\n\nThis code does not account for things like using different creation\ntypes, different cells, etc., so it is not guaranteed to work beyond\nusing single-cell creations of the same type.\n\n*****************************/\nfunction getPixelState(creation, historyIndex){\n    var pixels = [], x, y;\n    var ref = creation.history[historyIndex].pixels[creation.info.selectedCell];\n    var palette = creation.history[historyIndex].colors;\n    \n    for(x = 0; x < ref.length; x++){\n        pixels[x] = [];\n        for(y = 0; y < ref[x].length; y++){\n            pixels[x][y] = {\n                'red' : palette[ref[x][y]].red,\n                'green' : palette[ref[x][y]].green,\n                'blue' : palette[ref[x][y]].blue,\n                'alpha' : palette[ref[x][y]].alpha\n            };\n        }\n    }\n    \n    return pixels;\n}\n\nfunction change(creation){\n\n    var copiedPixels;\n    var x, y, cell;\n\n\n    if(creation.history.length <= 1){\n        return {feedback : \"Insufficient undo history for this changer\"};\n    }\n    \n    copiedPixels = getPixelState(creation, creation.history.length - 2);    \n    \n    // We now have the rgba values that were on the cell.\n    // Let's paste them on to the current state:\n    \n    convertToFullColor(creation);\n    cell = creation.cells[creation.info.selectedCell];\n    for(x = 0; x < cell.length; x++){\n        for(y = 0; y < cell[x].length; y++){\n            if(copiedPixels[x][y].alpha != 0){\n                cell[x][y] = {\n                    red : copiedPixels[x][y].red,\n                    green : copiedPixels[x][y].green,\n                    blue : copiedPixels[x][y].blue,\n                    alpha : copiedPixels[x][y].alpha\n                };\n            }\n        }\n    }\n    return creation;\n}\n","clonedFrom":"55007504f87afd261db2c06a","changerId":"5ff603528395857c9483370a"}}