{"base":"CHANGER","creator":"524389354b5ac3d87c000047","id":"600a08e70ab19321111c20c5","name":"gradient","prop":{"textSize":2506,"attr":[1],"textData":"/*****************************\n\nPaste old current on to previous one\n\nThis works by using the undo history to recover the state of\nthe CURRENT CELL before the LAST action you did on the creation,\nthen copying the current state on top of it.\n\nThis means you can use it to merge pictures very easily, pasting\nthe one being imported on top of one being edited.\n\nTo do so is very easy.  When editing the creation, simply open\nanother of the same type and hit the changer.  Your previous\npicture will be restored, with the newly opened creation pasted on\ntop of it.\n\nThis code does not account for things like using different creation\ntypes, different cells, etc., so it is not guaranteed to work beyond\nusing single-cell creations of the same type.\n\n*****************************/\nfunction getPixelState(creation, historyIndex){\n    var pixels = [], x, y;\n    var ref = creation.history[historyIndex].pixels[creation.info.selectedCell];\n    var palette = creation.history[historyIndex].colors;\n    \n    for(x = 0; x < ref.length; x++){\n        pixels[x] = [];\n        for(y = 0; y < ref[x].length; y++){\n            pixels[x][y] = {\n                'red' : palette[ref[x][y]].red,\n                'green' : palette[ref[x][y]].green,\n                'blue' : palette[ref[x][y]].blue,\n                'alpha' : palette[ref[x][y]].alpha\n            };\n        }\n    }\n    \n    return pixels;\n}\n\nfunction change(creation){\n\n    var copiedPixels;\n    var x, y, cell;\n    var ratio;\n\n    if(creation.history.length <= 1){\n        return {feedback : \"Insufficient undo history for this changer\"};\n    }\n    \n    copiedPixels = getPixelState(creation, creation.history.length - 2);    \n    \n    // We now have the rgba values that were on the cell.\n    // Let's paste them on to the current state:\n    \n    convertToFullColor(creation);\n    cell = creation.cells[creation.info.selectedCell];\n    for(x = 0; x < cell.length; x++){\n        for(y = 0; y < cell[x].length; y++){\n            ratio = {a : y / cell[x].length};\n            ratio.b = 1 - ratio.a;\n            cell[x][y] = {\n                red : Math.floor(copiedPixels[x][y].red * ratio.a + cell[x][y].red * ratio.b),\n                green : Math.floor(copiedPixels[x][y].green * ratio.a + cell[x][y].green * ratio.b),\n                blue : Math.floor(copiedPixels[x][y].blue * ratio.a + cell[x][y].blue * ratio.b),\n                alpha : copiedPixels[x][y].alpha * ratio.a + cell[x][y].alpha * ratio.b\n            }\n        }\n    }\n    return creation;\n}\n","clonedFrom":"55007504f87afd261db2c06a","changerId":"6005db91967f7a5a7793245b"}}