{"base":"DYNATHING","creator":"5d6a5fc5df520420866b6c2d","id":"6275a8ad2079481f4a1e30e5","name":"campfire","prop":{"attr":[2],"text":"0: cells 2+3+4+8 show, cell 3 z-index 1, cells 4+5+6+7 bright\n   cell 2 z-index 3\n   cell 3 z-index 2\n   cell 8 z-index 1\n     fill 255 223 145 1, gradient 14 19 38  255 107 19 0\n     shape  -26 -23  52 -23  52 52  26 25  3 25 -26 52\n\n+0.1: CELL 4 HIDE, CELL 5 SHOW\n+0.1: CELL 5 HIDE, CELL 6 SHOW\n+0.1: CELL 6 HIDE, CELL 7 SHOW\n\n+0.1: restart","clonedFrom":"6275a89c20c16a1c2082df91","changerId":"558bff2947ebd32b2c24f14a"}}