{"base":"DYNATHING","creator":"556b7ab6f2ac38260867faf4","id":"5d45974945219a15dbeef4dd","name":"garden lantern with a rabbit","prop":{"text":"/*FIRE*/\n0: cell 1 show, z-index 2, cell 2 z-index 3, opacity .8, bright, cell 3 bright, cell 9 show, bright, opacity .4, z-index 2, cell 2 right 1, cell 3 right 1\n0.0-0.5: cell 3 opacity .8, cell 2 opacity .0\n0.5-1.0: cell 2 opacity .8, cell 3 opacity .0\n1.0-1.5: cell 3 opacity .8, cell 2 opacity .0\n1.5-2.0: cell 2 opacity .8, cell 3 opacity .0\n2.0-2.5: CELL 3 OPACITY .8, CELL 2 OPACITY .0\n2.5-3.0: CELL 2 OPACITY .8, CELL 3 OPACITY .0\n3.0-3.5: CELL 3 OPACITY .8, CELL 2 OPACITY .0\n3.5-4.0: CELL 2 OPACITY .8, CELL 3 OPACITY .0\n4.0-4.5: CELL 3 OPACITY .8, CELL 2 OPACITY .0\n4.5-5.0: CELL 2 OPACITY .8, CELL 3 OPACITY .0\n5.0-5.5: CELL 3 OPACITY .8, CELL 2 OPACITY .0\n5.5-6.0: CELL 2 OPACITY .8, CELL 3 OPACITY .0\n6.0-6.5: CELL 3 OPACITY .8, CELL 2 OPACITY .0\n6.5-7.0: CELL 2 OPACITY .8, CELL 3 OPACITY .0\n7.0-7.5: CELL 3 OPACITY .8, CELL 2 OPACITY .0\n7.5-8.0: CELL 2 OPACITY .8, CELL 3 OPACITY .0\n8.0-8.5: CELL 3 OPACITY .8, CELL 2 OPACITY .0\n8.5-9.0: CELL 2 OPACITY .8, CELL 3 OPACITY .0\n9.0-9.5: CELL 3 OPACITY .8, CELL 2 OPACITY .0\n9.5-10.0: CELL 2 OPACITY .8, CELL 3 OPACITY .0\n.5: cell 2 flip horizontal, right 1\n1.5: cell 2 flip horizontal, left 1\n2.5: CELL 2 FLIP HORIZONTAL, RIGHT 1\n//3.5: cell 2 flip horizontal, left 1\n//4.5: CELL 2 FLIP HORIZONTAL, RIGHT 1\n//5.5: CELL 2 FLIP HORIZONTAL, LEFT 1\n6.5: CELL 2 FLIP HORIZONTAL, RIGHT 1\n7.5: CELL 2 FLIP HORIZONTAL, LEFT 1\n8.5: CELL 2 FLIP HORIZONTAL, RIGHT 1\n9.5: CELL 2 FLIP HORIZONTAL, LEFT 1\n10.5: CELL 2 FLIP HORIZONTAL, RIGHT 1\n0-2.1: cell 9 opacity .8\n2.1-4.1: cell 9 opacity .3\n4.1-8.1: cell 9 opacity .8\n8.1-10: cell 9 opacity .3\n/*rabbit*/\n1: cell 4 show\n1.1: cell 4 hide, cell 5 show\n2.0: cell 5 hide, cell 6 show, right 1\n2.1: cell 6 hide, right 2, cell 8 show, right 2, cell 7 right 2\n2.2: cell 8 hide, right 2, cell 7 show, right 2, cell 6 right 2\n3.0: cell 7 hide, right 2, cell 6 show, right 2, cell 8 right 2\n3.1: cell 6 hide, right 2, cell 8 show, right 2, cell 7 right 2\n3.2: cell 8 hide, right 2, cell 7 show, right 2, cell 6 right 2\n3.3: CELL 7 HIDE, RIGHT 2, CELL 6 SHOW, RIGHT 2, CELL 8 RIGHT 2\n3.4: CELL 6 HIDE, RIGHT 2, CELL 8 SHOW, RIGHT 2, CELL 7 RIGHT 2\n3.5: CELL 8 HIDE, RIGHT 2, CELL 7 SHOW, RIGHT 2, CELL 6 RIGHT 2, CELL 2 FLIP HORIZONTAL, LEFT 1\n3.6: cell 8 flip horizontal, z-index 1, cell 7 flip horizontal, Z-INDEX 1, cell 6 flip horizontal, Z-INDEX 1, CELL 7 HIDE, left 1, CELL 6 SHOW, left 1, left 8 RIGHT 1\n3.7: CELL 6 HIDE, left 2, CELL 8 SHOW, left 2, CELL 7 left 2\n3.8: CELL 8 HIDE, left 2, CELL 7 SHOW, left 2, CELL 6 left 2\n3.9: CELL 7 HIDE, left 2, CELL 6 SHOW, left 2, CELL 8 left 2\n4.0: CELL 6 HIDE, LEFT 2, CELL 8 SHOW, LEFT 2, CELL 7 LEFT 2\n4.1: CELL 8 HIDE, LEFT 2, CELL 7 SHOW, LEFT 2, CELL 6 LEFT 2\n4.2: CELL 7 HIDE, LEFT 2, CELL 6 SHOW, LEFT 2, CELL 8 LEFT 2\n4.3: CELL 6 HIDE, LEFT 2, CELL 8 SHOW, LEFT 2, CELL 7 LEFT 2\n4.4: CELL 8 HIDE, LEFT 2, CELL 7 SHOW, LEFT 2, CELL 6 LEFT 2\n4.5: CELL 7 HIDE, LEFT 2, CELL 6 SHOW, LEFT 2, CELL 8 LEFT 2, CELL 2 FLIP HORIZONTAL, RIGHT 1\n4.6: CELL 8 FLIP HORIZONTAL, Z-INDEX 9, CELL 7 FLIP HORIZONTAL, Z-INDEX 9, CELL 6 FLIP HORIZONTAL, Z-INDEX 9, cell 6 hide, cell 4 show\n4.7: cell 4 hide, cell 5 show\n4.8: cell 5 hide, cell 6 show, right 3, cell 7 right 3, cell 8 right 3\n4.9: CELL 6 HIDE, RIGHT 2, CELL 8 SHOW, RIGHT 2, CELL 7 RIGHT 2\n5.0: CELL 8 HIDE, RIGHT 2, CELL 7 SHOW, RIGHT 2, CELL 6 RIGHT 2\n5.1: CELL 8 FLIP HORIZONTAL, CELL 7 FLIP HORIZONTAL, CELL 6 FLIP HORIZONTAL, CELL 7 HIDE, LEFT 2, CELL 6 SHOW, LEFT 2, CELL 8 LEFT 2\n5.2: CELL 6 HIDE, LEFT 2, CELL 8 SHOW, LEFT 2, CELL 7 LEFT 2\n5.3: CELL 8 HIDE, LEFT 2, CELL 7 SHOW, LEFT 2, CELL 6 LEFT 2\n5.4: CELL 7 HIDE, LEFT 2, CELL 6 SHOW, LEFT 2, CELL 8 LEFT 2\n5.5: CELL 6 HIDE, LEFT 2, CELL 8 SHOW, LEFT 2, CELL 7 LEFT 2, CELL 2 FLIP HORIZONTAL, LEFT 1\n5.6: CELL 8 HIDE, LEFT 2, CELL 7 SHOW, LEFT 2, CELL 6 LEFT 2\n5.7: CELL 7 HIDE, LEFT 2, CELL 6 SHOW, LEFT 2, CELL 8 LEFT 2\n5.8: CELL 6 HIDE, LEFT 2, CELL 8 SHOW, LEFT 2, CELL 7 LEFT 2\n5.9: CELL 8 HIDE, LEFT 2, CELL 7 SHOW, LEFT 2, CELL 6 LEFT 2, CELL 8 FLIP HORIZONTAL, Z-INDEX 1, CELL 7 FLIP HORIZONTAL, Z-INDEX 1, CELL 6 FLIP HORIZONTAL, Z-INDEX 1\n6.0: CELL 7 HIDE, RIGHT 2, CELL 6 SHOW, RIGHT 2, CELL 8 RIGHT 2\n6.1: CELL 6 HIDE, RIGHT 2, CELL 8 SHOW, RIGHT 2, CELL 7 RIGHT 2\n6.2: CELL 8 HIDE, RIGHT 2, CELL 7 SHOW, RIGHT 3, CELL 6 RIGHT 2\n10: restart\n\n//Manyday Aug2019 lantern Submission\n//KNOCKOFF JACK O' LANTERN DYNAMIC I MADE ON OCT2018 MANYDAY ECKS DEE\n//Would've been funny if I posted jack o' lantern instead lol\n\n"}}