{"base":"INTERACT","creator":"5d13def92e1f6d541553c9f1","id":"5ff68175dbedb529b47f5bcd","name":"jenga.*","prop":{"textSize":464,"attr":[1,3],"textData":"touches:[name] took! /shake /waits 1s  /taken/plays object falling\nTOUCHES:[NAME] TOOK! /SHAKE /WAITS 1S  /TAKEN/PLAYS OBJECT FALLING\nTOUCHES:[NAME] TOOK! /SHAKE /WAITS 1S  /TAKEN/PLAYS OBJECT FALLING\nTOUCHES:[NAME] TOOK! /SHAKE /WAITS 1S  /TAKEN/PLAYS OBJECT FALLING\nTOUCHES:[NAME] TOOK! /SHAKE /WAITS 1S  /TAKEN/PLAYS OBJECT FALLING\nTOUCHES:[NAME] TOOK! /SHAKE /WAITS 1S  /TAKEN/PLAYS OBJECT FALLING\nTOUCHES:[NAME] broke it! /plays STACK OF BOOKS FALLING /BROKEN","thingRefs":[["5ff67e40d2ae565389221d7a","shake"],["5ff67f2382990c5395392c6e","taken"],["55db3d63a18424b03a8114d7","object falling"],["5ff6808ecffa5f70b5e9a003","broken"],["55db3d4997d5b0432be73f34","stack of books falling"]]}}