{"base":"CHANGER","creator":"524389354b5ac3d87c000047","id":"60170c9281dc58052dfee3aa","name":"shear and cut","prop":{"textSize":824,"attr":[1],"textData":"function change(creation) {\n        var cell = creation.cells[creation.info.selectedCell];  \n        var newCell = [];\n        if(cell.length != 19 || cell[0].length != 19){\n            return {feedback : \" this can only be applied to 19x19 blocks\"};\n        }\n                \n        for (var x = 0; x < cell.length; x++) {   \n                newCell[x] = [];\n                for (var y = 0; y < cell.length; y++) {   \n                        if(y < cell.length - x){ \n                                newCell[x][y] = 11;\n                        }else{\n                                newCell[x][y] = cell[x][x + y - cell.length];\n                        }\n                }   \n        }   \n        creation.cells[creation.info.selectedCell] = newCell;\n        creation.type = enumType.slope;\n        return creation;  \n} \n","clonedFrom":"55007504f87afd261db2c06a","changerId":"5cb744e6832c7b05417147e0"}}