{"base":"READABLE","creator":"5d4fba9af13b6115e1f950c7","id":"60cc3fdfac97ec05019f0dea","name":"menu","prop":{"textSize":594,"rgb2":"255,255,255","rgb":"113,170,52","attr":[2,3],"textData":"cafe menu\n=========\nTEA - SWEET TEA OR REGULAR WARM TEA IN A SMALL TEA CUP, COMES IN MULTIPLE COLORS!\n\nregular COFFEE - REGULAR COFFEE BUT IN YOUR NORMAL CUP, COMES IN MULTIPLE COLORS!\n\nTAKEOUT COFFEE - REGULAR COFFEE IN A TAKEOUT CUP, COMES IN MULTIPLE COLORS!\n\nfrappe - good for a summer day. \n\ncake - great for birthdays, or for someone who just wants something sweet :)\n\nfuncup - cup cake, but with manyland interacting logic, we had to change the name!\n\ndonut - 'freshly' baked donut straight from our kitchen.\n\n\nmany drink - nothing but a good ol taste of manyland drink(TM) in a can. \n\n\n"}}