{"base":"DYNATHING","creator":"5d4fba9af13b6115e1f950c7","id":"60cc2254d77cf10504b4b219","name":"claw machine","prop":{"attr":[9,2,3],"text":"0: CELLS SHOW, CELL 1 Z-INDEX 6, CELL 3 Z-INDEX 1, CELL 4 PIVOT 14 7, CELL 5 PIVOT 14 7, CELL 6 Z-INDEX 3\n0.1: PLAY SOUND\n0-3: CELL 2 DOWN 2, LEFT 6, CELL 4 DOWN 2, LEFT 6, CELL 5 DOWN 2, LEFT 6\n0-5: CELL 4 ROTATE 35, CELL 5 ROTATE -35\n5-8: CELL 4 ROTATE -35, CELL 5 ROTATE 35, CELL 2 UP 2, CELL 4 UP 2, CELL 5 UP 2, CELL 6 UP 2, ROTATE 20\n8-9: CELL 6 DOWN 9\n8-10: CELL 2 RIGHT 6, CELL 4 RIGHT 6, CELL 5 RIGHT 6\n11: RESTART","clonedFrom":"60cc223f5f18516f1a8b991b"}}