{"base":"INTERACT","creator":"5b57c522bb0f0e678c9f8639","id":"60cd74c0eecc1b1d0a826b1e","name":"claw machine","prop":{"textSize":972,"attr":[1,2,8],"textData":"TOUCHES: *INSERT COIN*\n\nGETS COIN: /claw MACHINE  /DELAY  /DELAY  /DELAY  /PLAYS PLATES CLANKING /gives spiffycaius plush\n\nGETS COIN: /CLAW MACHINE  /DELAY  /DELAY  /DELAY  /PLAYS PLATES CLANKING /GIVES philipp PLUSH\n\nGETS COIN: /CLAW MACHINE  /DELAY  /DELAY  /DELAY  /PLAYS PLATES CLANKING /GIVES shell PLUSH\n\nGETS COIN: /CLAW MACHINE  /DELAY  /DELAY  /DELAY  /PLAYS PLATES CLANKING /GIVES oxygen PLUSH\n\nGETS COIN: /CLAW MACHINE  /DELAY  /DELAY  /DELAY  /PLAYS PLATES CLANKING /GIVES wojna PLUSH\n\nGETS COIN: /CLAW MACHINE  /DELAY  /DELAY  /DELAY  /PLAYS PLATES CLANKING /GIVES luxembourg PLUSH\n\nGETS COIN: /CLAW MACHINE  /DELAY  /DELAY  /DELAY  /PLAYS PLATES CLANKING /GIVES philmor PLUSH\n\nGETS COIN: /CLAW MACHINE  /DELAY  /DELAY  /DELAY  /PLAYS PLATES CLANKING /GIVES skittle PLUSH\n\nGETS COIN: /CLAW MACHINE  /DELAY  /DELAY  /DELAY  /PLAYS PLATES CLANKING /GIVES alca PLUSH\n\nGETS COIN: /CLAW MACHINE  /DELAY  /DELAY  /DELAY  /PLAYS PLATES CLANKING /GIVES pomello PLUSH\n","thingRefs":[["60cc1fb6c1158204fdd3f618","philipp plush"],["60cc1c3ab8728524e4a402d9","shell plush"],["60cc1b257267296f1b63fd45","oxygen plush"],["5e7058a43765196f43987dfd","wojna plush"],["607b6a1ae3deed2597a88835","luxembourg plush"],["6094846d803773306f3575a9","philmor plush"],["5e7050dfb598e40605d66eac","skittle plush"],["5e7050ce9933903f6de07000","pomello plush"],["60cc2254d77cf10504b4b219","claw machine"],["60cc1df7e7282424ea57fa4f","spiffycaius plush"],["60cd684a70c67604fdd0c246","alca plush"]],"clonedFrom":"60cc225ee7282424ea57fa5c"}}