{"base":"INTERACT","creator":"5d4fba9af13b6115e1f950c7","id":"60cd065e9589800505d435eb","name":"cashier","prop":{"textSize":1232,"attr":[8,9],"textData":"hears \"thank you\" or \"thanks\" or \"ty\": yw!\n\nhears \"menu\": here's the menu /shows menu\n\nHEARS tea: here you go. /plays pour liquid in glass /GIVES small ml tea-cup or SMALL ML TEA-CUP 1 or SMALL ML TEA-CUP 2 or SMALL ML TEA-CUP 3 or SMALL ML TEA-CUP 4 or SMALL ML TEA-CUP 5 or SMALL ML TEA-CUP 6\n\nhears regular coffee: here you go. /plays pour liquid in glass /gives coffee or coffee 1 or coffee 2 or coffee 3 or coffee 4 or coffee 5 or coffee 6 or coffee 7 or coffee 8 or coffee 9\n\nHEARS TAKEOUT coffee: HERE YOU GO. /PLAYS POURING WATER /GIVES TAKEOUT COFFEE OR TAKEOUT COFFEE 1 OR TAKEOUT COFFEE 2 OR TAKEOUT COFFEE 3 OR TAKEOUT COFFEE 4 OR TAKEOUT COFFEE 5 OR TAKEOUT COFFEE 6 OR TAKEOUT COFFEE 7 OR TAKEOUT COFFEE 8\n\nHEARS FRAPPE: HERE YOU GO. /PLAYS POURING WATER /GIVES PHIL CHILL FRAPPE\n\nHEARS cake: HERE YOU GO. /plays plates clanking /GIVES cake or harpers cake or pink and purple cake or blue cake or purple cake or cake 1 or cake slice or cake 2 or cake for evie or cake or happybdaycoe cake\n\nhears funcup: here you go. /PLAYS PLATES CLANKING /gives cupcake or evie kawaii cupcake\n\nhears donut: here you go. /PLAYS PLATES CLANKING /gives donut\n\nhears many drink: here you go /plays drinking can open /gives manyland drink","thingRefs":[["53ce432e40a04aa71084b455","pouring water"],["53e6013f4c2ffbda119e75db","phil chill frappe"],["544b497e51827e7a33a24125","donut"],["5e8f86cbbf26582afeb05806","cupcake"],["556a023b7b5d1f140888d96a","evie kawaii cupcake"],["5ec4868046130e060256ac03","harpers cake"],["5e95e6e39ae43006040a814f","pink and purple cake"],["5e6d8414cf9dfc1c463a4bfa","blue cake"],["5e639e4c9029681c453d9788","purple cake"],["5a92e4891e00a3501340e39e","cake 1"],["5a4e49db3e23778f14f5700e","cake slice"],["55412f08e15025410b367927","cake 2"],["53c9543a1cc8be6c0a3758a8","cake for evie"],["5345bc600770c3157800001f","cake"],["54ed3b474c4e659d27ac3817","happybdaycoe cake"],["53c8d28a08f2b1c67b0f1ef0","plates clanking"],["5e8c506096bd8309018eaf3f","pour liquid in glass"],["60cb194bbb28f96f2181befe","small ml tea-cup"],["60cb195505345e04f880d3f8","small ml tea-cup 1"],["60cb1960c327f46f1bca5aa9","small ml tea-cup 2"],["60cb196abb28f96f2181beff","small ml tea-cup 3"],["60cb197630176004fe1a1e72","small ml tea-cup 4"],["60cb1982c14e025e84a9417d","small ml tea-cup 5"],["60cb198dbb28f96f2181bf00","small ml tea-cup 6"],["60cb1a12a4fd546f14569d01","coffee"],["60cb1a17c327f46f1bca5aaa","coffee 1"],["60cb1a1c1beced0505b92059","coffee 2"],["60cb1a21c327f46f1bca5aac","coffee 3"],["60cb1a26bb28f96f2181bf03","coffee 4"],["60cb1a2b9637a85e85b22138","coffee 5"],["60cb1a301beced0505b9205a","coffee 6"],["60cb1a36c327f46f1bca5aae","coffee 7"],["60cb1a3bc327f46f1bca5aaf","coffee 8"],["60cb1a40c946b45e92c42e58","coffee 9"],["60cb1a72c7cfcc5e9d9783dc","takeout coffee"],["60cb1a777d109905043611c2","takeout coffee 1"],["60cb1a7c44616a04fe2c5699","takeout coffee 2"],["60cb1a8130176004fe1a1e73","takeout coffee 3"],["60cb1a86c7cfcc5e9d9783dd","takeout coffee 4"],["60cb1a8a22ae9f04ff9373ac","takeout coffee 5"],["60cb1a8ea4fd546f14569d02","takeout coffee 6"],["60cb1a937d109905043611c3","takeout coffee 7"],["60cb1a97bb28f96f2181bf04","takeout coffee 8"],["5e8c3fef4ad4ec4755349907","drinking can open"],["60cc3fdfac97ec05019f0dea","menu"],["60cc8f480f0cb60505c33348","manyland drink"]],"clonedFrom":"60cb827f7cc9836cd6a2d9bf"}}