{"base":"DYNATHING","creator":"5d4fba9af13b6115e1f950c7","id":"64fe8766b707c92644113d93","name":"the weather channel","prop":{"attr":[2,10],"text":"0s: cell 2 show, crop 5 5 24 24, cell 3 show\n3s: cell 2 hide, cell 4 show, CROP 5 5 24 24\n5s: cell 4 hide, cell 5 show, CROP 5 5 24 24\n7s: cell 5 hide, CELL 6 SHOW, CROP 5 5 24 24\n9s: cell 6 hide, CELL 7 SHOW, CROP 5 5 24 24\n11s: cell 7 hide, CELL 8 SHOW, CROP 5 5 24 24\n13s: cell 8 show, CELL 9 SHOW, CROP 5 5 24 24\n15s: cell 2 show, cell 9 hide restart","clonedFrom":"5dd996d0ef896532ca921855"}}