{"x":-5,"y":-1,"iix":["53acd4c185baa9dd1c146969","537abd276167af213345e3dd","5339d675eda2573004000005","590f219edc0b453314b30e0e","568c351d5196a35f0e6c6b8b","56b1e8b67229f11513e22eec","539221fa0c58f82408570f4a","568ecc4c96a98fc42ef3538a","56f6a681cde763381357957c","5348f75411dec0105f000007","53719ed4df29c9ad1000078a","55c2a23a4fe1bbd81dc89f39","5378b82c639f690602388a99","62fe612eb5188d05a71ee4ae"],"ps":[[3,31,0,0,0,0],[5,31,1,0,0,0],[7,31,2,0,0,0],[5,29,3,0,0,0],[0,31,4,0,0,0],[1,28,5,0,0,0],[3,28,6,0,0,0],[7,29,7,0,0,0],[9,31,8,0,0,0],[11,31,9,0,0,0],[24,30,10,0,0,0],[28,31,11,0,0,0],[26,31,12,0,0,0],[12,29,13,0,0,0],[13,29,13,0,0,0],[14,29,13,0,0,0],[15,29,13,0,0,0],[16,29,13,0,0,0],[17,29,13,0,0,0],[17,30,13,0,0,0],[16,30,13,0,0,0],[15,30,13,0,0,0],[14,30,13,0,0,0],[13,30,13,0,0,0]],"i":{"b":["POINTER","POINTER","POINTER","POINTER","POINTER","POINTER","POINTER","POINTER","POINTER","POINTER","POINTER","POINTER","POINTER","STACKWEARB"],"p":[{"url":"citpm4cxrm"},{"url":"gyzxnwdaqc"},{"url":"vgcsrvv8dy"},{"url":"bee6d4xerz","clonedFrom":"55afaa8d45d1461f1517fba0"},{"url":"fxpwnqiigb","clonedFrom":"558024b4684d7d7e4dab20e0"},{"url":"r3bqm4f6ne"},{"url":"au6vhxkaad"},{"url":"9m7y6q576w","clonedFrom":"558024b4684d7d7e4dab20e0"},{"url":"pv3b2ib5z7"},{"url":"cw6ngwrvib"},{"url":"sa5r2cdfvg"},{"url":"74diceqyts"},{"url":"2ic7pdty66"},{"attr":[3],"clonedFrom":"54b2e0460eae9dc73bea74c2"}],"n":["boops dinner","wolves' den","pokemon place","skittle monument","dunkin donuts ad","candyland door","cursed treasure","dunkin donuts ad","heart","emily's sweets shop! right","pig","the obelisk","to dinnerbag disco","grass man"],"dr":[0,0,0,0,0,0,0,0,0,0,0,0,0,0]}}