{"x":12,"y":0,"iix":["5f49afe58e5bf770cb3a93cd","5ecdd4ca215aa758a706c437","644d7c7f8cb9d405b8593205","644d7cc4847d2e05b66f81b3","64bb1437a75b9d46f32884db","5ab5a142fe62b70fbb4a3b7c","5e236c153dfca54f48c27721","5e236cb07f6d4f0603c29693","63f4152629675056069aa780","611b7286ccd07204fd1e4422","64adc5e195246005c1ddfbf7","63c3c6a89c50be6d7c9b5c85","54ded53324b6bbeb53652472","552c4d9f5dc62ba2461512d1","5d0e93c7bb068c7eac2e8eb3","598e27658690d56d134b0847","62bf98fe4233100265e25486","651ab395b504af3c277539fd","6552a088dfa33a527d492e7d"],"ps":[[2,16,0,1,0,0],[3,14,0,1,0,0],[1,15,0,1,0,0],[1,12,0,3,0,0],[0,11,0,3,0,0],[3,12,0,3,0,0],[0,9,1,0,0,0],[0,7,2,0,0,0],[2,7,2,0,0,0],[2,5,2,0,0,0],[7,7,3,0,0,0],[5,5,3,0,0,0],[0,13,0,1,0,0],[0,12,0,1,0,0],[1,14,0,1,0,0],[1,13,0,1,0,0],[2,15,0,1,0,0],[3,13,0,1,0,0],[4,21,4,0,0,0],[4,12,0,0,0,0],[5,12,0,0,0,0],[6,12,0,0,0,0],[7,12,0,0,0,0],[8,12,0,0,0,0],[9,12,0,0,0,0],[10,12,0,0,0,0],[11,12,0,0,0,0],[4,13,0,1,0,0],[5,13,0,1,0,0],[6,13,0,1,0,0],[7,13,0,1,0,0],[8,13,0,1,0,0],[9,13,0,1,0,0],[10,13,0,1,0,0],[11,13,0,1,0,0],[11,10,5,0,0,0],[13,10,5,0,0,0],[15,10,5,0,0,0],[12,12,0,0,0,0],[13,12,0,0,0,0],[14,12,0,0,0,0],[15,12,0,0,0,0],[16,12,0,0,0,0],[17,12,0,0,0,0],[17,13,0,0,0,0],[16,13,0,0,0,0],[15,13,0,0,0,0],[13,13,0,0,0,0],[14,13,0,0,0,0],[12,13,0,0,0,0],[18,12,0,0,0,0],[19,12,0,0,0,0],[20,12,0,0,0,0],[21,12,0,0,0,0],[22,12,0,0,0,0],[23,12,0,0,0,0],[18,13,0,0,0,0],[19,13,0,0,0,0],[20,13,0,0,0,0],[21,11,6,0,0,0],[23,11,7,0,0,0],[8,11,8,0,0,0],[5,11,9,0,0,0],[14,11,10,0,0,0],[16,11,11,0,0,0],[24,12,0,0,0,0],[25,11,0,0,0,0],[25,12,0,0,0,0],[26,12,0,0,0,0],[27,12,0,0,0,0],[28,12,0,0,0,0],[29,12,0,0,0,0],[26,11,12,0,0,0],[13,9,13,0,0,0],[15,9,13,0,0,0],[3,11,14,0,0,0],[2,12,0,3,0,0],[2,13,0,3,0,0],[2,14,0,3,0,0],[11,9,15,0,0,0],[12,11,16,0,0,0],[10,8,16,0,0,0],[28,7,13,0,0,0],[29,7,13,0,0,0],[25,8,0,0,0,0],[18,11,17,0,0,0],[30,12,0,0,0,0],[31,12,0,0,0,0],[31,13,18,0,0,0],[30,13,18,0,0,0],[29,13,18,0,0,0],[27,13,18,0,0,0],[25,13,18,0,0,0],[26,13,18,0,0,0],[28,13,18,0,0,0],[24,13,18,0,0,0],[21,13,18,0,0,0],[23,13,18,0,0,0],[22,13,18,0,0,0]],"i":{"b":["SOLID","STACKWEARB","DECOBIG","DECOBIG","LIGHT","GATHER","INTERACT","INTERACT","STACKWEARB","STACKWEARB","DYNATHING","DECOBIG","LINER","DYNATHING","STACKWEARB","MNTAIR","INTERACT","DECOTCH","SOLID"],"p":[{"attr":[1]},{"attr":[3],"clonedFrom":"54d58b6b704686c256f87ad4"},{"attr":[6],"clonedFrom":"5f9159980bc20e2a2550d984"},{"clonedFrom":"61d2568473513e05b67420e8"},{"rgb":"13,13,13"},{"attr":[16,14,7]},{"textSize":23,"attr":[1,6],"textData":"enters: \/gives spinball","thingRefs":[["5e093414242d6305fedf85bd","spinball"]]},{"textSize":22,"attr":[6,1],"textData":"enters: \/gives 8bit s2","thingRefs":[["5e093e24f9bcae5338e2b4b2","8bit s2"]]},null,{"info":"Modern Sonic by BlueBlur.\n(C) SEGA & SONICTEAM\nI do not take any credit for the franchise or the character."},{"text":"0S: CELL 1 SHOW, up 1, cell 3 show\n.075S: cells hide, cell 2 show, up 1, cell 4 show\n.15S: cells hide, cell 1 show, cell 5 show\n.225S: cells hide, cell 2 show, cell 6 show\n.3S: RESTART"},null,{"rgb":"255,255,255","attr":[34,5,6,16]},{"attr":[5,3,17,14],"text":"0s: cell 1 show, cell 2 hide, cell 3 hide, cell 4 hide\n0.1s: cell 1 hide, cell 2 show, cell 3 hide, cell 4 hide\n0.3s: cell 1 hide, cell 2 hide, cell 3 show, cell 4 hide\n0.5s: cell 1 hide, cell 2 hide, cell 3 hide, cell 4 show\n0.7s: restart"},null,{"offset":{"y":-19,"x":-3}},{"textSize":249,"attr":[1,6,2,3,8],"textData":"hears reset rings: they don't possess rings\n\nREACHES AND THEY MOVE LEFT: \/THROWS 90 100\nREACHES AND THEY MOVE RIGHT: \/THROWS 90 100\nREACHES AND THEY MOVE UP: \/THROWS 90 100\n\nREACHES AND THEY MOVE DOWN: \/+10 their rings \/break \/BUMPS ABSOLUTE 270 35\n","checksNears":true,"thingRefs":[["62bc67484233100265e2411b","rings"],["62bf978392a19d0263bc5bfb","break"]]},null,{"attr":[1],"clonedFrom":"5f49afe58e5bf770cb3a93cd"}],"n":["grass","red plaid shirt with hat and mask","doctor","eston","sword of shrouded brilliance","xpchambers","impatiant","impaitant","boll sonic 2","modernsonic","master system sonic running","game gear hd","cursor(mac)","bird","hedgehog advance","pocket tails","ring monitor int","ertyui;","grass"],"dr":[0,0,0,0,0,0,0,0,0,0,0,0,0,0,0,0,0,0,0]}}