{"x":-7,"y":-1,"iix":["5f4c4d5ecd069b317bc58c56","5e8c3f057b5ca21e322dbd6e","5e8bb8a61b94d46b257bb0b8","5e8c45362550bd474312cafa","634a6a9158109459f8437a95","634c4caabee86d05b6a59ac1","53ce3fb340a04aa71084b44f","53ce3fe740a04aa71084b452","53ce3fd740a04aa71084b451","5e8bb56fd41c2c1e380a0a58","5e8c44b2da90441e2b58d129","5e8c567e4ad4ec4755349a7e","5e8c4f8d11b552090757d205","60cc9a72722bee7d3fe3948f","60cc99ca7cb9d77d32538ff6","5e8c47bd02dbb66b321dd3d2","5454f6f48e0db743753b5bb5"],"ps":[[13,31,0,0,0,0],[4,31,0,0,0,0],[0,30,0,0,0,0],[1,30,0,0,0,0],[2,29,0,0,0,0],[3,29,0,0,0,0],[4,28,0,0,0,0],[0,29,1,0,0,0],[1,29,2,0,0,0],[0,28,3,0,0,0],[18,30,4,0,0,0],[9,28,5,0,0,0],[1,28,6,0,0,0],[2,28,7,0,0,0],[3,28,8,0,0,0],[5,28,9,0,0,0],[5,27,10,0,0,0],[5,26,11,0,0,0],[5,25,12,0,0,0],[6,27,13,0,0,0],[3,27,14,0,0,0],[4,27,15,0,0,0],[1,26,16,0,0,0],[0,27,16,0,0,0],[1,27,16,0,0,0],[2,27,16,0,0,0],[4,26,16,0,0,0],[3,26,16,0,0,0],[4,25,16,0,0,0],[5,24,16,0,0,0],[6,25,16,0,0,0],[6,26,16,0,0,0],[1,31,0,0,0,0],[0,31,0,0,0,0]],"i":{"b":["LIGHT","SOUND","SOUND","SOUND","CONSUMAB","EQUIPMENT","SOUND","SOUND","SOUND","SOUND","SOUND","SOUND","SOUND","SOUND","SOUND","SOUND","SOLID"],"p":[{"rgb":"54,167,255","attr":[3,2]},{"creditUrl":"https:\/\/assetstore.unity.com\/packages\/audio\/sound-fx\/universal-sound-fx-17256"},{"creditUrl":"https:\/\/assetstore.unity.com\/packages\/audio\/sound-fx\/universal-sound-fx-17256"},{"creditUrl":"https:\/\/assetstore.unity.com\/packages\/audio\/sound-fx\/universal-sound-fx-17256"},{"attr":[4,1]},{"attr":[3]},{"creditUrl":"132925"},{"creditUrl":"177768"},{"creditUrl":"127962"},{"creditUrl":"https:\/\/www.zapsplat.com"},{"creditUrl":"http:\/\/manyland.com\/info#delcoJinx"},{"creditUrl":"https:\/\/www.zapsplat.com"},{"creditUrl":"https:\/\/www.zapsplat.com"},{"creditUrl":"381818"},{"creditUrl":"514487"},{"creditUrl":"https:\/\/assetstore.unity.com\/packages\/audio\/sound-fx\/universal-sound-fx-17256"},null],"n":["cyan or blue sky light","compressed air burst","chainsaw eletric long","horse snort 2","apple","sharp knife!","scary horror background 2","scary horror ghost","scary horror background 3","heartbeat","help me voice raspy","squirrel run by fast","piano bow broken string horror","funny cartoon laughing","funny mouthed blimp","male hooray voice scream","stone"],"dr":[0,0,0,0,0,0,0,0,0,0,0,0,0,0,0,0,0]}}