{"x":5,"y":-1,"iix":["57c044b4115e822d13e2d1e3","5e713fc95b08ad6f3c6bf43a","646b7ff3032c84264cba7070","58ba33432dfa4f8013c3c1fa"],"ps":[[18,29,0,0,0,0],[16,29,0,0,0,0],[14,31,1,0,0,0],[1,25,2,0,0,0],[0,28,2,0,0,0],[2,29,2,0,0,0],[0,23,2,0,0,0],[0,20,2,0,0,0],[2,27,2,0,0,0],[25,31,3,0,0,0]],"i":{"b":["LIGHT","STACKWEARB","LIGHT","DYNATHING"],"p":[{"rgb":"61,216,254","attr":[2]},{"attr":[3],"clonedFrom":"5c302fc63346d405266d5bec"},{"rgb":"0,0,0"},{"text":"0: cells show, cell 2 pivot 7 22, cell 2 rotate 45\n\n0-0.3: cell 2 right 3, cell 3 up 3, cell 4 down 3\n0.3-0.8: cell 2 up 5\n0.8-1.6: cell 2 left 8\n1.6-2.1: cell 2 down 5\n2.1-2.4: cell 2 right 3\n2.4-2.9: cell 2 down 5\n2.9-3.9: cell 2 right 10\n3.9-4.2: cell 2 up 3\n4.2-4.7: cell 2 right 5\n4.7-5.1: cell 2 up 4\n5.1-5.6: cell 2 right 5\n5.6-6.5: cell 2 up 9\n6.5-8.2: cell 2 left 17\n8.2-8.3: cell 2 up 1\n8.3-8.9: cell 2 left 6\n8.9-10.1: cell 2 down 12\n10.1-10.6: cell 2 right 5\n\n0.3-0.9: cell 3 left 6\n0.9-1: cell 3 up 1\n1-1.6: cell 3 left 6\n1.6-2.4: cell 3 up 8\n2.4-4.7: cell 3 right 23\n4.7-5: cell 3 down 3\n5-5.5: cell 3 left 5\n5.5-6.1: cell 3 down 6\n6.1-6.6: cell 3 left 6\n6.6-6.9: cell 3 down 3\n6.9-7.5: cell 3 left 6\n7.5-8.1: cell 3 right 6\n8.1-8.7: cell 3 left 6\n8.7-9: cell 3 up 3\n9-10: cell 3 right 10\n10-10.4: cell 3 left 4\n10.4-10.6: cell 3 down 3\n\n0.3-0.5: cell 4 down 2\n0.5-1.1: cell 4 right 6\n1.1-1.6: cell 4 up 5\n1.6-1.9: cell 4 right 3\n1.9-2.2: cell 4 down 3\n2.2-2.5: cell 4 right 3\n2.5-2.7: cell 4 down 2\n2.7-3.0: cell 4 right 3\n3.0-3.4: cell 4 down 4\n3.4-3.7: cell 4 left 3\n3.7-4.4: cell 4 down 6\n4.4-4.8: cell 4 left 4\n4.8-5.3: cell 4 down 5\n5.3-6.1: cell 4 left 8\n6.1-6.6: cell 4 up 5\n6.6-6.9: cell 4 right 3\n6.9-7.3: cell 4 up 4\n7.3-7.6: cell 4 left 3\n7.6-8.1: cell 4 up 6\n8.1-8.7: cell 4 right 6\n8.7-9.2: cell 4 up 5\n9.2-9.8: cell 4 right 4\n9.8-10.6: cell 4 left 10\n\n\n10.6: restart"}],"n":["blue light","masked basic skin base","yellow skies","pac-man"],"dr":[0,0,0,0]}}