{"x":1,"y":-1,"iix":["5f4b46c8a798300601ccec64","5f53ee2569e1a305353103b0","5f55265a4d6bf86068ca1a9d","5f53edbfe9e28c1b37723feb","5f53ee2aa9537934688960fd","54a59dc53ecdb0de2360159c"],"ps":[[1,31,0,0,0,0],[0,30,1,0,0,0],[1,30,2,0,0,0],[2,30,3,0,0,0],[3,30,3,0,0,0],[4,30,3,0,0,0],[5,30,3,0,0,0],[6,30,3,0,0,0],[8,30,4,0,0,0],[7,30,3,0,0,0],[7,29,0,0,0,0],[8,28,3,0,0,0],[7,28,2,0,0,0],[5,28,1,0,0,0],[6,28,3,0,0,0],[9,28,3,0,0,0],[10,28,3,0,0,0],[12,28,3,0,0,0],[11,28,3,0,0,0],[13,28,4,0,0,0],[0,29,5,0,0,0],[2,29,5,0,0,0],[4,29,5,0,0,0],[6,29,5,0,0,0],[8,29,5,0,0,0],[0,31,5,0,0,0],[2,31,5,0,0,0],[4,31,5,0,0,0],[6,31,5,0,0,0]],"i":{"b":["CLIMB","PASS","CLIMB","PASS","PASS","DYNATHING"],"p":[{"attr":[1]},{"attr":[1]},{"attr":[1]},{"attr":[1]},{"attr":[1]},{"text":"0s: cell 1 show\n0-2: cEll 2 opacity 1\n2-4s: cell 2 opacity 0\n4s: restart"}],"n":["grass ladder","grass platform left edge","grass ladder platform","grass platform","grass platform right edge","q"],"dr":[0,0,0,0,0,0]}}