{"x":0,"y":-1,"iix":["5f4b46c8a798300601ccec64","5f53ee2aa9537934688960fd","5f55265a4d6bf86068ca1a9d","5f53edbfe9e28c1b37723feb","5f53ee2569e1a305353103b0","54a59dc53ecdb0de2360159c"],"ps":[[28,31,0,0,0,0],[29,30,1,0,0,0],[28,30,2,0,0,0],[27,30,3,0,0,0],[26,30,3,0,0,0],[22,30,3,0,0,0],[25,30,3,0,0,0],[24,30,3,0,0,0],[23,30,3,0,0,0],[21,30,4,0,0,0],[27,31,5,0,0,0],[25,31,5,0,0,0],[23,31,5,0,0,0],[29,31,5,0,0,0],[29,29,5,0,0,0],[27,29,5,0,0,0],[25,29,5,0,0,0],[23,29,5,0,0,0],[21,29,5,0,0,0]],"i":{"b":["CLIMB","PASS","CLIMB","PASS","PASS","DYNATHING"],"p":[{"attr":[1]},{"attr":[1]},{"attr":[1]},{"attr":[1]},{"attr":[1]},{"text":"0s: cell 1 show\n0-2: cEll 2 opacity 1\n2-4s: cell 2 opacity 0\n4s: restart"}],"n":["grass ladder","grass platform right edge","grass ladder platform","grass platform","grass platform left edge","q"],"dr":[0,0,0,0,0,0]}}