{"x":4,"y":-1,"iix":["54625ac34930021f0ccb1b51","5f53ee2aa9537934688960fd","5f53edbfe9e28c1b37723feb","5f53ee2569e1a305353103b0","64412ec49fb21633001c0975","5992247b85ee5c76133fdc3f","644804c3e34a52767cf0eb04","64426e0b11b6ff059f553bfb","646dd32ea3dfb305aea84000","646b7ff3032c84264cba7070","646dd455a3dfb305aea84001","5f4c4d5ecd069b317bc58c56","64730ea5a1029c46f4451bdd"],"ps":[[11,30,0,0,0,0],[12,30,0,0,0,0],[10,30,0,0,0,0],[12,31,1,0,0,0],[11,31,2,0,0,0],[10,31,3,0,0,0],[11,27,4,0,0,0],[6,31,5,0,0,0],[5,25,6,0,0,0],[2,30,7,0,0,0],[25,30,8,0,0,0],[25,31,8,0,0,0],[25,29,8,0,0,0],[25,28,8,0,0,0],[25,27,8,0,0,0],[25,26,8,0,0,0],[25,25,8,0,0,0],[25,24,8,0,0,0],[25,23,8,0,0,0],[25,22,8,0,0,0],[25,21,8,0,0,0],[25,20,8,0,0,0],[25,19,8,0,0,0],[30,24,9,0,0,0],[30,27,9,0,0,0],[28,29,9,0,0,0],[30,21,9,0,0,0],[29,17,9,0,0,0],[28,26,9,0,0,0],[27,20,10,0,0,0],[27,23,10,0,0,0],[6,27,11,0,0,0],[31,31,12,0,0,0]],"i":{"b":["MNTAIR","PASS","PASS","PASS","DYNATHING","DECOVBIG","DYNATHING","DYNATHING","CLIMB","LIGHT","LIGHT","LIGHT","DECOVBIG"],"p":[{"attr":[4,6],"offset":{"y":11,"x":-3}},{"attr":[1]},{"attr":[1]},{"attr":[1]},{"text":"*Chara was here =)"},null,{"attr":[4],"emitsId":"5fe5b985a729fa454c2c64ff","text":"KADA WAS <3 -   -\n              0"},{"text":"polandball was here"},null,{"rgb":"0,0,0"},{"rgb":"0,0,0"},{"rgb":"54,167,255","attr":[3,2]},null],"n":["mr. shroom","grass platform right edge","grass platform","grass platform left edge","here","wink wonk","kada was here","hello!","blodely","yellow skies","pink","cyan or blue sky light","jordan carter"],"dr":[0,0,0,0,0,0,0,0,0,0,0,0,0]}}