{"x":-8,"y":-1,"iix":["5f4c4d5ecd069b317bc58c56","638d099fc244be059c74fd01","638d0911c244be059c74fcfd","5e8c55afea5ba61e2cd8af1b","5e8c55a0c38d764744ba3541","5e8bae8e1106d00602f5e5f6","5e8c406dfaea43474af84ae7","53c84bf0cef9c586448efeac","53c7be537953f3385bc5aa71","601d6ae204698005f9a7343e","5e8bb62e7649a505f5e72f8b","55db38c0a61a43ae3a850090","5e8c4e39c262dd05fd7ced22","5e8bb64296bd8309018ea95a","60cc9aa1cd792b7d339ced45","5e8c451c96bd8309018eae8b","53ce42760ecc0c630ccc054e","55db45692071cf402b1875a5","5e8c58fe2550bd474312cd71","5e8bb8f92550bd474312c5cc","53d01aa49b7cae56572002ec","5e8bb430ea5ba61e2cd8a812","60cc9ac4985bd07d39708729","5e8bb42311b552090757cd08","5e8c4cb011b552090757d1f5","53c7c4cc482e90543a3f532d","5e8bb3585b4f5a6b2c171fd4","5e8c4a64da90441e2b58d160","5e8bb12c7b5ca21e322db907","5454f6f48e0db743753b5bb5","638d0814fde7e86d830d5f31"],"ps":[[10,31,0,0,0,0],[20,28,1,0,0,0],[20,31,2,0,0,0],[23,30,3,0,0,0],[24,30,4,0,0,0],[25,30,5,0,0,0],[25,29,6,0,0,0],[24,29,7,0,0,0],[23,29,8,0,0,0],[26,29,9,0,0,0],[25,28,10,0,0,0],[26,28,11,0,0,0],[26,30,12,0,0,0],[24,28,13,0,0,0],[23,28,14,0,0,0],[27,30,15,0,0,0],[27,29,16,0,0,0],[28,30,17,0,0,0],[28,29,18,0,0,0],[29,29,19,0,0,0],[27,28,20,0,0,0],[29,28,21,0,0,0],[28,28,22,0,0,0],[30,29,23,0,0,0],[29,30,24,0,0,0],[30,28,25,0,0,0],[31,28,26,0,0,0],[31,30,0,0,0,0],[30,30,27,0,0,0],[31,29,28,0,0,0],[24,26,29,0,0,0],[23,27,29,0,0,0],[24,27,29,0,0,0],[25,27,29,0,0,0],[26,27,29,0,0,0],[27,27,29,0,0,0],[29,27,29,0,0,0],[28,27,29,0,0,0],[30,27,29,0,0,0],[31,27,29,0,0,0],[17,31,30,0,0,0],[23,31,0,0,0,0],[24,31,0,0,0,0],[30,31,0,0,0,0],[31,31,0,0,0,0],[29,31,0,0,0,0],[28,31,0,0,0,0],[27,31,0,0,0,0],[26,31,0,0,0,0],[25,31,0,0,0,0]],"i":{"b":["LIGHT","DECOVBIG","DECOVBIG","SOUND","SOUND","SOUND","SOUND","SOUND","SOUND","SOUND","SOUND","SOUND","SOUND","SOUND","SOUND","SOUND","SOUND","SOUND","SOUND","SOUND","SOUND","SOUND","SOUND","SOUND","SOUND","SOUND","SOUND","SOUND","SOUND","SOLID","DECOVBIG"],"p":[{"rgb":"54,167,255","attr":[3,2]},{"changerId":"55eeea2280908fea363e2e34"},{"changerId":"55eeea2280908fea363e2e34"},{"creditUrl":"http:\/\/manyland.com\/info#delcoJinx"},{"creditUrl":"http:\/\/manyland.com\/info#delcoJinx"},{"creditUrl":"https:\/\/www.zapsplat.com"},{"creditUrl":"https:\/\/assetstore.unity.com\/packages\/audio\/sound-fx\/universal-sound-fx-17256"},{"creditUrl":"25032"},null,{"creditUrl":"195940"},{"creditUrl":"https:\/\/assetstore.unity.com\/packages\/audio\/sound-fx\/universal-sound-fx-17256"},{"creditUrl":"320371"},{"creditUrl":"http:\/\/manyland.com\/info#delcoJinx"},{"creditUrl":"https:\/\/assetstore.unity.com\/packages\/audio\/sound-fx\/universal-sound-fx-17256"},{"creditUrl":"509390"},{"creditUrl":"https:\/\/www.zapsplat.com"},{"creditUrl":"109662"},{"creditUrl":"199522"},{"creditUrl":"https:\/\/assetstore.unity.com\/packages\/audio\/sound-fx\/universal-sound-fx-17256"},{"creditUrl":"https:\/\/www.zapsplat.com"},{"creditUrl":"69682"},{"creditUrl":"https:\/\/assetstore.unity.com\/packages\/audio\/sound-fx\/universal-sound-fx-17256"},{"creditUrl":"172080"},{"creditUrl":"https:\/\/assetstore.unity.com\/packages\/audio\/sound-fx\/universal-sound-fx-17256"},{"creditUrl":"https:\/\/assetstore.unity.com\/packages\/audio\/sound-fx\/universal-sound-fx-17256"},{"creditUrl":"172876"},{"creditUrl":"https:\/\/assetstore.unity.com\/packages\/audio\/sound-fx\/universal-sound-fx-17256"},{"creditUrl":"https:\/\/assetstore.unity.com\/packages\/audio\/sound-fx\/universal-sound-fx-17256"},null,null,{"changerId":"55eeea2280908fea363e2e34"}],"n":["cyan or blue sky light","grad4","grad3","spooky whispering 3","spooky whispering","bell telephone ring","elevator movement noise","fire with alarm","monkey","song 23","psycho laughter","eerie wobbling","mumbling voice","psycho laughter 3","out of tune school band","horror piano dark","success 2","funny ghost scare","success guitar 2","ghostly pass by","slot machine winning coins 3","kid voice you win","dramatic no echo","kid voice whow","monster effort","magic 9","success xylophone","male voice hey","cow moo","stone","grad1"],"dr":[0,0,0,0,0,0,0,0,0,0,0,0,0,0,0,0,0,0,0,0,0,0,0,0,0,0,0,0,0,0,0]}}