{"x":-1,"y":0,"iix":["621b35483c71521f4b4326f2","5c75e0c4a484200528d64ad9","6275a8ad2079481f4a1e30e5","6267f9df3aecf61c1fd13b6b"],"ps":[[26,17,0,0,0,0],[27,17,0,0,0,0],[30,17,0,0,0,0],[29,17,0,0,0,0],[28,17,0,0,0,0],[25,17,0,0,0,0],[24,17,0,0,0,0],[31,16,1,0,0,0],[29,14,0,0,0,0],[28,14,0,0,0,0],[27,14,0,0,0,0],[28,13,2,0,0,0],[31,17,0,0,0,0],[28,12,3,0,0,0]],"i":{"b":["SOLID","DECOVBIG","DYNATHING","DECO"],"p":[{"attr":[1],"clonedFrom":"5e9a2725f6bceb095b87345e"},null,{"attr":[2],"text":"0: cells 2+3+4+8 show, cell 3 z-index 1, cells 4+5+6+7 bright\n   cell 2 z-index 3\n   cell 3 z-index 2\n   cell 8 z-index 1\n     fill 255 223 145 1, gradient 14 19 38  255 107 19 0\n     shape  -26 -23  52 -23  52 52  26 25  3 25 -26 52\n\n+0.1: CELL 4 HIDE, CELL 5 SHOW\n+0.1: CELL 5 HIDE, CELL 6 SHOW\n+0.1: CELL 6 HIDE, CELL 7 SHOW\n\n+0.1: restart","clonedFrom":"6275a89c20c16a1c2082df91","changerId":"558bff2947ebd32b2c24f14a"},{"clonedFrom":"6267f9d4cc882e04633a182b","changerId":"5d82686bb4c02906036799fa"}],"n":["pirate wood","love meeeee seat ig?","campfire","squirrel person"],"dr":[0,0,0,0]}}