{"x":0,"y":0,"iix":["6264ad98ee34491c18fd9efb","62633c4420c16a1c20828c21","5500f33859c426be287450c0","5a86f4b34728ed5d130f4973","5fb4a10b4f5ebe0529db8eda","5f1255009a223531759eaa18","6269be9220c16a1c2082ad8f","621e771b505cac05b5c2e22a","621b35483c71521f4b4326f2","626350dd20c16a1c20828c4b","6264ed3820c16a1c208293c3","62656e999aea641f4d3540a5","5d60664a82e5e131d9e663af","55f57d6ee396a9772b634c0d","5aa4628592676c5113febbd8","5502aa36ca9c40b251503509","62708fb92ebf981f5c9a2f3c","622fe9edee34491c18fc840e","627090a5f274ea05b1afd0a3","6270905721185e05b73d948b","6270904ef274ea05b1afd0a1","5eec9025efb6e660fc0a5e14","627092343aecf61c1fd15e1c","598f574a903b729113396193","53a8e8557052686d7c47007d","5b3c0c416e9a18390dbf886f","56622ad125813a81067efb6a","6273404a3aecf61c1fd16d18","62759ec93c71521f4b44e216","5c65e78d74f9640aad93a33d","62646adbf4e0d205bda9e16e","5a231821c67d14fb0f408bca","5a519e6a6a69281613213bcd","57f5b456bccf584d13ca5a60","6279b35420c16a1c2082f088","585f4629123643e90fd7a9ef","62733dc9ee34491c18fde289","5503790c76b5e26659b0e09a","5659dc98b1db840c732080b9","59ecbcfc10cf6995133b0801","5a5bcdf275662cba0f1ead2d","5df3d674f6e1e63a2ba5767d","5df3d56fc56b6a357e548e6f","58e90d05c92c0465130123ab","550564f20c02dedc09a661b2","550408b6e5fc8e6c0cb9f259","55033c5a36e5a2141ca3aede","5501f5b6d916e9e642b23716","550409214a1c1312522d6c4c","62fba596d7876605af459f66"],"ps":[[13,18,0,0,0,0],[14,18,0,0,0,0],[15,18,0,0,0,0],[16,18,0,0,0,0],[17,18,0,0,0,0],[18,18,0,0,0,0],[19,18,0,0,0,0],[20,18,0,0,0,0],[21,18,0,0,0,0],[22,18,0,0,0,0],[23,18,0,0,0,0],[21,16,1,0,0,0],[20,16,1,0,0,0],[19,16,1,0,0,0],[18,16,1,0,0,0],[16,16,1,0,0,0],[15,16,1,0,0,0],[14,16,1,0,0,0],[13,16,1,0,0,0],[22,16,1,0,0,0],[23,16,1,0,0,0],[12,14,2,0,0,0],[21,15,3,0,0,0],[24,18,0,0,0,0],[25,18,0,0,0,0],[26,18,0,0,0,0],[24,16,1,0,0,0],[25,16,1,0,0,0],[26,16,1,0,0,0],[24,17,3,0,0,0],[19,15,4,0,0,0],[16,14,5,0,0,0],[24,13,6,0,0,0],[25,15,7,0,0,0],[12,17,8,0,0,0],[11,17,8,0,0,0],[10,17,8,0,0,0],[9,17,8,0,0,0],[8,17,8,0,0,0],[7,17,8,0,0,0],[6,17,8,0,0,0],[16,9,9,0,0,0],[28,18,0,0,0,0],[27,18,0,0,0,0],[27,16,1,0,0,0],[28,16,1,0,0,0],[30,16,1,0,0,0],[31,16,1,0,0,0],[30,18,0,0,0,0],[29,18,0,0,0,0],[31,18,0,0,0,0],[20,13,10,0,0,0],[19,12,11,0,0,0],[17,16,1,0,0,0],[4,17,8,0,0,0],[5,17,8,0,0,0],[3,17,8,0,0,0],[2,17,8,0,0,0],[1,17,8,0,0,0],[9,14,12,0,0,0],[10,14,13,0,0,0],[11,14,14,0,0,0],[12,13,15,0,0,0],[13,8,16,0,0,0],[9,11,17,0,0,0],[10,16,18,0,0,0],[15,13,19,0,0,0],[17,12,20,0,0,0],[28,15,21,0,0,0],[5,16,22,0,0,0],[12,16,23,0,0,0],[7,16,24,0,0,0],[3,16,25,0,0,0],[16,15,26,0,0,0],[14,12,27,0,0,0],[11,12,28,0,0,0],[30,13,29,0,0,0],[26,13,29,0,0,0],[27,13,29,0,0,0],[23,15,30,0,0,0],[31,15,1,0,0,0],[29,15,1,0,0,0],[27,12,31,0,0,0],[28,13,29,0,0,0],[29,13,29,0,0,0],[0,17,8,0,0,0],[29,16,1,0,0,0],[7,13,32,0,0,0],[24,6,33,0,0,0],[23,9,34,0,0,0],[3,13,35,0,0,0],[7,11,36,0,0,0],[8,16,37,0,0,0],[18,9,38,0,0,0],[19,9,39,0,0,0],[19,7,40,0,0,0],[21,9,12,0,0,0],[20,9,41,0,0,0],[22,9,42,0,0,0],[18,7,43,0,0,0],[20,7,44,0,0,0],[21,7,45,0,0,0],[22,7,46,0,0,0],[23,7,47,0,0,0],[24,7,48,0,0,0],[15,11,49,0,0,0]],"i":{"b":["DYNATHING","PASS","CHANGER","DECOFB","HOLDER","STACKWEARB","STACKWEARB","DYNATHING","SOLID","STACKWEARB","DYNATHING","HOLDER","CHANGER","CHANGER","CHANGER","CHANGER","DYNATHING","STACKWEARB","STACKWEARB","DYNATHING","DYNATHING","LINER","HOLDER","HOLDER","STACKHOLD","DECO","DECOBIG","DYNATHING","DYNATHING","PASS","HOLDER","DECOVBIG","CHANGER","FARBACK","LIGHT","DYNATHING","STACKWEARB","HOLDER","CHANGER","CHANGER","CHANGER","CHANGER","CHANGER","CHANGER","CHANGER","CHANGER","CHANGER","CHANGER","CHANGER","DECO"],"p":[{"attr":[8],"text":"0: cells show\ncell 1 up 10\ncell 2 up 39"},{"attr":[4]},{"textSize":1929,"attr":[1],"textData":"function change(creation) {\n    return draw(creation);\n}\n\nfunction draw(creation){\n    convertToFullColor(creation);\n\n    var cells = creation.cells;\n    var width = cells[0].length;\n    var height = cells[0][0].length;\n    var viewRange = {\n        x : -1,\n        y : -1,\n        w : 2,\n        h : 2\n    };\n    viewRange.cellWidth = viewRange.w \/ 3;\n    viewRange.cellHeight = viewRange.h \/ 3;\n    \n    var x, y, cx, cy;\n\n    if(cells.length != 9){\n        creation.feedback = \"Requires a 3x3 grid of cells.\";\n        return creation;\n    }\n\n    for(var n = 0; n < 9; n++){\n        var cellx = n % 3;\n        var celly = Math.floor(n \/ 3);\n        for (var x = 0; x < width; x++) {\n            for (var y = 0; y < height; y++) {\n                cells[n][x][y] = colour(\n                    x, y,\n                    viewRange.x + viewRange.cellWidth * cellx,\n                    viewRange.y + viewRange.cellHeight * celly,\n                    viewRange.cellWidth,\n                    viewRange.cellHeight\n                );\n            }\n        }\n    }\n\n\n    return creation;\n}\n\nfunction colour(x, y, xoffset, yoffset, xrange, yrange){\n    var rval = { red : 0, green : 0, blue : 0, alpha : 1 };\n    var accuracy = 512;\n    var x_resolution = 29, y_resolution = 29;\n    var c = (xrange \/ x_resolution) * x + xoffset;\n    var ci = (yrange \/ y_resolution) * y + yoffset;\n    var count = 0;\n    var z = 0, zi = 0, zsq = 0;\n    var zisq = 0, nz = 0, nzi = 0;\n\n    while((count <= accuracy) && ((zsq + zisq) < 4.)){\n        nz = zsq - zisq;\n        nzi = (z * zi) * 2;\n        z = nz + c;\n        zi = nzi + ci;\n        zsq = z * z;\n        zisq = zi * zi;\n        count++;\n    }\n\n    if(count <= accuracy){\n        rval.red = Math.floor(128 - Math.sin(count \/ 30) * 127);\n        rval.green = Math.floor(128 - Math.cos(count \/ 30) * 127);\n        rval.blue = Math.floor(128 + Math.sin(count \/ 30) * 127);\n    }\n    return rval;\n}"},null,{"attr":[18],"clonedFrom":"5fb49c8645be1344df12c85f"},{"info":"Based off of a real slug named \"seabunny\". Their antlers resemble bunny ears, which is how they got their name.\n\nhttps:\/\/www.youtube.com\/watch?v=gwz6FZrgyRk"},{"attr":[5]},{"attr":[2],"text":"0: cells 2+3+4+8 show, cell 3 z-index 1, cells 4+5+6+7 bright\n   cell 2 z-index 3\n   cell 3 z-index 2\n   cell 8 z-index 1\n     fill 255 223 145 1, gradient 14 19 38  255 107 19 0\n     shape  -26 -23  52 -23  52 52  26 25  3 25 -26 52\n\n+0.1: CELL 4 HIDE, CELL 5 SHOW\n+0.1: CELL 5 HIDE, CELL 6 SHOW\n+0.1: CELL 6 HIDE, CELL 7 SHOW\n\n+0.1: restart"},{"attr":[1],"clonedFrom":"5e9a2725f6bceb095b87345e"},null,{"text":".-slender-broken-. was here"},{"attr":[14]},{"textSize":1055,"attr":[1],"textData":"function change(creation) {\n    convertToFullColor(creation);\n    var lightPoint = {\n          x: creation.cells[0].length >> 2,\n          y: creation.cells[0].length >> 2\n    };\n    var cell = creation.cells[creation.info.selectedCell];\n    var ratio, delta;\n    for(var x = 0; x < cell.length; x++) { \n        for(var y = 0; y < cell[x].length; y++) {\n        \n            if( cell[x][y].alpha == 0) continue;\n            delta = distanceSq(x, y, lightPoint.x, lightPoint.y);\n            if(delta < 1) continue;\n\/\/            ratio = 1 \/ Math.pow(Math.log(Math.E + delta \/ cell.length), .5);\n            ratio = 1 \/ Math.pow(1 + .1 \/ cell.length, delta);\n            cell[x][y] = { \n                red: toLimit(cell[x][y].red * ratio, 0, 255),\n                green: toLimit(cell[x][y].green * ratio, 0, 255),\n                blue: toLimit(cell[x][y].blue * ratio, 0, 255),\n                alpha: cell[x][y].alpha};\n        }\n    }\n    return creation;\n}\n\nfunction distanceSq(x1, y1, x2, y2){\n    return (x1 - x2) * (x1 - x2) + (y1 - y2) * (y1 - y2);\n}","clonedFrom":"5504c5c8a0f612f152e791e6"},{"textSize":2259,"attr":[1],"textData":"function change(creation) {  \n    convertToFullColor(creation); \n     \n    var blur = [ [1\/9, 1\/9, 1\/9], \n                 [1\/9, 1\/9, 1\/9], \n                 [1\/9, 1\/9, 1\/9] ]; \n\n    applyFilter(creation, blur); \n    creation.name = prefixName(creation, 'blurry'); \n \n    return creation;  \n} \n \nfunction prefixName(creation, prefix) { \n    var name = creation.name; \n    if ( name.indexOf(prefix) === -1 && \n            (prefix + ' ' + name).length <= creation.info.nameMaxLength ) { \n        name = prefix + ' ' + name; \n    } \n    return name; \n} \n\nfunction applyFilter(creation, matrix) { \n    var maxColor = 255; \n     \n    var sourceCells = cloneObject(creation.cells); \n    var cells = creation.cells;  \n    var width = cells[0].length;   \n    var height = cells[0][0].length; \n     \n    for (var cell = 0; cell < cells.length; cell++) {   \n        for (var x = 0; x < width; x++) {   \n            for (var y = 0; y < height; y++) {   \n                 \n                var red = 0, green = 0, blue = 0, alpha = 0; \n                for (var xOff = -1; xOff <= 1; xOff++) { \n                    for (var yOff = -1; yOff <= 1; yOff++) { \n                        var weight = matrix[yOff + 1][xOff + 1]; \n                        var sourceCell = sourceCells[cell];\n                        var sourcePixel = sourceCells[cell][x][y];\n                        if (sourceCell[x + xOff] &&\n                                sourceCell[x + xOff][y + yOff] &&\n                                sourceCell[x + xOff][y + yOff].alpha == 0) {\n                            sourcePixel = sourceCell[x + xOff][y + yOff];\n                        }\n                        red   += sourcePixel.red * weight; \n                        green += sourcePixel.green * weight; \n                        blue  += sourcePixel.blue * weight; \n                        alpha  += sourcePixel.alpha * weight\n                    }                 \n                } \n                \n                cells[cell][x][y] = { \n                        red: toLimit(red, 0, maxColor), \n                        green: toLimit(green, 0, maxColor), \n                        blue: toLimit(blue, 0, maxColor), \n                        alpha: toLimit(alpha, 0, 1)}; \n            }   \n        }   \n    } \n}","clonedFrom":"55007504f87afd261db2c06a"},{"textSize":2188,"attr":[1],"textData":"function change(creation) {  \n    convertToFullColor(creation); \n     \n    var blur = [ [0, 0, 0], \n                 [.3, .4, .3], \n                 [0, 0, 0] ]; \n\n    applyFilter(creation, blur); \n    creation.name = prefixName(creation, 'blurry'); \n \n    return creation;  \n} \n \nfunction prefixName(creation, prefix) { \n    var name = creation.name; \n    if ( name.indexOf(prefix) === -1 && \n            (prefix + ' ' + name).length <= creation.info.nameMaxLength ) { \n        name = prefix + ' ' + name; \n    } \n    return name; \n} \n\nfunction applyFilter(creation, matrix) { \n    var maxColor = 255; \n     \n    var sourceCells = cloneObject(creation.cells); \n    var cells = creation.cells;  \n    var width = cells[0].length;   \n    var height = cells[0][0].length; \n     \n    for (var cell = 0; cell < cells.length; cell++) {   \n        for (var x = 0; x < width; x++) {   \n            for (var y = 0; y < height; y++) {   \n                 \n                var red = 0, green = 0, blue = 0, alpha = 0; \n                for (var xOff = -1; xOff <= 1; xOff++) { \n                    for (var yOff = -1; yOff <= 1; yOff++) { \n                        var weight = matrix[yOff + 1][xOff + 1]; \n                        var sourceCell = sourceCells[cell];\n                        var sourcePixel = sourceCells[cell][x][y];\n                        if (sourceCell[x + xOff] &&\n                                sourceCell[x + xOff][y + yOff]) {\n                            sourcePixel = sourceCell[x + xOff][y + yOff];\n                        }\n                        red   += sourcePixel.red * weight; \n                        green += sourcePixel.green * weight; \n                        blue  += sourcePixel.blue * weight; \n                        alpha  += sourcePixel.alpha * weight; \n                    }                 \n                } \n                \n                cells[cell][x][y] = { \n                        red: toLimit(red, 0, maxColor), \n                        green: toLimit(green, 0, maxColor), \n                        blue: toLimit(blue, 0, maxColor), \n                        alpha: alpha < 0 ? 0 : (alpha > 1 ? 1 : alpha)}; \n            }   \n        }   \n    } \n}","clonedFrom":"55007504f87afd261db2c06a"},{"textSize":947,"attr":[1],"textData":"function change(creation) { \n    return ghostify(creation); \n}\n\nfunction ghostify(creation) {\n    var colorIsUsed = [];\n    for (var i = 0; i < creation.colors.length; i++) { \n        if (colorIsUsed[i] === undefined) {\n            colorIsUsed[i] = getColorIsUsed(creation, i);\n        }\n        \n        if (colorIsUsed[i] && creation.colors[i].alpha > .5) {\n            creation.colors[i].alpha = .5;\n        }\n    } \n    return creation;\n}\n\nfunction getColorIsUsed(creation, colorIndex) {\n    var isUsed = false;\n    \n    var cells = creation.cells;   \n    var width = cells[0].length;    \n    var height = cells[0][0].length;  \n    \n    for (var cell = 0; cell < cells.length && !isUsed; cell++) {    \n        for (var x = 0; x < width && !isUsed; x++) {    \n            for (var y = 0; y < height && !isUsed; y++) {    \n                isUsed = creation.cells[cell][x][y] == colorIndex;\n            }\n        }\n    }\n    \n    return isUsed;\n}"},{"attr":[2],"text":"0: cells show, cell 4 left 29, cell 2 up 29, cell 8 down 29, cell 6 right 29, cell 1 up 29, left 29, cell 3 up 29, right 29, cell 9 down 29, right 29, cell 7 down 29, left 29","clonedFrom":"62708eb63aecf61c1fd15e0f","changerId":"5500f33859c426be287450c0"},{"attr":[3],"clonedFrom":"5fb54f6afef86e4405967852"},{"attr":[3],"clonedFrom":"622fe9edee34491c18fc840e","changerId":"5d60664a82e5e131d9e663af"},{"attr":[2,5],"text":"0s: cell 1 show, cell 8 show\n.1s: cell 1 hide, cell 2 show\n.2s: cell 2 hide, cell 3 show\n.3s: cell 3 hide, cell 4 show\n.4s: cell 4 hide, cell 5 show\n.5s: cell 5 hide, cell 6 show\n.55s: cell 6 hide, cell 7 show\n.7s: restart\nclimb:\n0s: cells hide\n0s: restart","clonedFrom":"6270904ef274ea05b1afd0a1","changerId":"558bff2947ebd32b2c24f14a"},{"attr":[2,5],"text":"0s: cell 1 show, cell 8 show\n.1s: cell 1 hide, cell 2 show\n.2s: cell 2 hide, cell 3 show\n.3s: cell 3 hide, cell 4 show\n.4s: cell 4 hide, cell 5 show\n.5s: cell 5 hide, cell 6 show\n.55s: cell 6 hide, cell 7 show\n.7s: restart\nclimb:\n0s: cells hide\n0s: restart","clonedFrom":"57428734fa18410713a351f3"},{"rgb":"255,199,0","attr":[16,5,9]},{"attr":[18,21,5,14],"clonedFrom":"6136bc1763346a04fcfd308c"},{"rgb":"118,84,0","attr":[18,6,16,20],"backTileCount":"8,8","clonedFrom":"5503790c76b5e26659b0e09a"},null,null,null,{"attr":[2,5],"text":"0s: cell 1 show, cell 8 show\n.1s: cell 1 hide, cell 2 show\n.2s: cell 2 hide, cell 3 show\n.3s: cell 3 hide, cell 4 show\n.4s: cell 4 hide, cell 5 show\n.5s: cell 5 hide, cell 6 show\n.55s: cell 6 hide, cell 7 show\n.7s: restart\nclimb:\n0s: cells hide\n0s: restart","clonedFrom":"609c531dadb76e258ac372c6","changerId":"558bff2947ebd32b2c24f14a"},{"attr":[2],"text":"0.0-4s:cell 1 show\n4.01-8s:cell 1 hide\n8.01s:restart","clonedFrom":"62759ec591459a05b967e5a4","changerId":"558bff2947ebd32b2c24f14a"},{"attr":[1],"clonedFrom":"5c65005c62d26943fb257baa"},null,null,{"textSize":1373,"attr":[1],"textData":"function change(creation) {  \n    convertToFullColor(creation); \n    fadeOut(creation, 1, 0); \n    creation.name = prefixName(creation, 'faded'); \n \n    return creation;  \n} \n \nfunction prefixName(creation, prefix) { \n    var name = creation.name; \n    if ( name.indexOf(prefix) === -1 && \n            (prefix + ' ' + name).length <= creation.info.nameMaxLength ) { \n        name = prefix + ' ' + name; \n    } \n    return name; \n} \n\n\nfunction fadeOut(creation, startfade, endfade){\n    var maxColor = 255; \n    var ratio;\n    var sourceCells = cloneObject(creation.cells); \n    var cells = creation.cells;  \n    var width = cells[0].length;   \n    var height = cells[0][0].length; \n    if(endfade > startfade){\n        endfade += startfade;\n        startfade = endfade - startfade;\n        endfade -= startfade;\n    }\n\n    for (var cell = 0; cell < cells.length; cell++) {   \n        for (var y = 0; y < height; y++) {\n            ratio = 1 - ((y \/ height) * (startfade - endfade));\n            for (var x = 0; x < width; x++) {  \n                                 \n                cells[cell][x][y] = {\n                    red : cells[cell][x][y].red,\n                    green : cells[cell][x][y].green,\n                    blue : cells[cell][x][y].blue,\n                    alpha : cells[cell][x][y].alpha * ratio\n                }\n            }   \n        }   \n    } \n\n}","clonedFrom":"5502aa36ca9c40b251503509"},{"rgb":"175,208,198","attr":[8],"text":"-133 -35 Cell 1\n-95 -12 CELL 2\n-57 -12 cell 3\n-57 26 cell 4\n-19 26 cell 5\n-19 -12 cell 6\n19 -12 cell 7\n19 26 cell 8\n57 -12 Cell 9\n\n38 26"},{"rgb":"255,215,189"},{"text":"0: CELL 1 OPACITY 1, FONT BIG, CELL 1 DOWN 5, TEXT [PEOPLE]"},{"attr":[3],"clonedFrom":"5d1fcab77864e505f63d87f8"},{"rgb":"118,84,0","attr":[18,6,5,15],"backTileCount":"5,5","clonedFrom":"55018c6bfe6750b40b58aa6f"},{"textSize":455,"attr":[1],"textData":"function change(creation) { \n    return pastel(creation, 224); \n}\n\nfunction pastel(creation, maxval) {\n    var scale = maxval \/ 255;\n    for (var n = 0; n < creation.colors.length; n++) { \n        creation.colors[n].red = Math.round(creation.colors[n].red * scale);\n        creation.colors[n].green = Math.round(creation.colors[n].green * scale);\n        creation.colors[n].blue = Math.round(creation.colors[n].blue * scale);\n    } \n    return creation;\n}","clonedFrom":"5502aa36ca9c40b251503509"},{"textSize":455,"attr":[1],"textData":"function change(creation) { \n    return pastel(creation, 128); \n}\n\nfunction pastel(creation, maxval) {\n    var scale = maxval \/ 255;\n    for (var n = 0; n < creation.colors.length; n++) { \n        creation.colors[n].red = Math.round(creation.colors[n].red * scale);\n        creation.colors[n].green = Math.round(creation.colors[n].green * scale);\n        creation.colors[n].blue = Math.round(creation.colors[n].blue * scale);\n    } \n    return creation;\n}","clonedFrom":"5502aa36ca9c40b251503509"},{"textSize":1473,"attr":[1],"textData":"function change(creation) {  \n    convertToFullColor(creation); \n    fadeOut(creation, 1, 0); \n    creation.name = prefixName(creation, 'faded'); \n \n    return creation;  \n} \n \nfunction prefixName(creation, prefix) { \n    var name = creation.name; \n    if ( name.indexOf(prefix) === -1 && \n            (prefix + ' ' + name).length <= creation.info.nameMaxLength ) { \n        name = prefix + ' ' + name; \n    } \n    return name; \n} \n\n\nfunction fadeOut(creation, startfade, endfade){\n    var maxColor = 255; \n    var ratio;\n    var sourceCells = cloneObject(creation.cells); \n    var cells = creation.cells;  \n    var width = cells[0].length;   \n    var height = cells[0][0].length; \n    if(endfade > startfade){\n        endfade += startfade;\n        startfade = endfade - startfade;\n        endfade -= startfade;\n    }\n\n    for (var cell = 0; cell < cells.length; cell++) {   \n        for (var y = 0; y < height; y++) {\n            ratio = 1 - ((y \/ height) * (startfade - endfade));\n            for (var x = 0; x < width; x++) {  \n                                 \n                cells[cell][x][y] = {\n                    red : (cells[cell][x][y].red * (height - y) + 255 * y) \/ height,\n                    green : (cells[cell][x][y].green * (height - y) + 255 * y) \/ height,\n                    blue : (cells[cell][x][y].blue * (height - y) + 255 * y) \/ height,\n                    alpha : cells[cell][x][y].alpha\n                }\n            }   \n        }   \n    } \n\n}","clonedFrom":"5502aa36ca9c40b251503509"},{"textSize":3287,"attr":[1],"textData":"\/*\n\nThis changer does two things to give blocks a look of being submerged in water:\n\n1: move all colours toward a greenish blue by a certain amount\n2: blur the picture slightly\n\nTo change the colour to which the item is biased, you can alter the value of \"targetColour\" in the changer function.\nThe blur matrix describes how much blur is applied, and can also be altered if you wish.\n\n*\/\nfunction change(creation) {  \n    var targetColour = {red: 67, green: 160,blue: 130, alpha: 1};\n    creation = underWaternate(creation, targetColour);\n    convertToFullColor(creation); \n     \n    var blur = [ [.04, .07, .04], \n                 [.07, .6, .07], \n                 [.04, .07, .04] ]; \n\n    applyFilter(creation, blur); \n \n    return creation;  \n} \n\n\nfunction underWaternate(creation, targetColour) { \n    var i, c;\n    var weight = .5;\n    var newColour;\n    \n    for (var i = 0; i < creation.colors.length; i++) { \n        if( i == 11){\n            continue;\n        }\n        newColour = {'red' : 0, 'green': 0, 'blue': 0, 'alpha' : 0};\n        for(c in newColour){\n         \n          newColour[c] = creation.colors[i][c] * (1 - weight) \n                      + targetColour[c] * weight;\n          if(c == 'alpha'){\n              newColour[c] = newColour[c] < 0 ? 0 : (newColour[c] > 1 ? 1 : newColour[c]);\n          }else{\n              newColour[c] = Math.round(newColour[c]);\n              newColour[c] = newColour[c] < 0 ? 0 : (newColour[c] > 255 ? 255 : newColour[c]);\n          }\n        }\n        creation.colors[i] = newColour;\n    } \n    return creation;\n}\n\n \nfunction applyFilter(creation, matrix) { \n    var maxColor = 255; \n     \n    var sourceCells = cloneObject(creation.cells); \n    var cells = creation.cells;  \n    var width = cells[0].length;   \n    var height = cells[0][0].length; \n    var cell = creation.info.selectedCell;\n        for (var x = 0; x < width; x++) {   \n            for (var y = 0; y < height; y++) {   \n                if(creation.cells[cell][x][y].alpha == 0){\n                    \/\/continue;\n                }\n                var red = 0, green = 0, blue = 0, alpha = 0; \n                for (var xOff = 0; xOff <= 1; xOff++) { \n                    for (var yOff = -1; yOff <= 1; yOff++) { \n                        var weight = matrix[yOff + 1][xOff + 1]; \n                        var sourceCell = sourceCells[cell];\n                        var sourcePixel = sourceCells[cell][x][y];\n                        if (sourceCell[x + xOff] &&\n                                sourceCell[x + xOff][y + yOff]) {\n                            sourcePixel = sourceCell[x + xOff][y + yOff];\n                        }\n                        red   += sourcePixel.red * weight; \n                        green += sourcePixel.green * weight; \n                        blue  += sourcePixel.blue * weight; \n                        alpha  += sourcePixel.alpha * weight; \n                    }                 \n                } \n                \n                cells[cell][x][y] = { \n                        red: toLimit(red, 0, maxColor), \n                        green: toLimit(green, 0, maxColor), \n                        blue: toLimit(blue, 0, maxColor), \n                        alpha: alpha < 0 ? 0 : (alpha > 1 ? 1 : alpha)}; \n            }   \n        } \n}\n\n","clonedFrom":"55007504f87afd261db2c06a","changerId":"5aecb5efe56dd212eb825b47"},{"textSize":3287,"attr":[1],"textData":"\/*\n\nThis changer does two things to give blocks a look of being submerged in water:\n\n1: move all colours toward a greenish blue by a certain amount\n2: blur the picture slightly\n\nTo change the colour to which the item is biased, you can alter the value of \"targetColour\" in the changer function.\nThe blur matrix describes how much blur is applied, and can also be altered if you wish.\n\n*\/\nfunction change(creation) {  \n    var targetColour = {red: 67, green: 130,blue: 160, alpha: 1};\n    creation = underWaternate(creation, targetColour);\n    convertToFullColor(creation); \n     \n    var blur = [ [.04, .07, .04], \n                 [.07, .6, .07], \n                 [.04, .07, .04] ]; \n\n    applyFilter(creation, blur); \n \n    return creation;  \n} \n\n\nfunction underWaternate(creation, targetColour) { \n    var i, c;\n    var weight = .5;\n    var newColour;\n    \n    for (var i = 0; i < creation.colors.length; i++) { \n        if( i == 11){\n            continue;\n        }\n        newColour = {'red' : 0, 'green': 0, 'blue': 0, 'alpha' : 0};\n        for(c in newColour){\n         \n          newColour[c] = creation.colors[i][c] * (1 - weight) \n                      + targetColour[c] * weight;\n          if(c == 'alpha'){\n              newColour[c] = newColour[c] < 0 ? 0 : (newColour[c] > 1 ? 1 : newColour[c]);\n          }else{\n              newColour[c] = Math.round(newColour[c]);\n              newColour[c] = newColour[c] < 0 ? 0 : (newColour[c] > 255 ? 255 : newColour[c]);\n          }\n        }\n        creation.colors[i] = newColour;\n    } \n    return creation;\n}\n\n \nfunction applyFilter(creation, matrix) { \n    var maxColor = 255; \n     \n    var sourceCells = cloneObject(creation.cells); \n    var cells = creation.cells;  \n    var width = cells[0].length;   \n    var height = cells[0][0].length; \n    var cell = creation.info.selectedCell;\n        for (var x = 0; x < width; x++) {   \n            for (var y = 0; y < height; y++) {   \n                if(creation.cells[cell][x][y].alpha == 0){\n                    \/\/continue;\n                }\n                var red = 0, green = 0, blue = 0, alpha = 0; \n                for (var xOff = 0; xOff <= 1; xOff++) { \n                    for (var yOff = -1; yOff <= 1; yOff++) { \n                        var weight = matrix[yOff + 1][xOff + 1]; \n                        var sourceCell = sourceCells[cell];\n                        var sourcePixel = sourceCells[cell][x][y];\n                        if (sourceCell[x + xOff] &&\n                                sourceCell[x + xOff][y + yOff]) {\n                            sourcePixel = sourceCell[x + xOff][y + yOff];\n                        }\n                        red   += sourcePixel.red * weight; \n                        green += sourcePixel.green * weight; \n                        blue  += sourcePixel.blue * weight; \n                        alpha  += sourcePixel.alpha * weight; \n                    }                 \n                } \n                \n                cells[cell][x][y] = { \n                        red: toLimit(red, 0, maxColor), \n                        green: toLimit(green, 0, maxColor), \n                        blue: toLimit(blue, 0, maxColor), \n                        alpha: alpha < 0 ? 0 : (alpha > 1 ? 1 : alpha)}; \n            }   \n        } \n}\n\n","clonedFrom":"55007504f87afd261db2c06a","changerId":"5b57729c38e0f30f58b28d7b"},{"textSize":912,"attr":[1],"textData":"function change(creation) { \n    return negative(creation); \n}\n\nfunction negative(creation) {\n    var colorIsUsed = [];\n    for (var i = 0; i < creation.colors.length; i++) { \n        if (colorIsUsed[i] === undefined) {\n            colorIsUsed[i] = getColorIsUsed(creation, i);\n        }\n        \n        if (colorIsUsed[i]) {\n            creation.colors[i].alpha = 1\n        }\n    } \n    return creation;\n}\n\nfunction getColorIsUsed(creation, colorIndex) {\n    var isUsed = false;\n    \n    var cells = creation.cells;   \n    var width = cells[0].length;    \n    var height = cells[0][0].length;  \n    \n    for (var cell = 0; cell < cells.length && !isUsed; cell++) {    \n        for (var x = 0; x < width && !isUsed; x++) {    \n            for (var y = 0; y < height && !isUsed; y++) {    \n                isUsed = creation.cells[cell][x][y] == colorIndex;\n            }\n        }\n    }\n    \n    return isUsed;\n}","clonedFrom":"5502aa36ca9c40b251503509"},{"textSize":1679,"attr":[1],"textData":"function change(creation) { \n    convertToFullColor(creation);\n    return freeze(creation); \n} \n\nfunction freeze(creation) { \n    var cellsOld = cloneObject(creation.cells);\n    var cells = creation.cells; \n    var width = cells[0].length; \n    var height = cells[0][0].length; \n    var snowColor = {red: 235, green: 235, blue: 255, alpha: 1}; \n\n    for (var cell = 0; cell < cells.length; cell++) { \n        for (var x = 0; x < width; x++) { \n            for (var y = 0; y < height; y++) { \n            \n                var above = y >= 1 ? cellsOld[cell][x][y - 1] : null;\n                var below = y < height - 1 ? cellsOld[cell][x][y + 1] : null;\n                if ( cells[cell][x][y].alpha > 0 ) {\n                    if (!above || above.alpha == 0) {\n                        cells[cell][x][y] = snowColor; \n\n                        if (below && below.alpha > 0) {\n                            cells[cell][x][y + 1] = getMixedColor( \n                                    snowColor, cells[cell][x][y + 1] ); \n                        }\n                    }\n                    else {\n                        cells[cell][x][y].blue = toLimit(\n                                cells[cell][x][y].blue * 1.01, 0, 255);\n                    }\n\n                }\n                \n            } \n        } \n    } \n\n    return creation; \n}\n\nfunction getMixedColor(rgba1, rgba2) {\n    var rgbaMixed = {};\n    rgbaMixed.red = Math.floor( (rgba1.red + rgba2.red) * .5 );\n    rgbaMixed.green = Math.floor( (rgba1.green + rgba2.green) * .5 );\n    rgbaMixed.blue = Math.floor( (rgba1.blue + rgba2.blue) * .5 );\n    rgbaMixed.alpha = (rgba1.alpha + rgba2.alpha) * .5;\n    return rgbaMixed;\n}"},{"textSize":650,"attr":[1],"textData":"function change(creation) {\n  convertToFullColor(creation);\n  var cells = creation.cells;\n  var width = cells[0].length;\n  var height = cells[0][0].length;\n\n  for(var y = 0; y < height; y++) {\n    for(var x = 0; x < width; x++) {\n      var val = 0.21 * cells[0][x][y].red + 0.72 * cells[0][x][y].green + 0.07 * cells[0][x][y].blue;\n      cells[0][x][y] = {\n                     red: toLimit(val * 1.5, 0, 255),\n                     green: toLimit(val * 1.5, 0, 255),\n                     blue: toLimit(val * 1.5, 0, 255),\n                     alpha: cells[0][x][y].alpha\n                   };\n    }\n  }\n  creation.cells = cells;\n  return creation;\n}\n","clonedFrom":"55018c6bfe6750b40b58aa6f"},{"textSize":648,"attr":[1],"textData":"function change(creation) {\n  convertToFullColor(creation);\n  var cells = creation.cells;\n\n  for(var i=0; i<cells.length;i++) {\n    var width = cells[i].length;\n    var height = cells[i][0].length;\n    for(var y = 0; y < height; y++) {\n      for(var x = 0; x < width; x++) {\n        var val = 0.21 * cells[i][x][y].red + 0.72 * cells[i][x][y].green + 0.07 * cells[i][x][y].blue;\n        cells[i][x][y] = {\n                       red: val,\n                       green: val,\n                       blue: val,\n                       alpha: cells[i][x][y].alpha\n                     };\n      }\n    }\n  }\n  creation.cells = cells;\n  return creation;\n}\n","clonedFrom":"55018c6bfe6750b40b58aa6f"},{"textSize":1654,"attr":[1],"textData":"function change(creation) { \n    convertToFullColor(creation);\n    creation = burnHoles(creation);\n    return creation;\n}\n\nfunction burnHoles(creation) {\n    var width = creation.cells[0].length; \n    var height = creation.cells[0][0].length; \n    var maxColor = 255;\n\n    var padding = 4;\n   \n    for (var c = 0; c < creation.cells.length; c++) { \n        var cell = creation.cells[c];\n        var maxHoles = getRandomInt(3, 5);\n        for (var holeI = 1; holeI <= maxHoles; holeI++) {\n            var x = getRandomInt(0 + padding, width - padding);\n            var y = getRandomInt(0 + padding, height - padding);\n            \n            for (var i = 1; i <= 30; i++) {\n                var rX = fuzzy(x, 2);\n                var rY = fuzzy(y, 2);\n                var pixel = cell[rX][rY];\n                \n                if (cell[rX][rY].alpha > 0) {\n                \n                    cell[rX][rY] = {\n                            red: pixel.red * .9,\n                            green: pixel.green * .8,\n                            blue: pixel.blue * .8,\n                            alpha: pixel.alpha};\n                            \n                    cell[rX][rY] = colorToLimit(cell[rX][rY]);\n                    \n                }\n                \n            }\n\n        }\n    } \n    return creation;\n}\n\nfunction colorToLimit(color) {\n    return {\n            red: toLimit(color.red, 0, 255),\n            green: toLimit(color.green, 0, 255),\n            blue: toLimit(color.blue, 0, 255),\n            alpha: toLimit(color.alpha, 0, 1)\n            }\n}\n\nfunction fuzzy(value, amount) {\n    return getRandomInt(value - amount, value + amount);\n}\n"},{"textSize":650,"attr":[1],"textData":"function change(creation) {\n  convertToFullColor(creation);\n  var cells = creation.cells;\n  var width = cells[0].length;\n  var height = cells[0][0].length;\n\n  for(var y = 0; y < height; y++) {\n    for(var x = 0; x < width; x++) {\n      var val = 0.21 * cells[0][x][y].red + 0.72 * cells[0][x][y].green + 0.07 * cells[0][x][y].blue;\n      cells[0][x][y] = {\n                     red: toLimit(val * 1.7, 0, 255),\n                     green: toLimit(val * 1.7, 0, 255),\n                     blue: toLimit(val * 1.7, 0, 255),\n                     alpha: cells[0][x][y].alpha\n                   };\n    }\n  }\n  creation.cells = cells;\n  return creation;\n}\n","clonedFrom":"55018c6bfe6750b40b58aa6f"},null],"n":["sidewalk","invis-one-way","mandelbrot","chair,,, all hail melon","kirby chest","seabunny","nieve - oc remake","campfire","pirate wood","gordon ramsay","i was here","box","roundshader","edge blurrer","horizontal blurrer","ghoster","pinfloi","suit","suit","magic book","magic book","rainbow crayon","changer holder","changer collection v2","unicorn toy","hufflepuff table","castle","magic book","pulsating rune","gruss tap","my public bodiesc","air bench ?","faded alpha fade","distant neighbor island","pastel pink light","people here","lost boy - backpacker","changer collection","darkener","darkener","fade to white","underwaternater","underwaternater","opacifier","freezer","blackscale","grayscale","burner","whitescale","pfp"],"dr":[0,0,0,0,0,0,0,0,0,0,0,0,0,0,0,0,0,0,0,0,0,0,0,0,0,0,0,0,0,0,0,0,0,0,0,0,0,0,0,0,0,0,0,0,0,0,0,0,0,0]}}