{"x":1,"y":-1,"iix":["61a38e872bfd910472cb5f5f","61a389152bfd910472cb5f2f","61a38a589ff2374e04bdcafe","61a38abf7a69124dfc7d6d6f","61a387089ff2374e04bdcaf6","60ca9ec59637a85e85b21f64","5a3d481578c931ec0f6802ae","55c7ebf1ef6335820f367516"],"ps":[[19,31,0,0,0,0],[16,31,1,0,0,0],[16,28,2,0,0,0],[13,28,3,0,0,0],[22,31,4,0,0,0],[22,30,5,0,0,0],[14,28,5,0,0,0],[19,29,5,0,0,0],[16,30,5,0,0,0],[13,31,6,0,0,0],[30,30,7,0,0,0]],"i":{"b":["DECOVBIG","DECOVBIG","DECOVBIG","DECOVBIG","DECOVBIG","DECOVBIG","FARBACK","ENVIRONM"],"p":[{"attr":[6],"clonedFrom":"60eb19881d5a4416445e4a1f"},{"attr":[6],"clonedFrom":"60eb198e7ad5ed49793cb6f3"},{"attr":[6],"clonedFrom":"60eb19bece982b49855d0fe1"},{"attr":[6],"clonedFrom":"60eb19b86cac730505dffd37"},{"attr":[6],"clonedFrom":"60eb197efd677d04fe0ce4a6"},{"attr":[5,7]},{"rgb":"211,78,255","attr":[8],"text":"-135 -118 cell 1 0 0\n-135 -118 CELL 2 38 0\n24 -73 cell 3 0 0 \n-25 20 cell 4 0 0\n-25 20 cell 5 38 0\n-152 34 cell 6 0 0\n117 -20 cell 7 -38 0\n117 -20 cell 8 0 0\n117 -20 cell 9 38 0\n"},{"attr":[39]}],"n":["tree","tree","tree","tree","tree","wisteria shit","morioh clouds","startopia stars"],"dr":[0,0,0,0,0,0,0,0]}}