{"x":2,"y":0,"iix":["60c18e637b2d430afa59cc53","60ccf1127f8f6b7ebd0277c2","6140ad30bd57f3344d5dd3f0","60c29a617886ab08b2898ee1","60c225e50accaf09226ca964","5a3d481578c931ec0f6802ae","55c7ebf1ef6335820f367516"],"ps":[[0,16,0,0,0,0],[0,15,1,0,1,0],[1,16,0,0,0,0],[0,17,2,0,0,0],[1,17,3,0,0,0],[0,18,3,0,0,0],[2,16,4,0,0,0],[5,19,5,0,0,0],[7,19,6,0,0,0],[9,7,6,0,0,0]],"i":{"b":["SOLID","DECO","SOLID","DECO","PASS","FARBACK","ENVIRONM"],"p":[{"attr":[1],"clonedFrom":"60c145b4b97d7b02f8f2b431"},{"attr":[1,3],"clonedFrom":"60c12a2ad530df04fcf6c7ad"},{"attr":[1],"clonedFrom":"60c0e94fc522dd258b075ce9"},{"attr":[1],"clonedFrom":"60c1260f66b2fc080c2af729","changerId":"5dd165d830df41113b2efa86"},{"attr":[1],"clonedFrom":"60c1a60b304b0e08134a483c"},{"rgb":"211,78,255","attr":[8],"text":"-135 -118 cell 1 0 0\n-135 -118 CELL 2 38 0\n24 -73 cell 3 0 0 \n-25 20 cell 4 0 0\n-25 20 cell 5 38 0\n-152 34 cell 6 0 0\n117 -20 cell 7 -38 0\n117 -20 cell 8 0 0\n117 -20 cell 9 38 0\n"},{"attr":[39]}],"n":["grassmix","grass back side edge not auto-filled","grass surface","grass surface","grassmix","morioh clouds","startopia stars"],"dr":[0,0,0,0,0,0,0]}}