{"base":"INTERACT","creator":"52ffdc8602f174573d000023","id":"53a70f6efc55f54a28b9839c","name":"atm","prop":{"textSize":555,"textData":"Welcome to the atm. We access your private manyland bank to give you useful  currency to use in a convenient fashion. you can choose to take out a  gold coin  green dollar  silver coin  bronze coin  blue dollar.\n\nhears gold coin: thank you, please come again. /gives gold coin \n\nhears Silver Coin: Thank you, please come again. /gives Silver Coin\n\nHears Bronze Coin: Thank you, please come again. /gives Bronze Coin\n\nhears green dollar: thank you, please come again. /gives green dollar\n\nhears blue dollar: thank you, please come again. /gives blue dollar","thingRefs":[["53a70bd54f9f391878647436","gold coin"],["53a70d5c37fd1d52292e3ced","bronze coin"],["53a70d4437fd1d52292e3ceb","silver coin"],["53a70f1efc55f54a28b98399","green dollar"],["53a70f3fa01ec48b2a0bd84c","blue dollar"]],"attr":[1]}}