{"base":"INTERACT","creator":"5003d713a0b60c386b0000a1","id":"53d01da51ca95abc3f8b12a2","name":"slot machine","prop":{"textSize":259,"thingRefs":[["53d00d8a585df54053327044","slot machine"],["53ce42fb11a6b0e4054cbe7b","lose 3"],["53d01195d2d3e7f54a4af865","gold coins"],["53d011f9718052a242b69224","slot machine lose"],["53d01aa49b7cae56572002ec","slot machine winning coins 3"],["53d01b60f94c248743196ec8","slot machine started"],["53d01d95dd08cd4444341687","gold coins payout"]],"textData":"touches: *insert 1 gold coin*\n\ngets gold coin and is [chance 50]: /slot machine /plays slot machine started  /plays slot machine winning coins 3 /gives gold coins /gold coins payout\nGETS GOLD COIN: /SLOT MACHINE lose /PLAYS slot MACHINE STARTED  /plays lose 3","attr":[1,8,2]}}