{"base":"CHANGER","creator":"524389354b5ac3d87c000047","id":"550dee177aa9b89b12ef3daf","name":"shearer","prop":{"textSize":3410,"attr":[1],"textData":"function change(creation) {  \n    convertToFullColor(creation, 1); \n    shearHorizontal(creation, {\n    \n        /* A boolean value, determining if the pixels wrap around on shearing.\n        Default value is true. */\n        wrap : 1,\n\n        /* A boolean value, enabling or disabling antialiasing.\n        Default value is true. */\n        antialias : 1,\n        \n        /* The amount of pixel by which each row is incrementally offset .\n        Default is 1. */        \n        shearamount : .2,\n\n        /* The vertical position in the cell in around which the shearing is\n        centred.  Any pixels above will move in the opposite direction to \n        those below.\n        This can be any numeric value, but 0 is the top of the cell, and 1 is\n        the bottom. */\n        middlepoint: .5  \n        \n    });\n    return creation;\n}\n\nfunction shearHorizontal(creation, moreparams){\n    var wrap = 1, antialias = 1, shearamount = .1, middlepoint = .5;\n    if(moreparams != undefined){\n        shearamount = moreparams.shearamount == undefined ? 1: (1 * moreparams.shearamount);\n        wrap = moreparams.wrap == undefined ? 1 : (moreparams.wrap ? 1 : 0);\n        antialias = moreparams.antialias == undefined ? 1 : (moreparams.antialias ? 1 : 0);\n        middlepoint = moreparams.middlepoint == undefined ? 0.5 : (1 * moreparams.middlepoint);\n    }\n    var leftx, rightx, idx;\n    var leftweight, rightweight, leftColour, rightColour;\n    var x, y, shearfactor, colour, cell;\n    var c1, c2;\n    var sourceCells = cloneObject(creation.cells);  \n    var cells = creation.cells;   \n    var width = cells[0].length;    \n    var height = cells[0][0].length;\n    \n    for(cell = 0; cell < cells.length; cell++){\n        shearfactor = -(middlepoint * height) * shearamount;\n        for(y = 0; y < height; y++){\n            for(x = 0; x < width; x++){\n                leftx = Math.floor(x + shearfactor);\n                rightx = Math.ceil(x + shearfactor);\n                rightweight = x + shearfactor - leftx;\n                leftweight = 1 - rightweight;\n                if(wrap){\n                    leftx %= width;\n                    rightx %= width;\n                    leftx += leftx < 0 ? width : 0;\n                    rightx += rightx < 0 ? width : 0;\n                    c1 = sourceCells[cell][leftx][y];\n                    c2 = sourceCells[cell][rightx][y];\n                }else{\n                    if(leftx < 0 || leftx >= width){\n                        c1 = {red : 0, green : 0, blue : 0, alpha : 0};\n                    }else{\n                        c1 = sourceCells[cell][leftx][y];\n                    }\n                    \n                    if(rightx < 0 || rightx >= width){\n                        c2 = {red : 0, green : 0, blue : 0, alpha : 0};\n                    }else{\n                        c2 = sourceCells[cell][rightx][y];\n                    }\n                }\n                \n                if(antialias){\n                    colour = {};\n                    for(idx in c1){\n                        colour[idx] = Math.round(\n                            c1[idx] * leftweight +\n                            c2[idx] * rightweight\n                        );\n                    }\n                }else{\n                    colour = c1;\n                }\n                cells[cell][x][y] = colour;\n            }\n            shearfactor += shearamount;\n        }\n    }\n} ","clonedFrom":"5502aa36ca9c40b251503509"}}