{"base":"CHANGER","creator":"524389354b5ac3d87c000047","id":"57cc839ec89f6322136aaaeb","name":"mandelbrot pixel","prop":{"textSize":3466,"attr":[1],"textData":"function change(creation) {\n        return draw(creation);\n}\n\nfunction draw(creation){\n\n        var n, clr;\n        var numcolors = 55;\n        var x, y, c, foundPos;\n        var cells = creation.cells;\n        var width = cells[0].length;\n        var height = cells[0][0].length;\n        var x, y, cx, cy;\n\n        var cellRes = {\n            x : 3,\n            y : 3\n        };\n        \n        var viewRange = {\n            x : -0.19778788669647,\n            y : -1.1003087180598,\n            w : 0.0000000000524807460249773,\n            h : 0.0000000000524807460249773\n        };\n\n        // these two lines are a hack to deal with where I get the numbers above, a fractal generator called \"Fraqtiv\".  It provides a center position and zoom factor.  We're converting it to top/right corner and area.\n        viewRange.x -= viewRange.w / 2;\n        viewRange.y -= viewRange.h / 2;\n\n        if(cells.length != 1){\n                creation.feedback = \"Expecting a one-cell item\";\n                return creation;\n        }\n\n\n        // first, look for a not-zero-colour pixel.  That will determine \n        // where in our x/y range this one lies:\n        foundPos = 0;\n        for(x = 0; x < cellRes.x && !foundPos; x++){\n                for(y = 0; y < cellRes.y && !foundPos; y++){\n                        if(cells[0][x][y] != 0){\n                                viewRange.w /= cellRes.x;\n                                viewRange.h /= cellRes.y;\n                                viewRange.x += x *  viewRange.w;\n                                viewRange.y += y * viewRange.h;\n                                foundPos = 1;\n                        }\n                }\n        }\n        \n        // alter the palette\n        for(n = 0; n < numcolors; n++){\n            var sine = Math.sin(2 * Math.PI * n / numcolors);\n            var sine2 = Math.sin(2 * Math.PI * (n + 5) / numcolors);\n            var sine3 = Math.sin(2 * Math.PI * (n - 5) / numcolors);\n                \n            creation.colors[n] = {\n                blue : Math.floor(128 + 128 * sine2),\n                green : Math.floor(128 + 128 * sine),\n                red : Math.floor(128 + 128 * sine3),\n                alpha : 1\n            };\n        }\n        creation.colors[numcolors] = {\n            red : 0, green : 0, blue : 0, alpha : 1\n        };\n\n\n        for (x = 0; x < cells[0].length; x++) {\n            for (y = 0; y < cells[0][0].length; y++) {\n                clr = colour(x,y,viewRange, width,height);\n                if(clr == -1){\n                    cells[0][x][y] = numcolors;\n                }else{\n                    clr %= (numcolors - 1);\n                    clr += (clr >= 11 ? 1 : 0);\n                    cells[0][x][y] = clr;\n                }\n            }\n        }\n\n\n        return creation;\n}\n\nfunction colour(x, y, viewRange, x_resolution, y_resolution){\n        var accuracy = 512;\n        var c = (viewRange.w / x_resolution) * x + viewRange.x;\n        var ci = (viewRange.h / y_resolution) * y + viewRange.y;\n        var count = 0;\n        var z = 0, zi = 0, zsq = 0;\n        var zisq = 0, nz = 0, nzi = 0;\n\n        while((count <= accuracy) && ((zsq + zisq) < 4.)){\n                nz = zsq - zisq;\n                nzi = (z * zi) * 2;\n                z = nz + c;\n                zi = nzi + ci;\n                zsq = z * z;\n                zisq = zi * zi;\n                count++;\n        }\n        \n        return count <= accuracy ? count : -1;\n            \n}"}}