{"base":"INTERACT","creator":"5916264e861ff09965de7094","id":"5bb1095050fccb669edd3787","name":"jenga","prop":{"textSize":236,"attr":[1,2,3],"textData":"touches and isn't waa and isn't brok and is [chance 90]: [name] took! /take /is waa /waits 0s  /wow /waits 0.5s  /isn't *\n\nTOUCHES AND isn't waa and isn't brok and IS [CHANCE 15]: [name] brok it! /ohno /is brok\n\nends ohno: /bac /isn't *","thingRefs":[["5bb1036bd2227a669dcee11a","ohno"],["5bb105eccc8e944968e6b68a","bac"],["5bb10685a0b29a66aff346af","wow"],["5bb106b7450523055f495061","take"]],"clonedFrom":"5a5bdb978c27238513060fa5"}}