{"base":"CHANGER","creator":"524389354b5ac3d87c000047","id":"5e52d6c994297f067fe42553","name":"blend a colour","prop":{"textSize":380,"attr":[1],"textData":"function change(creation) {\n    var si = creation.info.selectedIndex;\n    var ssi = creation.info.secondSelectedIndex;\n    if(si == 11){\n        return {feedback : 'The erasing colour can not be changed'};\n    }\n    \n    var c1 = creation.colors[si];\n    var c2 = creation.colors[ssi]\n    var n;\n    for(n in c1){\n        c1[n] = (c1[n] + c2[n]) >> 1;\n    }\n    return creation;\n}","clonedFrom":"5502aa36ca9c40b251503509","changerId":"5b90154c399fe3778e45b075"}}