{"base":"CHANGER","creator":"524389354b5ac3d87c000047","id":"5f7f9fffdfa69a2a19a34233","name":"palette sample generator","prop":{"textSize":2768,"attr":[1],"textData":"function change(creation) {  \n\n\n    applyFilter(creation); \n \n    return creation;  \n} \n \nfunction applyFilter(creation) { \n    var n, c, tally = 0;\n    var cells = creation.cells, cell, x, y, checkpixel;  \n    var width = cells[creation.info.selectedCell].length;   \n    var height = cells[creation.info.selectedCell][0].length; \n    var colorList = [], indexList = [];\n    var cx, cy, cIndex;\n    var rowWidth, blockWidth, blockHeight;\n    var checkedWhite = false, haveWhite = false;\n    \n    for(n = 0; n < creation.colors.length; n++){\n\n        if(n == 11) continue;\n        c = creation.colors[n];\n        \n        if(c.red + c.green + c.blue + c.alpha == 766){\n            if(checkedWhite){\n                continue;\n            }\n            for(cell in cells){\n                for(x in cells[cell]){\n                    for(y in cells[cell][x]){\n                        checkpixel = creation.colors[cells[cell][x][y]];\n                        if(\n                            checkpixel.red\n                            + checkpixel.green\n                            + checkpixel.blue \n                            + checkpixel.alpha == 766\n                        ){\n                            haveWhite = true;\n                            break;\n                        }\n                    }\n                    if(haveWhite) break;\n                }\n                if(haveWhite) break;\n            }\n            checkedWhite = true;\n            if(!haveWhite){\n                continue;\n            }\n        }\n        \n        \n        if(colorList[c.red] == undefined){\n            colorList[c.red] = [];\n        }\n        if(colorList[c.red][c.green] == undefined){\n            colorList[c.red][c.green] = [];\n        }\n        if(colorList[c.red][c.green][c.blue] == undefined){\n            colorList[c.red][c.green][c.blue] = [];\n        }\n        if(colorList[c.red][c.green][c.blue][c.alpha] == undefined){\n            colorList[c.red][c.green][c.blue][c.alpha] = 1;\n            tally++;\n            indexList[indexList.length] = n;\n        }\n    }\n    rowWidth = Math.ceil(Math.sqrt(tally));\n    blockWidth = Math.floor(width / rowWidth); \n    blockHeight = Math.floor(height / rowWidth);\n\n    for (var y = 0; y < height; y++) {   \n        for (var x = 0; x < width; x++) {\n            cx = Math.floor(x / blockWidth);\n            cy = Math.floor(y / blockWidth);\n            if(cx >= rowWidth) cx = 1000;\n            if(cy >= rowWidth) cy = 1000;\n            cIndex = cx + cy * rowWidth;\n            if(cIndex >= indexList.length){\n                creation.cells[creation.info.selectedCell][x][y] = 11;\n            }else{\n                creation.cells[creation.info.selectedCell][x][y] = indexList[cIndex];\n            }\n        }   \n    }   \n\n}","clonedFrom":"55007504f87afd261db2c06a","changerId":"5aa6cbe6e1d26b7e13cdeb54"}}