{"base":"CHANGER","creator":"524389354b5ac3d87c000047","id":"5f9276d056ee1f2a1f8f78e4","name":"remove unused colours","prop":{"textSize":2009,"textData":"function change(creation) {\n    var usage = buildColourUsageIndex(creation);\n    \n    var c, offset = 0;\n    \n    for(c = 0; c + offset < creation.colors.length; c++){\n        if(c == 11){\n            offset--;\n            continue;\n        }\n        if(c + offset == 11){\n            offset++;\n        }\n\n        if(usage[c + offset] == 0){\n            offset++;\n            c--;\n            creation.colors[c + offset] = {\n                red : 255,\n                green : 255,\n                blue : 255,\n                alpha : 1\n            };\n        }else if(offset > 0){\n            creation.colors[c] = {\n                red : creation.colors[c + offset].red,\n                green : creation.colors[c + offset].green,\n                blue : creation.colors[c + offset].blue,\n                alpha : creation.colors[c + offset].alpha\n            }\n            replaceColour(creation, c + offset, c);\n            creation.colors[c + offset] = {\n                red : 255,\n                green : 255,\n                blue: 255,\n                alpha : 1\n            };\n        }\n    }\n    return creation;\n}\n\n// build an array flagging all used colours\nfunction buildColourUsageIndex(creation){\n    var colourUsage = [];\n    for(var n = 0; n < creation.colors.length; n++){\n        colourUsage[n] = 0;\n    }\n    var y, cell, column;\n    for(cell of creation.cells){\n        for(column of cell){\n            for(y in column){\n                colourUsage[column[y]]++;\n            }\n        }\n    }\n    return colourUsage;\n}\n\n/* find all instances of \"oldColour\" and replace them with \"newColour\" */\nfunction replaceColour(creation, oldColour, newColour){\n    var c, x, y;\n    for(c = 0; c < creation.cells.length; c++){\n        for(x = 0; x < creation.cells[c].length; x++){\n            for(y = 0; y < creation.cells[c][x].length; y++){\n                if(creation.cells[c][x][y] == oldColour){\n                    creation.cells[c][x][y] = newColour;\n                }\n            }\n        }\n    }\n}","clonedFrom":"5f90c3210d67273fa70176bd","changerId":"5e52d6c994297f067fe42553"}}