{"base":"DYNATHING","creator":"55fc86e4296655ce1bae19b5","id":"62c3376daa18ad7dfa6e888b","name":"fountain","prop":{"attr":[9,40],"text":"0: cells show, down 38, cell 6+7+8+9 hide, cell 1 left 29, cell 3 right 29, cell 4+9 up 29, cell 5+6+7 up 7, cell 5 opacity 0.65, cell 8 z-index 1, cell 9 z-index 2\n0.1: cell 6 show, opacity 0.65, cell 5 hide\n0.2: cell 7 show, opacity 0.65, cell 6 hide\n0.3: restart\n\nevery hour\n0: CELLS SHOW, DOWN 38, CELL 6+7+8+9 HIDE, CELL 1 LEFT 29, CELL 3 RIGHT 29, CELL 4+9 UP 29, CELL 5+6+7 UP 7, CELL 5 OPACITY 0.65, CELL 8 Z-INDEX 1, CELL 9 Z-INDEX 2\n0.1: CELL 6 SHOW, OPACITY 0.65, CELL 5 HIDE\n0.2: CELL 7 SHOW, OPACITY 0.65, CELL 6 HIDE\n0.3: CELL 6 SHOW, OPACITY 0.65, CELL 5 HIDE\n0.4: CELL 7 SHOW, OPACITY 0.65, CELL 6 HIDE\n0.5: CELL 6 SHOW, OPACITY 0.65, CELL 5 HIDE\n0.6: CELL 7 SHOW, OPACITY 0.65, CELL 6 HIDE\n0.7: CELL 6 SHOW, OPACITY 0.65, CELL 5 HIDE\n0.8: CELL 7 SHOW, OPACITY 0.65, CELL 6 HIDE\n0.9: CELL 6 SHOW, OPACITY 0.65, CELL 5 HIDE\n1: CELL 7 SHOW, OPACITY 0.65, CELL 6 HIDE\n1.1: CELL 6 SHOW, OPACITY 0.65, CELL 5 HIDE\n1.2: CELL 7 SHOW, OPACITY 0.65, CELL 6 HIDE\n1.3: CELL 6 SHOW, OPACITY 0.65, CELL 5 HIDE\n1.4: CELL 7 SHOW, OPACITY 0.65, CELL 6 HIDE\n1.5: CELL 6 SHOW, OPACITY 0.65, CELL 5 HIDE\n1.6: CELL 7 SHOW, OPACITY 0.65, CELL 6 HIDE\n1.7: CELL 6 SHOW, OPACITY 0.65, CELL 5 HIDE\n1.8: CELL 7 SHOW, OPACITY 0.65, CELL 6 HIDE\n1.9: CELL 6 SHOW, OPACITY 0.65, CELL 5 HIDE\n2: CELL 7 SHOW, OPACITY 0.65, CELL 6 HIDE\n2.1: CELL 6 SHOW, OPACITY 0.65, CELL 5 HIDE\n2.2: CELL 7 SHOW, OPACITY 0.65, CELL 6 HIDE\n2.3: CELL 6 SHOW, OPACITY 0.65, CELL 5 HIDE\n2.4: CELL 7 SHOW, OPACITY 0.65, CELL 6 HIDE\n2.5: CELL 6 SHOW, OPACITY 0.65, CELL 5 HIDE\n2.6: CELL 7 SHOW, OPACITY 0.65, CELL 6 HIDE\n2.7: CELL 6 SHOW, OPACITY 0.65, CELL 5 HIDE\n2.8: CELL 7 SHOW, OPACITY 0.65, CELL 6 HIDE\n2.9: CELL 6 SHOW, OPACITY 0.65, CELL 5 HIDE\n3: CELL 7 SHOW, OPACITY 0.65, CELL 6 HIDE\n3.1: CELL 6 SHOW, OPACITY 0.65, CELL 5 HIDE\n3.2: CELL 7 SHOW, OPACITY 0.65, CELL 6 HIDE\n3.3: CELL 6 SHOW, OPACITY 0.65, CELL 5 HIDE\n3.4: CELL 7 SHOW, OPACITY 0.65, CELL 6 HIDE\n3.5: CELL 6 SHOW, OPACITY 0.65, CELL 5 HIDE\n3.6: CELL 7 SHOW, OPACITY 0.65, CELL 6 HIDE\n3.7: CELL 6 SHOW, OPACITY 0.65, CELL 5 HIDE\n3.8: CELL 7 SHOW, OPACITY 0.65, CELL 6 HIDE\n3.9: CELL 6 SHOW, OPACITY 0.65, CELL 5 HIDE\n4: CELL 7 SHOW, OPACITY 0.65, CELL 6 HIDE\n4.1: CELL 6 SHOW, OPACITY 0.65, CELL 5 HIDE\n4.2: CELL 7 SHOW, OPACITY 0.65, CELL 6 HIDE\n4.3: CELL 6 SHOW, OPACITY 0.65, CELL 5 HIDE\n4.4: CELL 7 SHOW, OPACITY 0.65, CELL 6 HIDE\n4.5: CELL 6 SHOW, OPACITY 0.65, CELL 5 HIDE\n4.6: CELL 7 SHOW, OPACITY 0.65, CELL 6 HIDE\n4.7: CELL 6 SHOW, OPACITY 0.65, CELL 5 HIDE\n4.8: CELL 7 SHOW, OPACITY 0.65, CELL 6 HIDE\n4.9: CELL 6 SHOW, OPACITY 0.65, CELL 5 HIDE\n5: CELL 7 SHOW, OPACITY 0.65, CELL 6 HIDE\n\n0-0.3: CELL 8 SHOW, OPACITY 0.65, UP 29, play sound\n0.4: CELL 9 SHOW, OPACITY 0.65, CELL 8 HIDE\n0.5: CELL 9 HIDE, CELL 8 SHOW, OPACITY 0.65\n0.6: CELL 9 SHOW, OPACITY 0.65, CELL 8 HIDE\n0.7: CELL 9 HIDE, CELL 8 SHOW, OPACITY 0.65\n0.8: CELL 9 SHOW, OPACITY 0.65, CELL 8 HIDE\n0.9: CELL 9 HIDE, CELL 8 SHOW, OPACITY 0.65\n1: CELL 9 SHOW, OPACITY 0.65, CELL 8 HIDE\n1.1: CELL 9 HIDE, CELL 8 SHOW, OPACITY 0.65\n1.2: CELL 9 SHOW, OPACITY 0.65, CELL 8 HIDE\n1.3: CELL 9 HIDE, CELL 8 SHOW, OPACITY 0.65\n1.4: CELL 9 SHOW, OPACITY 0.65, CELL 8 HIDE\n1.5: CELL 9 HIDE, CELL 8 SHOW, OPACITY 0.65\n1.6: CELL 9 SHOW, OPACITY 0.65, CELL 8 HIDE\n1.7: CELL 9 HIDE, CELL 8 SHOW, OPACITY 0.65\n1.8: CELL 9 SHOW, OPACITY 0.65, CELL 8 HIDE\n1.9: CELL 9 HIDE, CELL 8 SHOW, OPACITY 0.65\n2: CELL 9 SHOW, OPACITY 0.65, CELL 8 HIDE\n2.1: CELL 9 HIDE, CELL 8 SHOW, OPACITY 0.65\n2.2: CELL 9 SHOW, OPACITY 0.65, CELL 8 HIDE\n2.3: CELL 9 HIDE, CELL 8 SHOW, OPACITY 0.65\n2.4: CELL 9 SHOW, OPACITY 0.65, CELL 8 HIDE\n2.5: CELL 9 HIDE, CELL 8 SHOW, OPACITY 0.65\n2.6: CELL 9 SHOW, OPACITY 0.65, CELL 8 HIDE\n2.7: CELL 9 HIDE, CELL 8 SHOW, OPACITY 0.65\n2.8: CELL 9 SHOW, OPACITY 0.65, CELL 8 HIDE\n2.9: CELL 9 HIDE, CELL 8 SHOW, OPACITY 0.65\n3: CELL 9 SHOW, OPACITY 0.65, CELL 8 HIDE\n3.1: CELL 9 HIDE, CELL 8 SHOW, OPACITY 0.65\n3.2: CELL 9 SHOW, OPACITY 0.65, CELL 8 HIDE\n3.3: CELL 9 HIDE, CELL 8 SHOW, OPACITY 0.65\n3.4: CELL 9 SHOW, OPACITY 0.65, CELL 8 HIDE\n3.5: CELL 9 HIDE, CELL 8 SHOW, OPACITY 0.65\n3.6: CELL 9 SHOW, OPACITY 0.65, CELL 8 HIDE\n3.7: CELL 9 HIDE, CELL 8 SHOW, OPACITY 0.65\n3.8: CELL 9 SHOW, OPACITY 0.65, CELL 8 HIDE\n3.9: CELL 9 HIDE, CELL 8 SHOW, OPACITY 0.65\n4: CELL 9 SHOW, OPACITY 0.65, CELL 8 HIDE\n4.1: CELL 9 HIDE, CELL 8 SHOW, OPACITY 0.65\n4.2: CELL 9 SHOW, OPACITY 0.65, CELL 8 HIDE\n4.3: CELL 9 HIDE, CELL 8 SHOW, OPACITY 0.65\n4.4: CELL 9 SHOW, OPACITY 0.65, CELL 8 HIDE\n4.5: CELL 9 HIDE, CELL 8 SHOW, OPACITY 0.65\n4.6: CELL 9 SHOW, OPACITY 0.65, CELL 8 HIDE\n4.7: CELL 9 HIDE, CELL 8 SHOW, OPACITY 0.65\n4.8-5: cell 8 down 29, hide\n\n5.1: RESTART","info":"offset to allow placement of invisible items underneath","soundId":"53c8d2b1a8423a234e8de609"}}