{"base":"INTERACT","creator":"5d45569e6d264107008c9c7f","id":"6492f5359207e0264a61b326","name":"mola' machine","prop":{"textSize":817,"attr":[1],"textData":"hears pass and isn't inserted: *Enter code: ... * /is code\nhears 778 and is code: *used: [value used] times*\nhears 777 and is code: *Success* /gives mola' extra\nhears cancel and is code: *Done* /isn't code\nis code: *Error -1*\n\nISN'T INSERTED: *INSERT COIN*\nGETS GOLD OR COIN: *SELECT PRODUCT OR TYPE MENU* /PLAYS INSERTING COIN /IS INSERTED /isn't code /+1 USED\nHEARS MENU AND IS INSERTED: 3 PRODUCTS AVAILABLE:  CLASSIC MOLA  NON-SUGAR MOLA  DIET MOLA \nHEARS CLASSIC AND IS INSERTED: *SUCCESS* /GIVES CLASSIC MOLA /PLAYS PLATES CLANKING /ISN'T INSERTED\nHEARS NON-SUGAR AND IS INSERTED: *SUCCESS* /GIVES NON-SUGAR MOLA /PLAYS PLATES CLANKING /ISN'T INSERTED\nHEARS DIET AND IS INSERTED: *SUCCESS* /GIVES DIET MOLA /PLAYS PLATES CLANKING /ISN'T INSERTED\nHEARS CANCEL and is inserted: *SEE YOU LATER!* /ISN'T INSERTED\n\n ","thingRefs":[["53c8d28a08f2b1c67b0f1ef0","plates clanking"],["53c7ccb80b2cd0a3114dc4f3","inserting coin"],["6492ec18b427b705aaa77548","classic mola"],["6492ebef9207e0264a61b317","non-sugar mola"],["6492eb9da1029c46f4458d2b","diet mola"],["6492ec8db427b705aaa77549","mola' extra"]]}}