{"base":"INTERACT","creator":"5d45569e6d264107008c9c7f","id":"64927549c125a02643829333","name":"uber coffee machine","prop":{"textSize":3703,"attr":[1,3],"textData":"isn't inserted: *Insert coin*\n\ngets coin or gold: /is inserted /plays inserting coin  *select coffee or type menu*\nhears menu and is inserted: 12 coffee types available:  espresso  doppio  americano  cappucino  latte  mocha  cortano  flat white  macchiato  con panna  affogato  irish coffee\nhears espresso and is inserted: *please wait* /coffee machine started /plays electric machine started /delay /DELAY /DELAY /DELAY /DELAY /DELAY /DELAY /DELAY /DELAY /DELAY /DELAY /DELAY /DELAY /DELAY /DELAY /DELAY /DELAY /DELAY  *have a nice day!* /gives espresso /isn't inserted\nHEARS doppio AND IS INSERTED: *PLEASE WAIT* /COFFEE MACHINE STARTED /PLAYS ELECTRIC MACHINE STARTED /DELAY /DELAY /DELAY /DELAY /DELAY /DELAY /DELAY /DELAY /DELAY /DELAY /DELAY /DELAY /DELAY /DELAY /DELAY /DELAY /DELAY /DELAY   *HAVE A NICE DAY!* /GIVES doppio /isn't inserted\nHEARS americano AND IS INSERTED: *PLEASE WAIT* /COFFEE MACHINE STARTED /PLAYS ELECTRIC MACHINE STARTED /DELAY /DELAY /DELAY /DELAY /DELAY /DELAY /DELAY /DELAY /DELAY /DELAY /DELAY /DELAY /DELAY /DELAY /DELAY /DELAY /DELAY /DELAY  *HAVE A NICE DAY!* /GIVES americanO /ISN'T INSERTED\nHEARS cappucino AND IS INSERTED: *PLEASE WAIT* /COFFEE MACHINE STARTED /PLAYS ELECTRIC MACHINE STARTED /DELAY /DELAY /DELAY /DELAY /DELAY /DELAY /DELAY /DELAY /DELAY /DELAY /DELAY /DELAY /DELAY /DELAY /DELAY /DELAY /DELAY /DELAY  *HAVE A NICE DAY!* /GIVES cappucInO /ISN'T INSERTED\nHEARS latte AND IS INSERTED: *PLEASE WAIT* /COFFEE MACHINE STARTED /PLAYS ELECTRIC MACHINE STARTED  /DELAY /DELAY /DELAY /DELAY /DELAY /DELAY /DELAY /DELAY /DELAY /DELAY /DELAY /DELAY /DELAY /DELAY /DELAY /DELAY /DELAY /DELAY  *HAVE A NICE DAY!* /GIVES latte /ISN'T INSERTED\nHEARS mocha AND IS INSERTED: *PLEASE WAIT* /COFFEE MACHINE STARTED /PLAYS ELECTRIC MACHINE STARTED  /DELAY /DELAY /DELAY /DELAY /DELAY /DELAY /DELAY /DELAY /DELAY /DELAY /DELAY /DELAY /DELAY /DELAY /DELAY /DELAY /DELAY /DELAY  *HAVE A NICE DAY!* /GIVES mocha /ISN'T INSERTED\nHEARS cortado AND IS INSERTED: *PLEASE WAIT* /COFFEE MACHINE STARTED /PLAYS ELECTRIC MACHINE STARTED /DELAY /DELAY /DELAY /DELAY /DELAY /DELAY /DELAY /DELAY /DELAY /DELAY /DELAY /DELAY /DELAY /DELAY /DELAY /DELAY /DELAY /DELAY  *HAVE A NICE DAY!* /GIVES cortado /ISN'T INSERTED\nHEARS flat AND IS INSERTED: *PLEASE WAIT* /COFFEE MACHINE STARTED /PLAYS ELECTRIC MACHINE STARTED  /DELAY /DELAY /DELAY /DELAY /DELAY /DELAY /DELAY /DELAY /DELAY /DELAY /DELAY /DELAY /DELAY /DELAY /DELAY /DELAY /DELAY /DELAY  *HAVE A NICE DAY!* /GIVES flat white /ISN'T INSERTED\nHEARS macchiato AND IS INSERTED: *PLEASE WAIT* /COFFEE MACHINE STARTED /PLAYS ELECTRIC MACHINE STARTED /DELAY /DELAY /DELAY /DELAY /DELAY /DELAY /DELAY /DELAY /DELAY /DELAY /DELAY /DELAY /DELAY /DELAY /DELAY /DELAY /DELAY /DELAY  *HAVE A NICE DAY!* /GIVES macchiatO /ISN'T INSERTED\nHEARS con AND IS INSERTED: *PLEASE WAIT* /COFFEE MACHINE STARTED /PLAYS ELECTRIC MACHINE STARTED  /DELAY /DELAY /DELAY /DELAY /DELAY /DELAY /DELAY /DELAY /DELAY /DELAY /DELAY /DELAY /DELAY /DELAY /DELAY /DELAY /DELAY /DELAY  *HAVE A NICE DAY!* /GIVES con panna /ISN'T INSERTED\nHEARS affogato AND IS INSERTED: *PLEASE WAIT* /COFFEE MACHINE STARTED /PLAYS ELECTRIC MACHINE STARTED /DELAY /DELAY /DELAY /DELAY /DELAY /DELAY /DELAY /DELAY /DELAY /DELAY /DELAY /DELAY /DELAY /DELAY /DELAY /DELAY /DELAY /DELAY  *HAVE A NICE DAY!* /GIVES affogato /ISN'T INSERTED\nHEARS irish AND IS INSERTED: *PLEASE WAIT* /COFFEE MACHINE STARTED /PLAYS ELECTRIC MACHINE STARTED  /DELAY /DELAY /DELAY /DELAY /DELAY /DELAY /DELAY /DELAY /DELAY /DELAY /DELAY /DELAY /DELAY /DELAY /DELAY /DELAY /DELAY /DELAY  *HAVE A NICE DAY!* /GIVES irish coffee /ISN'T INSERTED\nhears cancel and is inserted: *see you later!* /isn't inserted\n","thingRefs":[["649263a1054e5446fc984841","espresso"],["649263d5746db605a0103bff","doppio"],["64926412746db605a0103c00","americano"],["6492644d032c84264cbaf8cd","cappucino"],["64926496746db605a0103c02","latte"],["649264c3b707c926440f3c78","mocha"],["649265169207e0264a61b12e","cortado"],["6492655f3d5c2046f68488e3","flat white"],["649265b0bde083059e12b609","macchiato"],["6492660591775505a57d72f5","con panna"],["649266870d942505abbeeb22","affogato"],["649266b8c125a02643829317","irish coffee"],["53c7ccb80b2cd0a3114dc4f3","inserting coin"],["53ce41f162cf163c3409de29","electric machine started"],["649274d8054e5446fc984857","coffee machine started"]]}}