{"base":"DYNATHING","creator":"5d45569e6d264107008c9c7f","id":"649e5b6d9207e0264a61e35e","name":"as putting","prop":{"attr":[9],"text":"0s: cells 1+8 show\n0.5s: cell 1 hide, cell 2 show\n1S: CELL 2 HIDE, CELL 3 SHOW\n1.5S: CELL 3 HIDE, CELL 4 SHOW\n2S: CELL 4 HIDE, CELL 5 SHOW\n2.5S: CELL 5 HIDE, CELL 6 SHOW\n3S: CELL 6 HIDE, CELL 7 SHOW\n3.5S: CELL 7 HIDE, CELL 1 SHOW\n4S: CELL 1 HIDE, CELL 2 SHOW\n4.5S: CELL 2 HIDE, CELL 3 SHOW\n5S: CELL 3 HIDE, CELL 4 SHOW\n5.5S: CELL 4 HIDE, CELL 5 SHOW\n6S: CELL 5 HIDE, CELL 6 SHOW\n6.5S: CELL 6 HIDE, CELL 7 SHOW\n7S: restart\n"}}