{"base":"DYNATHING","creator":"5d45569e6d264107008c9c7f","id":"64d8d7bbb707c926441081eb","name":"hd doing","prop":{"attr":[9],"text":"0s: cell 1 show\n0.15s: cell 2 show, cell 1 hide\n0.3S: CELL 3 SHOW, CELL 2 HIDE\n0.45S: CELL 4 SHOW, CELL 3 HIDE\n0.6S: CELL 5 SHOW, CELL 4 HIDE\n0.75S: CELL 6 SHOW, CELL 5 HIDE\n0.9S: CELL 6 SHOW, CELL 7 HIDE\n1.05S: CELL 5 SHOW, CELL 6 HIDE\n1.2S: CELL 4 SHOW, CELL 5 HIDE\n1.35S: CELL 3 SHOW, CELL 4 HIDE\n1.5S: CELL 2 SHOW, CELL 3 HIDE\n1.65S: CELL 1 SHOW, CELL 2 HIDE\n1.8S: CELL 7 SHOW, CELL 1 HIDE\n1.95S: CELL 1 SHOW, cell 7 hide\n2.1S: CELL 2 SHOW, CELL 1 HIDE\n2.25S: CELL 3 SHOW, CELL 2 HIDE\n2.4S: CELL 4 SHOW, CELL 3 HIDE\n2.55S: CELL 5 SHOW, CELL 4 HIDE\n2.7S: CELL 6 SHOW, CELL 5 HIDE\n2.85S: CELL 6 SHOW, CELL 7 HIDE\n3S: CELL 5 SHOW, CELL 6 HIDE\n3.15S: CELL 4 SHOW, CELL 5 HIDE\n3.3S: CELL 3 SHOW, CELL 4 HIDE\n3.45S: CELL 2 SHOW, CELL 3 HIDE\n3.6S: CELL 1 SHOW, CELL 2 HIDE\n3.75S: CELL 7 SHOW, CELL 1 HIDE\n3.95S: CELL 1 SHOW, CELL 7 HIDE\n4.1S: CELL 2 SHOW, CELL 1 HIDE\n4.25S: CELL 3 SHOW, CELL 2 HIDE\n4.4S: CELL 4 SHOW, CELL 3 HIDE\n4.55S: CELL 5 SHOW, CELL 4 HIDE\n4.7S: CELL 6 SHOW, CELL 5 HIDE\n4.85S: CELL 6 SHOW, CELL 7 HIDE\n5S: CELL 5 SHOW, CELL 6 HIDE\n5.15S: CELL 4 SHOW, CELL 5 HIDE\n5.3S: CELL 3 SHOW, CELL 4 HIDE\n5.45s: cell 2 show, cell 3 hide\n5.6s: cell 1 show, cell 2 hide\n6s: restart\n\n5.45S: CELL 2 SHOW, CELL 3 HIDE\n5.6S: CELL 1 SHOW, CELL 2 HIDE\n5.75S: CELL 7 SHOW, CELL 1 HIDE"}}