{"base":"INTERACT","creator":"5d45569e6d264107008c9c7f","id":"64eb7043a1029c46f4470700","name":"hotdog shop","prop":{"textSize":6571,"attr":[1],"textData":"hears pass and isn't inserted: *enter code: ... * /is code\nhears 778 and is code: *used: [value used] times*\nhears 779 and is code: -Hotdog shop-  info:  version: 1.2  *--pvms 1.0--*  **only private spaces**  made by thatdanil (mr.mario)\nHEARS 780 AND IS CODE: *used value cleared* /=0 used\nhears 800 and is code: *free mode enabled* /is free\nhears 801 and is code: *free mode disabled* /isn't free\nhears 851 and is code: *'custom' parameter off* /is ncustom\nhears 850 and is code: *'custom' parameter on* /isn't ncustom\nhears cancel and is code: *password mode disabled* /isn't code\nis code: *n-f*\n\nisn't inserted and is free and isn't ncustom: *select program or custom* /is custom /is inserted /isn't code\nISN'T INSERTED AND IS FREE AND IS nCUSTOM: *SELECT hotdog or type menu* /IS INSERTED /ISN'T CODE\nISN'T INSERTED AND ISn't FREE and isn't code: *insert coin* /+1 click /countdown invisible 3\n\ngets coin and isn't inserted AND ISn't nCUSTOM: *SELECT program OR CUSTOM* /IS CUSTOM /IS INSERTED /ISN'T CODE /plays inserting coin\nGETS COIN AND ISN'T INSERTED AND IS nCUSTOM: *SELECT HOTDOG OR TYPE MENU* /IS INSERTED /ISN'T CODE /PLAYS INSERTING COIN\n\nhears program and is custom: *SELECT HOTDOG OR TYPE MENU* /isn't custom /is program /=0 param\nHEARS custom AND IS CUSTOM: *wait* /=1 PARAM /wpts\n\nENDS wpts AND is custom and param == 1: *buns: close, open?*\nENDS Wpts AND IS CUSTOM AND PARAM == 2: *sausage: beef, chicken?*\nends Wpts and IS CUSTOM AND PARAM == 3: *ketchup: y, n?*\nENDS Wpts AND IS CUSTOM AND PARAM == 4: *mayonase: Y, N?*\nENDS wpts AND IS CUSTOM AND PARAM == 9: *PLEASE WAIT* /READY\nhears close and param == 1: /+1 param /is bclose /Wpts \nHEARS open AND PARAM == 1: /+1 PARAM /IS Bopen /Wpts \nHEARS beef AND PARAM == 2: /+1 PARAM /IS sbeef /Wpts \nHEARS chicken AND PARAM == 2: /+1 PARAM /IS Schick /Wpts\nHEARS y AND PARAM == 3: /+1 PARAM /IS ketch /Wpts \nHEARS n AND PARAM == 3: /+1 PARAM /wpts \nHEARS Y AND PARAM == 4: /=9 PARAM /IS mayo /wpts\nHEARS N AND PARAM == 4: /=9 PARAM /wpts\n\nends ready and is bclose and is sbeef and is ketch and is mayo: *ready* /hd doing /waits 6  *done* /gives hotdog cbkm /=0 param /isn't inserted /isn't custom /isn't bclose /isn't sbeef /isn't ketch /isn't mayo /+1 USED\n\nENDS READY AND IS BCLOSE AND IS Schick AND IS KETCH AND IS MAYO: *READY* /HD DOING /WAITS 6  *DONE* /GIVES HOTDOG CcKM /=0 PARAM /ISN'T INSERTED /ISN'T CUSTOM /ISN'T BCLOSE /ISN'T Schick /ISN'T KETCH /ISN'T MAYO /+1 USED\n\nENDS READY AND IS BCLOSE AND IS Sbeef AND IS KETCH and isn't mayo: *READY* /HD DOING /WAITS 6  *DONE* /GIVES HOTDOG CbK /=0 PARAM /ISN'T INSERTED /ISN'T CUSTOM /ISN'T BCLOSE /ISN'T SCHICK /ISN'T KETCH /+1 USED\n\nENDS READY AND IS BCLOSE AND IS SCHICK AND IS KETCH and isn't mayo: *READY* /HD DOING /WAITS 10  *DONE* /GIVES HOTDOG CCK /=0 PARAM /ISN'T INSERTED /ISN'T CUSTOM /ISN'T BCLOSE /ISN'T SCHICK /ISN'T KETCH /+1 USED\n\nENDS READY AND IS BCLOSE AND IS Sbeef AND IS MAYO and isn't ketch: *READY* /HD DOING /WAITS 6  *DONE* /GIVES HOTDOG CbM /=0 PARAM /ISN'T INSERTED /ISN'T CUSTOM /ISN'T BCLOSE /ISN'T SBEEF /ISN'T MAYO /+1 USED\n\nENDS READY AND IS BCLOSE AND IS Schick AND IS MAYO AND ISN'T KETCH and ISN'T MAYO: *READY* /HD DOING /WAITS 6  *DONE* /GIVES HOTDOG CcM /=0 PARAM /ISN'T INSERTED /ISN'T CUSTOM /ISN'T BCLOSE /ISN'T Schick /ISN'T MAYO /+1 USED\n\nENDS READY AND IS BCLOSE AND IS Sbeef AND ISN'T KETCH and ISN'T MAYO: *READY* /HD DOING /WAITS 6  *DONE* /GIVES HOTDOG Cb /=0 PARAM /ISN'T INSERTED /ISN'T CUSTOM /ISN'T BCLOSE /ISN'T Sbeef /+1 USED\n\nENDS READY AND IS BCLOSE AND IS Schick AND ISN'T KETCH: *READY* /HD DOING /WAITS 6  *DONE* /GIVES HOTDOG Cc /=0 PARAM /ISN'T INSERTED /ISN'T CUSTOM /ISN'T BCLOSE /ISN'T Schick /+1 USED\n\nENDS READY AND IS Bopen AND IS SBEEF AND IS KETCH AND IS MAYO: *READY* /HD DOING /WAITS 6  *DONE* /GIVES HOTDOG oBKM /=0 PARAM /ISN'T INSERTED /ISN'T CUSTOM /ISN'T Bopen /ISN'T SBEEF /ISN'T KETCH /ISN'T MAYO /+1 USED\n\nENDS READY AND IS Bopen AND IS SCHICK AND IS KETCH AND IS MAYO: *READY* /HD DOING /WAITS 6  *DONE* /GIVES HOTDOG oCKM /=0 PARAM /ISN'T INSERTED /ISN'T CUSTOM /ISN'T Bopen /ISN'T SCHICK /ISN'T KETCH /ISN'T MAYO /+1 USED\n\nENDS READY AND IS Bopen AND IS SBEEF AND IS MAYO AND ISN'T KETCH: *READY* /HD DOING /WAITS 6  *DONE* /GIVES HOTDOG oBM /=0 PARAM /ISN'T INSERTED /ISN'T CUSTOM /ISN'T Bopen /ISN'T SBEEF /ISN'T MAYO /+1 USED\n\nENDS READY AND IS Bopen AND IS SCHICK AND IS MAYO AND ISN'T KETCH: *READY* /HD DOING /WAITS 6  *DONE* /GIVES HOTDOG oCM /=0 PARAM /ISN'T INSERTED /ISN'T CUSTOM /ISN'T Bopen /ISN'T SCHICK /ISN'T MAYO /+1 USED\n\nENDS READY AND IS Bopen AND IS SBEEF AND ISN'T KETCH AND ISN'T MAYO: *READY* /HD DOING /WAITS 10  *DONE* /GIVES HOTDOG oB /=0 PARAM /ISN'T INSERTED /ISN'T CUSTOM /ISN'T Bopen /ISN'T SBEEF /+1 USED\n\nENDS READY AND IS Bopen AND IS SCHICK AND ISN'T KETCH AND ISN'T MAYO: *READY* /HD DOING /WAITS 6  *DONE* /GIVES HOTDOG oc /=0 PARAM /ISN'T INSERTED /ISN'T CUSTOM /ISN'T Bopen /ISN'T SCHICK /+1 USED\n\nENDS READY AND IS Bopen AND IS SBEEF AND IS KETCH AND ISN'T MAYO: *READY* /HD DOING /WAITS 6  *DONE* /GIVES HOTDOG oBK /=0 PARAM /ISN'T INSERTED /ISN'T CUSTOM /ISN'T Bopen /ISN'T SCHICK /ISN'T KETCH /+1 USED\n\nENDS READY AND IS Bopen AND IS SCHICK AND IS KETCH AND ISN'T MAYO: *READY* /HD DOING /WAITS 6  *DONE* /GIVES HOTDOG oCK /=0 PARAM /ISN'T INSERTED /ISN'T CUSTOM /ISN'T Bopen /ISN'T SCHICK /ISN'T KETCH /+1 USED\n\nhears menu and is inserted and is program: 4 products available:  classic  france  new-york  kingdog\n\nhears classic and is inserted and is program: *please wait* /HD DOING /WAITS 6  *DONE* /GIVES classicdog /ISN'T INSERTED /ISN'T program /+1 used\n\nHEARS france AND IS INSERTED AND IS PROGRAM: *PLEASE WAIT* /HD DOING /WAITS 6  *DONE* /GIVES franceDOG /ISN'T INSERTED /ISN'T PROGRAM /+1 USED\n\nHEARS new-york AND IS INSERTED AND IS PROGRAM: *PLEASE WAIT* /HD DOING /WAITS 6  *DONE* /GIVES new-york hotDOG /ISN'T INSERTED /ISN'T PROGRAM /+1 USED\n\nHEARS kingdog AND IS INSERTED AND IS PROGRAM: *PLEASE WAIT* /HD DOING /WAITS 6  *DONE* /GIVES kingDOG /ISN'T INSERTED /ISN'T PROGRAM /+1 USED\n\nhears cancel and is inserted: *see you later!* /isn't inserted /isn't program /isn't custom /isn't sbeef /isn't schick /isn't bclose /isn't bopen /isn't ketch /isn't mayo /=0 param\n\nclick >= 10: **Check out another machines...** /=0 click  **...by thatdanil!**  -this software is private-  if you place in  unautorized places  without *original token*  you will disrespected.  if you find one of these illegal  contact with writable near around.  visit *thatdanil factory* for more.\n\ncountdown reaches 0: /=0 click\n\n\n\n\n\n\n","checksNears":true,"thingRefs":[["64d8c256b707c926441081c0","wpts"],["64d8c971fa6da105a2fc9184","ready"],["64d8d7bbb707c926441081eb","hd doing"],["64da239aa0e99e05a9c75cf1","hotdog cbkm"],["64da23a4c125a0264383dc49","hotdog cckm"],["64da23cea75b9d46f3292113","hotdog ccm"],["64da23d7e5ee8b05a6e475fb","hotdog cbm"],["64da23f3b8b2df05a8676531","hotdog cbk"],["64da23fcb707c9264410886d","hotdog cck"],["64da241da75b9d46f3292114","hotdog cb"],["64da2423e5ee8b05a6e475fd","hotdog cc"],["64da2981a75b9d46f329211d","hotdog oc"],["64da2987a0e99e05a9c75cf7","hotdog ob"],["64da29e5e5ee8b05a6e47605","hotdog ock"],["64da2a25b707c92644108877","hotdog obk"],["64da2a64a0e99e05a9c75cf9","hotdog ocm"],["64da2a88e5ee8b05a6e47607","hotdog obm"],["64da2abd054e5446fc998264","hotdog obkm"],["64da2c27b8b2df05a867653b","hotdog ockm"],["64da2e45054e5446fc998267","francedog"],["64da2e5db707c9264410888b","classicdog"],["64da2ebb778b7105a0c76e21","new-york hotdog"],["64da2f83778b7105a0c76e23","kingdog"],["53c7ccb80b2cd0a3114dc4f3","inserting coin"]]}}