{"base":"DYNATHING","creator":"5d45569e6d264107008c9c7f","id":"64ef26f9a75b9d46f3298701","name":"run slot machine","prop":{"attr":[9,3],"text":"0s: cell 1 show, cells 1+2 z-index 1, CELL 3 SHOW\n0.1S: CELL 3 HIDE, CELL 4 SHOW\n0.2S: CELL 4 HIDE, CELL 5 SHOW\n0.3S: CELL 5 HIDE, CELL 4 SHOW\n0.4S: CELL 4 HIDE, CELL 3 SHOW\n0.5S: CELL 2 show, cell 1 hide\n1S: CELL 1 SHOW, cell 2 hide\n1.5S: CELL 2 SHOW, CELL 1 HIDE\n2S: CELL 1 SHOW, CELL 2 HIDE\n2.5S: CELL 2 SHOW, CELL 1 HIDE\n3S: CELL 1 SHOW, CELL 2 HIDE\n3.5S: CELL 2 SHOW, CELL 1 HIDE\n4S: CELL 1 SHOW, CELL 2 HIDE\n4.5S: CELL 2 SHOW, CELL 1 HIDE\n5S: CELL 1 SHOW, CELL 2 HIDE\n5.5S: CELL 2 SHOW, CELL 1 HIDE\n6S: CELL 1 SHOW, CELL 2 HIDE\n6.5S: CELL 2 SHOW, CELL 1 HIDE\n7S: CELL 1 SHOW, CELL 2 HIDE\n7.5S: CELL 2 SHOW, CELL 1 HIDE\n8S: CELL 1 SHOW, CELL 2 HIDE\n8.5S: CELL 2 SHOW, CELL 1 HIDE\n9S: restart\n\n0s: cell 6 show\n0.1s: cell 6 hide, cell 7 show\n0.2s: cell 7 hide, cell 8 show\n0.3S: CELL 6 SHOW, cell 8 hide\n0.4S: CELL 6 HIDE, CELL 7 SHOW\n0.5S: CELL 7 HIDE, CELL 8 SHOW\n0.6S: CELL 6 HIDE, CELL 7 SHOW\n0.7S: CELL 7 HIDE, CELL 8 SHOW\n0.8S: CELL 6 SHOW, CELL 8 HIDE\n0.9S: CELL 6 HIDE, CELL 7 SHOW\n1S: CELL 7 HIDE, CELL 8 SHOW\n1.1S: CELL 6 SHOW, CELL 8 HIDE\n1.2S: CELL 6 HIDE, CELL 7 SHOW\n1.3S: CELL 7 HIDE, CELL 8 SHOW\n1.4S: CELL 6 SHOW, CELL 8 HIDE\n1.5S: CELL 6 HIDE, CELL 7 SHOW\n1.6S: CELL 7 HIDE, CELL 8 SHOW\n1.7S: CELL 6 SHOW, CELL 8 HIDE\n1.8S: CELL 6 HIDE, CELL 7 SHOW\n1.9S: CELL 7 HIDE, CELL 8 SHOW\n2S: CELL 6 SHOW, CELL 8 HIDE\n2.1S: CELL 6 HIDE, CELL 7 SHOW\n2.2S: CELL 7 HIDE, CELL 8 SHOW\n2.3S: CELL 6 SHOW, CELL 8 HIDE\n2.4S: CELL 6 HIDE, CELL 7 SHOW\n2.5S: CELL 7 HIDE, CELL 8 SHOW\n2.6S: CELL 6 SHOW, CELL 8 HIDE\n2.7S: CELL 6 HIDE, CELL 7 SHOW\n2.8S: CELL 7 HIDE, CELL 8 SHOW\n2.9S: CELL 6 SHOW, CELL 8 HIDE\n3S: CELL 6 HIDE, CELL 7 SHOW\n3.1S: CELL 7 HIDE, CELL 8 SHOW\n3.2S: CELL 6 SHOW, CELL 8 HIDE\n3.3S: CELL 6 HIDE, CELL 7 SHOW\n3.4S: CELL 7 HIDE, CELL 8 SHOW\n3.5S: CELL 6 SHOW, CELL 8 HIDE\n3.6S: CELL 6 HIDE, CELL 7 SHOW\n3.7S: CELL 7 HIDE, CELL 8 SHOW\n3.8S: CELL 6 SHOW, CELL 8 HIDE\n3.9S: CELL 6 HIDE, CELL 7 SHOW\n4S: CELL 7 HIDE, CELL 8 SHOW\n4.1S: CELL 6 SHOW, CELL 8 HIDE\n4.2S: CELL 6 HIDE, CELL 7 SHOW\n4.3S: CELL 7 HIDE, CELL 8 SHOW\n4.4S: CELL 6 SHOW, CELL 8 HIDE\n4.5S: CELL 6 HIDE, CELL 7 SHOW\n4.6S: CELL 7 HIDE, CELL 8 SHOW\n4.7S: CELL 6 SHOW, CELL 8 HIDE\n4.8S: CELL 6 HIDE, CELL 7 SHOW\n4.9S: CELL 7 HIDE, CELL 8 SHOW\n5S: CELL 6 SHOW, CELL 8 HIDE\n5.1S: CELL 6 HIDE, CELL 7 SHOW\n5.2S: CELL 7 HIDE, CELL 8 SHOW\n5.3S: CELL 6 SHOW, CELL 8 HIDE\n5.4S: CELL 6 HIDE, CELL 7 SHOW\n5.5S: CELL 7 HIDE, CELL 8 SHOW\n5.6S: CELL 6 SHOW, CELL 8 HIDE\n5.7S: CELL 6 HIDE, CELL 7 SHOW\n5.8S: CELL 7 HIDE, CELL 8 SHOW\n5.9S: CELL 6 SHOW, CELL 8 HIDE\n6S: CELL 6 HIDE, CELL 7 SHOW\n6.1S: CELL 7 HIDE, CELL 8 SHOW\n6.2S: CELL 6 SHOW, CELL 8 HIDE\n6.3S: CELL 6 HIDE, CELL 7 SHOW\n6.4S: CELL 7 HIDE, CELL 8 SHOW\n6.5S: CELL 6 SHOW, CELL 8 HIDE\n6.6S: CELL 6 HIDE, CELL 7 SHOW\n6.7S: CELL 7 HIDE, CELL 8 SHOW\n6.8S: CELL 6 SHOW, CELL 8 HIDE\n6.9S: CELL 6 HIDE, CELL 7 SHOW\n7S: CELL 7 HIDE, CELL 8 SHOW\n7.1S: CELL 6 SHOW, CELL 8 HIDE\n7.2S: CELL 6 HIDE, CELL 7 SHOW\n7.3S: CELL 7 HIDE, CELL 8 SHOW\n7.4S: CELL 6 SHOW, CELL 8 HIDE\n7.5S: CELL 6 HIDE, CELL 7 SHOW\n7.6S: CELL 7 HIDE, CELL 8 SHOW\n7.7S: CELL 6 SHOW, CELL 8 HIDE\n7.8S: CELL 6 HIDE, CELL 7 SHOW\n7.9S: CELL 7 HIDE, CELL 8 SHOW\n8S: CELL 6 SHOW, CELL 8 HIDE\n8.1S: CELL 6 HIDE, CELL 7 SHOW\n8.2S: CELL 7 HIDE, CELL 8 SHOW\n8.3S: CELL 6 SHOW, CELL 8 HIDE\n8.4S: CELL 6 HIDE, CELL 7 SHOW\n8.5S: CELL 7 HIDE, CELL 8 SHOW\n8.6S: CELL 6 SHOW, CELL 8 HIDE\n8.7S: CELL 6 HIDE, CELL 7 SHOW\n8.8S: CELL 7 HIDE, CELL 8 SHOw\n8.9S: CELL 6 SHOW, CELL 8 HIDE\n9S: restart\n"}}