{"base":"INTERACT","creator":"5d45569e6d264107008c9c7f","id":"64f2ff7fa75b9d46f3299c89","name":"tux","prop":{"textSize":236,"attr":[8],"textData":"touches: {are you sure you want to get this skin?} {cost: 25}\n- hears yes and their buxes > 24: {you got 'tux' skin.} /gives tux /-25 effects-free their buxes>\n- HEARS YES AND THEIR BUXES <= 24: {not enough buxes.} >\n- HEARS no: {ok.} >","thingRefs":[["56ce3bfb179bbc17137eb0eb","tux"],["64eee21db707c9264410e982","buxes"]],"clonedFrom":"56ce3bfb179bbc17137eb0eb"}}