{"base":"INTERACT","creator":"5d45569e6d264107008c9c7f","id":"64fac43828b6da045bd70354","name":"bux piggie","prop":{"textSize":678,"attr":[1,6],"textData":"touches and bux == 0: say 'help' for info.\n\ntouches and bux > 99: +100 /+100 effects-free their buxes /-100 bux\nTOUCHES AND BUX <= 99 -and- bux > 0: +[value bux] /+[VALUE BUX] EFFECTS-FREE THEIR BUXES /=0 BUX\n\nhears \"send 10\": -10 /-10 effects-free their buxes /+10 bux\nHEARS \"SEND 50\": -50 /-50 EFFECTS-FREE THEIR BUXES /+50 BUX\nHEARS \"SEND 100\": -100 /-100 EFFECTS-FREE THEIR BUXES /+100 BUX\nHEARS \"SEND 500\": -500 /-500 EFFECTS-FREE THEIR BUXES /+500 BUX\nHEARS \"SEND 1000\": -1000 /-1000 EFFECTS-FREE THEIR BUXES /+1000 BUX\n\nhears \"help\": command table\\:  'help' - shows help  'send 10, 50, 100, 500, 1000'  - send buxes into bux piggie  action - take buxes from bux piggie\n\n\n","thingRefs":[["64eee21db707c9264410e982","buxes"]]}}