{"base":"INTERACT","creator":"5d45569e6d264107008c9c7f","id":"6502ecc2bf88c605b0485b9e","name":"colorball hit","prop":{"textSize":315,"attr":[6,1,4,13],"textData":"hits \"colorball bouncy\": *hit +1* /+1 effects-free their buxes /WAITS 5\nHITS \"COLORBALL BOUNCY\": *HIT +2* /+2 EFFECTS-FREE THEIR BUXES /waits 5\nHITS \"COLORBALL BOUNCY\": *HIT +3* /+3 EFFECTS-FREE THEIR BUXES /WAITS 5\nHITS \"COLORBALL BOUNCY\" and is [chance 2]: *lucky HIT +250* /+250 EFFECTS-FREE THEIR BUXES /WAITS 5","boundingBox":[5,10,23,28],"checksNears":true,"thingRefs":[["64eee21db707c9264410e982","buxes"]]}}