{"base":"MUSIC","creator":"5d45569e6d264107008c9c7f","id":"6502db7858c47605b446ed6c","name":"turkish march","prop":{"musicData":{"piano":{"37_85":[["3","a"],["2","a"]],"37_70":[["4","c"]],"37_55":[["3","b"],["2","gs"],["2","e"]],"37_40":[["4","c"]],"37_25":[["3","b"],["2","gs"],["2","e"]],"36_95":[["2","a"],["2","e"]],"36_65":[["4","c"],["2","a"],["2","e"]],"36_35":[["4","d"],["2","b"],["2","f"]],"36_05":[["4","f"],["2","d"]],"35_75":[["4","e"],["2","a"],["2","e"]],"35_45":[["4","a"],["2","c"]],"35_15":[["4","gs"],["2","b"],["2","f"]],"34_85":[["4","a"],["2","d"]],"34_55":[["4","b"],["3","e"],["2","a"]],"34_25":[["4","c"],["2","e"]],"33_95":[["4","b"],["3","ds"],["2","a"]],"33_65":[["4","a"],["3","ds"],["2","a"]],"33_35":[["3","ds"],["2","a"]],"33_05":[["4","c"],["2","f"]],"32_90":[["4","a"]],"32_75":[["4","gs"],["3","e"],["3","c"]],"32_60":[["4","a"]],"32_45":[["4","b"],["2","a"]],"32_30":[["4","a"]],"32_15":[["4","gs"],["3","e"],["3","c"]],"32_00":[["4","a"]],"31_85":[["4","b"],["2","a"]],"31_70":[["4","e"]],"31_55":[["4","ds"],["3","e"],["3","c"]],"31_40":[["4","e"]],"31_25":[["4","f"],["3","e"],["3","c"]],"30_95":[["3","e"],["3","c"]],"30_65":[["4","e"],["2","a"]],"30_50":[["4","c"]],"30_35":[["3","b"],["3","e"],["3","c"]],"30_20":[["4","c"]],"30_05":[["4","d"],["3","e"],["3","c"]],"29_75":[["3","e"],["3","c"]],"29_45":[["4","c"],["2","a"]],"29_30":[["3","a"]],"29_15":[["3","gs"]],"29_00":[["3","a"]],"28_85":[["3","b"]],"28_25":[["3","b"],["3","gs"],["2","e"]],"28_10":[["4","c"]],"27_95":[["4","d"],["3","c"]],"27_80":[["4","e"]],"27_65":[["4","f"],["2","c"]],"27_35":[["4","e"],["4","c"],["2","a"]],"27_05":[["4","e"],["4","c"],["2","a"]],"26_75":[["4","d"],["3","b"]],"26_45":[["4","c"],["3","a"]],"25_85":[["3","b"],["3","gs"],["2","e"]],"25_70":[["4","c"]],"25_55":[["4","d"],["3","c"]],"25_40":[["4","e"]],"25_25":[["4","f"],["2","c"]],"24_95":[["4","e"],["4","c"],["2","a"]],"24_65":[["4","e"],["4","c"],["2","a"]],"24_35":[["4","d"],["3","b"]],"24_05":[["4","c"],["3","a"]],"23_45":[["4","d"],["3","b"],["2","g"]],"23_30":[["4","e"]],"23_15":[["4","f"],["3","e"]],"23_00":[["4","g"]],"22_85":[["4","a"],["2","e"]],"22_55":[["4","g"],["4","e"],["3","c"]],"22_25":[["4","g"],["4","e"],["2","c"]],"21_95":[["4","f"],["4","d"]],"21_65":[["4","e"],["4","c"]],"21_05":[["4","d"],["3","b"],["2","g"]],"20_90":[["4","e"]],"20_75":[["4","f"],["3","e"]],"20_60":[["4","g"]],"20_45":[["4","a"],["2","e"]],"20_15":[["4","g"],["4","e"],["3","c"]],"19_85":[["4","g"],["4","e"],["2","c"]],"19_55":[["4","f"],["4","d"]],"19_25":[["4","e"],["4","c"]],"18_65":[["4","e"],["2","e"]],"18_35":[["4","fs"],["4","d"],["3","e"],["2","b"]],"18_05":[["4","g"],["4","e"],["2","d"]],"17_75":[["4","a"],["4","fs"],["3","e"],["2","b"]],"17_45":[["4","b"],["2","e"]],"17_15":[["4","a"],["4","fs"],["3","e"],["2","b"]],"16_85":[["4","g"],["4","e"],["3","e"],["2","b"]],"16_55":[["4","a"],["4","fs"],["3","e"],["2","b"]],"16_25":[["4","b"],["2","e"]],"15_95":[["4","a"],["4","fs"],["3","e"],["2","b"]],"15_65":[["4","g"],["4","e"],["3","e"],["2","b"]],"15_35":[["4","a"],["4","fs"],["3","e"],["2","b"]],"15_05":[["4","b"],["2","e"]],"14_75":[["4","c"],["3","e"],["3","c"]],"14_45":[["4","a"],["3","e"],["3","c"]],"14_15":[["3","e"],["3","c"]],"13_85":[["4","c"],["2","a"]],"13_70":[["4","a"]],"13_55":[["4","gs"],["3","e"],["3","c"]],"13_40":[["4","a"]],"13_25":[["4","b"],["2","a"]],"13_10":[["4","a"]],"12_95":[["4","gs"],["3","e"],["3","c"]],"12_80":[["4","a"]],"12_65":[["4","b"],["2","a"]],"12_50":[["4","e"]],"12_35":[["4","ds"],["3","e"],["3","c"]],"12_20":[["4","e"]],"12_05":[["4","f"],["3","e"],["3","c"]],"11_75":[["3","e"],["3","c"]],"11_45":[["4","e"],["2","a"]],"11_30":[["4","c"]],"11_15":[["3","b"],["3","e"],["3","c"]],"11_00":[["4","c"]],"10_85":[["4","d"],["3","e"],["3","c"]],"10_55":[["3","e"],["3","c"]],"10_25":[["4","c"],["2","a"]],"10_10":[["3","a"]],"9_95":[["3","gs"]],"9_80":[["3","a"]],"9_65":[["3","b"]],"9_05":[["4","e"],["2","e"]],"8_75":[["4","fs"],["4","d"],["3","e"],["2","b"]],"8_45":[["4","g"],["4","e"],["2","d"]],"8_15":[["4","a"],["4","fs"],["3","e"],["2","b"]],"7_85":[["4","b"],["2","e"]],"7_55":[["4","a"],["4","fs"],["3","e"],["2","b"]],"7_25":[["4","g"],["4","e"],["3","e"],["2","b"]],"6_95":[["4","a"],["4","fs"],["3","e"],["2","b"]],"6_65":[["4","b"],["2","e"]],"6_35":[["4","a"],["4","fs"],["3","e"],["2","b"]],"6_05":[["4","g"],["4","e"],["3","e"],["2","b"]],"5_75":[["4","a"],["4","fs"],["3","e"],["2","b"]],"5_45":[["4","b"],["2","e"]],"5_15":[["4","c"],["3","e"],["3","c"]],"4_85":[["4","a"],["3","e"],["3","c"]],"4_55":[["3","e"],["3","c"]],"4_25":[["4","c"],["2","a"]],"4_10":[["4","a"]],"3_95":[["4","gs"],["3","e"],["3","c"]],"3_80":[["4","a"]],"3_65":[["4","b"],["2","a"]],"3_50":[["4","a"]],"3_35":[["4","gs"],["3","e"],["3","c"]],"3_20":[["4","a"]],"3_05":[["4","b"],["2","a"]],"2_90":[["4","e"]],"2_75":[["4","ds"],["3","e"],["3","c"]],"2_60":[["4","e"]],"2_45":[["4","f"],["3","e"],["3","c"]],"2_15":[["3","e"],["3","c"]],"1_85":[["4","e"],["2","a"]],"1_70":[["4","c"]],"1_55":[["3","b"],["3","e"],["3","c"]],"1_40":[["4","c"]],"1_25":[["4","d"],["3","e"],["3","c"]],"0_95":[["3","e"],["3","c"]],"0_65":[["4","c"],["2","a"]],"0_50":[["3","a"]],"0_35":[["3","gs"]],"0_20":[["3","a"]],"0_05":[["3","b"]]}}}}