{"base":"INTERACT","creator":"5d45569e6d264107008c9c7f","id":"650955b34fc69105cb6f111c","name":"soda water machine","prop":{"textSize":1377,"attr":[6,1],"textData":"hears info and isn't info and isn't active: *info mode* /is info /isn't setup\n- hears \"used\": *used [value used] times*\n- hears \"full\": -soda water machine-  full info:  version: 1.1  *-rvms 3.1-*  made by thatdanil. 2023\n- hears \"full name\": *retail soda water machine*\n- hears \"system name\": *-retail vending machines v3.1-*\n- hears \"description\": this machine is for selling   soda, or non-soda water.  pick one type of water and done!\n- hears \"2023\": *hiddn message*  thanks for using my products. -thatdanil-\n- hears \"quit\": *okay* /isn't info >\n\nhears \"setup\" AND ISN'T setup AND ISN'T ACTIVE: *setup mode* /is setup /isn't info\n- hears \"no soda\" and isn't nosoda: *now only non-soda option* /is nosoda\n- HEARS \"NO SODA\" AND IS NOSODA: *now all soda modes* /ISn't NOSODA\n- HEARS \"QUIT\": *OKAY* /ISN'T setup >\n\nisn't active and isn't info and isn't setup: *insert coin*\n\ngets buxcoin and isn't nosoda AND ISN'T SETUP AND ISN'T INFO and ISN'T ACTIVE: *soda gas\\: y\\/n?\" /is active /+1 used\n- hears y: *now wait*  /plays filling with air  *NOW WAIT* /plays plates clanking /GIVES SODA WATER BOTTLE  *done* /isn't active >\n- HEARS n: *NOW WAIT*  /PLAYS PLATES CLANKING /GIVES WATER BOTTLE  *DONE* /ISN'T ACTIVE >\n\nGETS COIN AND IS NOSODA AND ISN'T SETUP AND ISN'T INFO AND ISN'T ACTIVE: *NOW WAIT* /+1 USED  /PLAYS PLATES CLANKING /GIVES WATER BOTTLE  *DONE* /ISN'T ACTIVE > ","thingRefs":[["53c8d220a8423a234e8de604","filling with air"],["53c8d28a08f2b1c67b0f1ef0","plates clanking"],["6505657066065405b40c25c6","soda water bottle"],["6502c4b829789b046f572755","water bottle"]]}}