{"base":"INTERACT","creator":"5d45569e6d264107008c9c7f","id":"650a6b86c3c12305a666b6b7","name":"soda machine (buxcoin)","prop":{"textSize":1762,"attr":[1,6],"textData":"HEARS INFO AND ISN'T INFO AND ISN'T inserted: *INFO MODE* /IS INFO\n- HEARS \"USED\": *USED [VALUE USED] TIMES*\n- HEARS \"FULL\": -SODA MACHINE-  FULL INFO:  VERSION: 1  *-RVMS 3.1Oe-*  MADE BY THATDANIL. 2023\n- HEARS \"FULL NAME\": *RETAIL SODA MACHINE*\n- HEARS \"SYSTEM NAME\": *-RETAIL VENDING MACHINES V3.1 old edition-*\n- HEARS \"DESCRIPTION\": Soda machine can sell lemonade,  apple soda, soda water,  strawberry soda, tarragon,  sprinkers' soda - up to 6 products  you can choose from!\n- HEARS \"2023\": *HIDDN MESSAGE*  THANKS FOR USING MY PRODUCTS. -THATDANIL-\n- HEARS \"QUIT\": *OKAY* /ISN'T INFO >\n\nisn't inserted and isn't info: *insert coin*\n\ngets buxcoin AND ISN'T INFO: *select product or type menu* /is inserted\n\nhears menu and is inserted: 6 products available:  lemonade  apple soda  soda water  strawberry soda  tarragon  sprinkers' soda\n\nhears lemonade and is inserted: *please wait* /ld putting /waits 6  *success* /gives lemonade /+1 used /isn't inserted\nHEARS apple AND IS INSERTED: *PLEASE WAIT* /as PUTTING /plays electric machine started /WAITS 6  *SUCCESS* /GIVES apple soda /+1 USED /ISN'T INSERTED\nHEARS water AND IS INSERTED: *PLEASE WAIT* /sw PUTTING /WAITS 6  *SUCCESS* /GIVES soda water /+1 USED /ISN'T INSERTED\nHEARS strawberry AND IS INSERTED: *PLEASE WAIT* /ss PUTTING /PLAYS ELECTRIC MACHINE STARTED /WAITS 6  *SUCCESS* /GIVES strawberry soda /+1 USED /ISN'T INSERTED\nHEARS tarragon AND IS INSERTED: *PLEASE WAIT* /tg PUTTING /PLAYS ELECTRIC MACHINE STARTED /WAITS 6  *SUCCESS* /GIVES tarragon /+1 USED /ISN'T INSERTED\nHEARS sprinkers AND IS INSERTED: *PLEASE WAIT* /sp PUTTING /PLAYS ELECTRIC MACHINE STARTED /WAITS 6  *SUCCESS* /GIVES sprinkers' soda /+1 USED /ISN'T INSERTED\nhears cancel and is inserted: *see you later!* /isn't inserted","thingRefs":[["649e5b4ba90e5505a1eba533","ld putting"],["649e5b6d9207e0264a61e35e","as putting"],["649e5ba4a1029c46f445bb50","sw putting"],["649e5be05725b9059a521557","ss putting"],["649e5bf89207e0264a61e35f","tg putting"],["649e5c0b054e5446fc987a18","sp putting"],["649e5ce93d5c2046f684bdae","lemonade"],["649e5d13054e5446fc987a1d","apple soda"],["649e5d2d3d5c2046f684bdaf","soda water"],["649e5d70a90e5505a1eba539","strawberry soda"],["649e5daea90e5505a1eba53a","tarragon"],["649e5de13d5c2046f684bdb1","sprinkers' soda"],["53ce41f162cf163c3409de29","electric machine started"]]}}