{"base":"INTERACT","creator":"5d45569e6d264107008c9c7f","id":"650e3036a75b9d46f32a1949","name":"basketblock","prop":{"textSize":916,"attr":[4,6,1,5],"textData":"someone takes \"basketball\": /they are hold_ball\nSOMEONE TAKES \"buxeball\": /THEY ARE HOLD_BALL\n\nhits \"basketball\" AND IS [CHANCE 75]  and they are hold_ball: *hit +1* /+1 EFFECTS-FREE their buxes /they aren't hold_ball\nHITS \"BASKETBALL\" AND IS [CHANCE 50]  AND THEY ARE hold_BALL: *HIT +2* /+2 EFFECTS-FREE THEIR BUXES /THEY AREN'T HOLD_BALL \nHITS \"BASKETBALL\" AND IS [CHANCE 25] AND THEY ARE Hold_BALL: *HIT +3* /+3 EFFECTS-FREE THEIR BUXES /THEY AREN'T HOLD_BALL \nHITS \"BASKETBALL\" and is [chance 10] AND THEY ARE hold_BALL: *lucky HIT +25* /+25 THEIR BUXES /plays glitchy qurazy quoin /THEY AREN'T HOLD_BALL\nhits \"buxeball\" and THEY AREn't ballin and they are hold_ball: *ballin +250* /+250 THEIR BUXES /THEY ARE ballin /they buxrain /plays slot machine winning coins 3 /THEY AREN'T HOLD_BALL\nHITS \"BUXEBALL\" AND they are ballin AND THEY ARE HOLD_BALL: *BALLIN claimed* /THEY AREN'T HOLD_BALL\n\nreaches: /bumps 0 40","boundingBox":[5,10,23,28],"checksNears":true,"reactsTo":["someone_takes"],"thingRefs":[["5433fdb8ac1f4d225c9334d3","glitchy qurazy quoin"],["64eee21db707c9264410e982","buxes"],["64eee459d2234004458aeb6a","buxrain"],["53d01aa49b7cae56572002ec","slot machine winning coins 3"]]}}