{"base":"INTERACT","creator":"5d45569e6d264107008c9c7f","id":"651ea340dfa33a527d4884a7","name":"colorball hit","prop":{"textSize":331,"attr":[6,1,4,13],"textData":"hits \"colorball bouncy\": *hit +1* /+1 effects-free their buxes /WAITS 10  *\nHITS \"COLORBALL BOUNCY\": *HIT +2* /+2 EFFECTS-FREE THEIR BUXES /waits 10  *\nHITS \"COLORBALL BOUNCY\": *HIT +3* /+3 EFFECTS-FREE THEIR BUXES /WAITS 10  *\nHITS \"COLORBALL BOUNCY\" and is [chance 2]: *lucky HIT +250* /+250 EFFECTS-FREE THEIR BUXES /WAITS 10  *","boundingBox":[5,10,23,28],"checksNears":true,"thingRefs":[["64eee21db707c9264410e982","buxes"]]}}