{"base":"INTERACT","creator":"5d45569e6d264107008c9c7f","id":"65200503314753044b47fa2f","name":"waiter","prop":{"textSize":916,"attr":[6],"textData":"hello, i'm the waiter, how can i help you?\n- hears menu: alright... > menu\n- hears weather: oh yes, nice weather outside here!\n- hears how are you: i'm fine, thanks.\n- hears what time is it: hmm, it's [time] now.\n- hears bye: okay, see you later! >\n- hears fact: oh, you want a fact? hmm...  i like the 's' and 'b' letter.\n- what are you askin' for?\n#menu i can suggest a soup,  a salad, a borsch,  a tea, and beer.\n- hears soup: ok, please wait... /finds /waits 3  here is your soup. /gives soup >\n- HEARS salad: OK, PLEASE WAIT... /FINDS /WAITS 3  HERE IS YOUR Salad. /GIVES Salad >\n- HEARS borsch: OK, PLEASE WAIT... /FINDS /WAITS 3  HERE IS YOUR borsch. /GIVES borsch >\n- HEARS tea: OK, PLEASE WAIT... /FINDS /WAITS 3  HERE IS YOUR tea. /GIVES cup of tea >\n- HEARS beer: OK, PLEASE WAIT... /FINDS /WAITS 3  HERE IS YOUR beer. /GIVES beer >\n- HEARS BYE: OKAY, SEE YOU LATER! >\n- hmm, i don't see we'd have that...","thingRefs":[["64ef4fe9a1029c46f4471b8a","finds"],["64ef517ba8e08b05a29076d0","beer"],["64ef5268b707c9264410ea77","soup"],["64ef52aba1029c46f4471b90","borsch"],["64ef53a89e8a6005ab87978a","salad"],["64ef5324a75b9d46f329874a","cup of tea"]]}}