{"base":"INTERACT","creator":"5d45569e6d264107008c9c7f","id":"6520fed9314753044b47fd65","name":"vip door","prop":{"textSize":393,"attr":[4,1,6],"textData":"nears and they don't possess vipcard -and- THEY DON'T POSSESS Vipticket: please buy vip card  to access the vip room. /bumps 180 50\nNEARS AND THEY POSSESS VIPCARD AND THEY AREN'T CHEAT -or- nears and THEY POSSESS VIPTICKET AND THEY AREN'T CHEAT: *open* /open\nNEARS AND THEY POSSESS VIPCARD AND THEY ARE CHEAT -OR- nears and THEY POSSESS VIPTICKET AND THEY ARE CHEAT: WE DO NOT SERVE CHEATERS.\n","boundingBox":[5,10,23,28],"checksNears":true,"thingRefs":[["64ef3d05a75b9d46f3298724","open"]]}}