{"base":"INTERACT","creator":"5d45569e6d264107008c9c7f","id":"652130e63ec85d7c306a2af4","name":"slot machine x (mech)","prop":{"textSize":1544,"attr":[1,6],"textData":"//viewed the announce\nviewed and they aren't SMXMECH: 'earn buxes here!'  'prize table\\:'  '3 apples - 100 buxes'  '3 watermelons - 150 buxes'  '3 peaches - 200 buxes'  '3 sevens - 400 buxes'  'good luck'  'cost\\: 75 buxes' /they are smXmech\n\n//start the game\ntouches and isn't game: {do you want to start this game for 75 buxes?}  {i have [value their buxes] buxes.} /countdown invisible 10\n- hears yes and their buxes > 74: /-75 effects-free their buxes /=[NUMBER 0 100] FACTOR /run slot machine /plays slot machine started /is game >\n- HEARS yes AND THEIR BUXES <= 74: {i don't have enough buxes.} >\n- HEARS no: ok. /isn't game >\n\n//gameplay\nends run slot machine and factor < 50 AND IS GAME: {i lost} /DIFF /isn't game\nENDS RUN SLOT MACHINE AND FACTOR >= 50 AND FACTOR < 60 and is game: {3 apples, i won 100 buxes!} /ISN'T GAME /3apps /+100 effects-free their buxes /plays slot machine winning COINS /THEY BUXRAIN /ISN'T GAME\nENDS RUN SLOT MACHINE AND FACTOR >= 60 and FACTOR < 75 AND IS GAME: {3 watermelons, I WON 150 BUXES} /ISN'T GAME /3wats /+150 EFFECTS-FREE THEIR BUXES /PLAYS SLOT MACHINE WINNING coins /THEY BUXRAIN /ISN'T GAME\nENDS RUN SLOT MACHINE AND FACTOR >= 75 AND FACTOR < 90 AND IS GAME: {3 peaches, I WON 200 BUXES!} /ISN'T GAME /3peac /+200 EFFECTS-FREE THEIR BUXES /PLAYS SLOT MACHINE WINNING COINS 2 /THEY BUXRAIN /ISN'T GAME\nENDS RUN SLOT MACHINE AND FACTOR >= 90 AND IS GAME: {3 sevens, I WON 400 BUXES!} /ISN'T GAME /3sevs /+400 EFFECTS-FREE THEIR BUXES /PLAYS SLOT MACHINE WINNING COINS 3 /they buxrain /ISN'T GAME\n","checksNears":true,"thingRefs":[["53d01b60f94c248743196ec8","slot machine started"],["64eee21db707c9264410e982","buxes"],["64eee459d2234004458aeb6a","buxrain"],["53d01aa49b7cae56572002ec","slot machine winning coins 3"],["53d019dc9b7cae56572002eb","slot machine winning coins 2"],["53d0196df94c248743196ec5","slot machine winning coins"],["64ef1f049e8a6005ab879733","3wats"],["64ef1f84054e5446fc99e707","3sevs"],["64ef1fcab707c9264410e9fd","3peac"],["64ef2055c125a026438442ed","3apps"],["64ef26f9a75b9d46f3298701","run slot machine"],["64f05926c125a026438448cd","diff"]],"info":"THATDANIL FACTORY INC."}}