{"base":"DYNATHING","creator":"5d45569e6d264107008c9c7f","id":"65226d143ec85d7c306a306d","name":"randomizer","prop":{"text":"0s: cell 1 show\n+.5s: cell 1 hide, cell 2 show\n+.5S: CELL 2 HIDE, CELL 3 SHOW\n+.5S: CELL 3 HIDE, CELL 4 SHOW\n+.5S: CELL 4 HIDE, CELL 5 SHOW\n+.5S: CELL 5 HIDE, CELL 6 SHOW\n+.5S: CELL 6 HIDE, CELL 1 SHOW\n+.5S: CELL 1 HIDE, CELL 2 SHOW\n+.5S: CELL 2 HIDE, CELL 3 SHOW\n+.5S: CELL 3 HIDE, CELL 4 SHOW\n+.5S: CELL 4 HIDE, CELL 5 SHOW\n+.5S: CELL 5 HIDE, CELL 6 SHOW\n+.5S: CELL 6 HIDE, CELL 1 SHOW\n+.5S: CELL 1 HIDE, CELL 2 SHOW\n+.5S: CELL 2 HIDE, CELL 3 SHOW\n+.5S: CELL 3 HIDE, CELL 4 SHOW\n+.5S: CELL 4 HIDE, CELL 5 SHOW\n+.5S: CELL 5 HIDE, CELL 6 SHOW\n+.5S: CELL 6 HIDE, CELL 1 SHOW\n+.5S: CELL 1 HIDE, CELL 2 SHOW\n+.5S: CELL 2 HIDE, CELL 3 SHOW\n+.5S: CELL 3 HIDE, CELL 4 SHOW\n+.5S: CELL 4 HIDE, CELL 5 SHOW\n+.5S: CELL 5 HIDE, CELL 6 SHOW\n+.5S: CELL 6 HIDE, CELL 1 SHOW\n+.5S: CELL 1 HIDE, CELL 2 SHOW\n+.5S: CELL 2 HIDE, CELL 3 SHOW\n+.5S: CELL 3 HIDE, CELL 4 SHOW\n+.5S: CELL 4 HIDE, CELL 5 SHOW\n+.5S: CELL 5 HIDE, CELL 6 SHOW\n+.5S: restart\n"}}