{"base":"MUSIC","creator":"5d45569e6d264107008c9c7f","id":"6537bdb4bcd9357c3151c5d5","name":"leaf rag pt3","prop":{"musicData":{"piano":{"9_05":[["4","gs"],["4","ds"],["4","c"],["3","gs"],["3","ds"],["3","c"],["2","gs"]],"8_75":[["4","f"],["4","d"],["3","b"],["3","f"],["3","d"],["2","b"],["2","f"]],"8_45":[["3","gs"],["2","gs"]],"8_15":[["3","as"],["3","cs"],["2","g"]],"8_00":[["4","c"]],"7_85":[["2","g"]],"7_70":[["4","c"]],"7_55":[["4","cs"],["3","cs"],["2","g"]],"7_40":[["3","g"]],"7_25":[["4","ds"],["2","ds"]],"7_10":[["3","as"]],"6_95":[["4","cs"],["3","cs"],["2","as"]],"6_80":[["3","as"]],"6_65":[["2","f"]],"6_50":[["4","cs"]],"6_35":[["3","as"],["3","cs"],["2","as"]],"6_20":[["3","f"]],"6_05":[["3","cs"],["2","as"]],"5_90":[["3","c"]],"5_75":[["3","cs"],["3","c"],["2","a"]],"5_60":[["3","c"]],"5_45":[["3","f"],["2","a"]],"5_30":[["3","e"]],"5_15":[["3","f"],["3","c"],["2","a"]],"5_00":[["3","e"]],"4_85":[["3","f"],["2","f"]],"4_55":[["3","g"],["2","g"]],"4_40":[["3","gs"],["2","gs"]],"4_10":[["4","gs"],["4","c"],["3","gs"],["2","gs"]],"3_95":[["4","ds"]],"3_80":[["3","gs"],["2","gs"]],"3_65":[["4","gs"],["4","c"],["3","gs"],["2","gs"]],"3_50":[["4","ds"]],"3_05":[["4","gs"],["4","c"],["3","ds"],["2","ds"]],"2_90":[["4","ds"]],"2_60":[["4","gs"],["4","c"]],"2_45":[["3","gs"],["2","gs"]],"2_30":[["4","ds"]],"2_15":[["4","f"]],"2_00":[["4","ds"]],"1_85":[["3","as"],["2","as"]],"1_70":[["4","g"],["3","as"]],"1_55":[["4","ds"]],"1_25":[["4","g"],["4","c"],["3","as"],["3","c"]],"1_10":[["4","ds"]],"0_65":[["4","g"],["4","cs"],["3","as"],["3","cs"]],"0_50":[["4","ds"]],"0_20":[["4","g"],["3","as"]],"0_05":[["4","ds"],["3","ds"]]}}}}