{"base":"MUSIC","creator":"5d45569e6d264107008c9c7f","id":"6537bb690303e55270b55dee","name":"leaf rag pt2","prop":{"musicData":{"piano":{"42_95":[["2","a"]],"42_80":[["2","gs"]],"42_50":[["3","gs"]],"42_35":[["3","ds"],["3","c"],["2","gs"]],"42_20":[["3","d"]],"42_05":[["4","ds"],["2","gs"]],"41_90":[["3","gs"]],"41_75":[["3","g"],["3","c"],["2","gs"]],"41_60":[["4","gs"]],"41_45":[["4","c"],["2","gs"]],"41_30":[["3","b"]],"41_15":[["4","c"],["3","c"],["2","gs"]],"41_00":[["4","ds"]],"40_85":[["4","d"],["2","gs"]],"40_70":[["4","ds"]],"40_55":[["4","f"],["2","g"]],"40_40":[["4","ds"],["2","f"]],"40_25":[["3","as"]],"40_10":[["4","g"],["3","as"],["2","ds"]],"39_95":[["4","ds"]],"39_65":[["4","g"],["4","c"],["3","as"],["3","c"]],"39_50":[["4","ds"]],"39_05":[["4","g"],["4","cs"],["3","as"],["3","cs"]],"38_90":[["4","ds"]],"38_60":[["4","g"],["3","as"]],"38_45":[["4","ds"],["3","ds"]],"38_30":[["4","ds"]],"38_15":[["4","f"],["3","a"],["2","a"]],"38_00":[["4","ds"],["3","gs"],["2","gs"]],"37_70":[["4","gs"],["4","c"],["3","gs"],["2","gs"]],"37_55":[["4","ds"]],"37_40":[["3","gs"],["2","gs"]],"37_25":[["4","gs"],["4","c"],["3","gs"],["2","gs"]],"37_10":[["4","ds"]],"36_65":[["4","gs"],["4","c"],["3","ds"],["2","ds"]],"36_50":[["4","ds"]],"36_20":[["4","gs"],["4","c"]],"36_05":[["3","gs"],["2","gs"]],"35_90":[["4","ds"]],"35_75":[["4","f"]],"35_60":[["4","ds"]],"35_45":[["3","as"],["2","as"]],"35_30":[["4","g"],["3","as"]],"35_15":[["4","ds"]],"34_85":[["4","g"],["4","c"],["3","as"],["3","c"]],"34_70":[["4","ds"]],"34_25":[["4","g"],["4","cs"],["3","as"],["3","cs"]],"34_10":[["4","ds"]],"33_80":[["4","g"],["3","as"]],"33_65":[["4","ds"],["3","ds"]],"33_35":[["2","a"]],"33_20":[["2","gs"]],"32_90":[["4","gs"],["3","c"]],"32_75":[["4","g"],["3","cs"]],"32_60":[["4","f"],["3","d"]],"32_45":[["4","ds"],["3","ds"]],"32_30":[["4","c"],["3","c"]],"32_15":[["3","gs"],["2","gs"]],"32_00":[["4","c"],["3","c"]],"31_85":[["4","ds"],["3","ds"]],"31_70":[["4","f"],["3","f"]],"31_55":[["4","gs"],["3","gs"]],"31_40":[["4","f"],["3","f"]],"31_25":[["4","ds"],["3","ds"]],"31_10":[["4","c"],["3","c"]],"30_65":[["4","ds"],["3","ds"],["2","ds"]],"30_50":[["4","e"]],"30_35":[["3","b"]],"30_20":[["3","gs"]],"30_05":[["3","e"],["2","e"]],"29_90":[["4","e"]],"29_75":[["4","ds"]],"29_60":[["3","as"]],"29_45":[["4","ds"],["3","ds"],["2","ds"]],"29_30":[["4","e"]],"29_15":[["3","b"]],"29_00":[["3","gs"]],"28_85":[["3","e"],["2","e"]],"28_70":[["4","e"]],"28_55":[["2","ds"]],"28_40":[["4","ds"]],"28_25":[["3","ds"],["2","as"]],"28_10":[["3","g"]],"27_95":[["3","fs"],["2","ds"]],"27_80":[["3","f"]],"27_65":[["3","gs"],["2","as"],["2","g"]],"27_50":[["3","f"]],"27_35":[["3","ds"],["2","ds"]],"27_20":[["4","ds"]],"27_05":[["4","c"],["3","c"],["2","gs"]],"26_90":[["3","b"]],"26_75":[["4","c"],["3","c"],["2","gs"]],"26_60":[["3","b"]],"26_45":[["2","gs"]],"26_15":[["2","ds"]],"26_00":[["4","ds"]],"25_85":[["3","ds"],["2","as"]],"25_70":[["3","g"]],"25_55":[["3","fs"],["2","ds"]],"25_40":[["3","f"]],"25_25":[["3","gs"],["2","as"],["2","g"]],"25_10":[["3","f"]],"24_95":[["3","ds"],["2","ds"]],"24_80":[["4","ds"]],"24_65":[["4","c"],["3","c"],["2","gs"]],"24_50":[["3","b"]],"24_35":[["4","c"],["3","c"],["2","gs"]],"24_20":[["3","b"]],"24_05":[["2","gs"]],"23_75":[["2","ds"]],"23_60":[["2","e"]],"23_30":[["4","ds"],["3","ds"]],"23_15":[["4","e"],["3","e"]],"23_00":[["3","b"],["2","b"]],"22_85":[["3","e"],["2","e"]],"22_70":[["3","f"],["2","f"]],"22_55":[["3","gs"],["2","gs"]],"22_40":[["4","c"],["3","c"]],"22_25":[["4","ds"],["3","ds"]],"22_10":[["4","f"],["3","f"]],"21_95":[["4","gs"],["3","gs"]],"21_80":[["4","f"],["3","f"]],"21_65":[["4","ds"],["3","ds"]],"21_50":[["4","c"],["3","c"]],"21_05":[["4","ds"],["3","ds"],["2","ds"]],"20_90":[["4","e"]],"20_75":[["3","b"]],"20_60":[["3","gs"]],"20_45":[["3","e"],["2","e"]],"20_30":[["4","e"]],"20_15":[["4","ds"]],"20_00":[["3","as"]],"19_85":[["4","ds"],["3","ds"],["2","ds"]],"19_70":[["4","e"]],"19_55":[["3","b"]],"19_40":[["3","gs"]],"19_25":[["3","e"],["2","e"]],"19_10":[["4","e"]],"18_95":[["2","ds"]],"18_80":[["4","ds"]],"18_65":[["3","ds"],["2","as"]],"18_50":[["3","g"]],"18_35":[["3","fs"],["2","ds"]],"18_20":[["3","f"]],"18_05":[["3","gs"],["2","as"],["2","g"]],"17_90":[["3","f"]],"17_75":[["3","ds"],["2","ds"]],"17_60":[["4","ds"]],"17_45":[["4","c"],["3","c"],["2","gs"]],"17_30":[["3","b"]],"17_15":[["4","c"],["3","c"],["2","gs"]],"17_00":[["3","b"]],"16_85":[["2","gs"]],"16_55":[["2","ds"]],"16_40":[["4","ds"]],"16_25":[["3","ds"],["2","as"]],"16_10":[["3","g"]],"15_95":[["3","fs"],["2","ds"]],"15_80":[["3","f"]],"15_65":[["3","gs"],["2","as"],["2","g"]],"15_50":[["3","f"]],"15_35":[["3","ds"],["2","ds"]],"15_20":[["4","ds"]],"15_05":[["4","c"],["3","c"],["2","gs"]],"14_90":[["3","b"]],"14_75":[["4","c"],["3","c"],["2","gs"]],"14_60":[["3","b"]],"14_45":[["2","gs"]],"14_15":[["2","ds"]],"14_00":[["2","e"]],"13_70":[["4","gs"]],"13_55":[["4","ds"]],"13_40":[["3","gs"]],"13_25":[["3","c"]],"13_10":[["2","b"]],"12_95":[["4","d"]],"12_80":[["4","gs"]],"12_65":[["3","b"]],"12_50":[["3","ds"]],"12_35":[["2","gs"]],"12_20":[["2","c"]],"12_05":[["3","gs"]],"11_75":[["3","f"]],"11_60":[["3","ds"],["2","as"]],"11_45":[["2","as"]],"11_30":[["3","ds"]],"11_15":[["3","f"],["2","as"]],"11_00":[["3","g"]],"10_85":[["3","as"],["2","as"]],"10_70":[["4","c"]],"10_55":[["4","ds"],["3","cs"],["2","g"]],"10_40":[["4","c"]],"10_25":[["3","as"],["2","as"]],"10_10":[["3","b"]],"9_95":[["4","c"],["3","cs"],["2","g"]],"9_80":[["4","ds"]],"9_65":[["2","ds"]],"9_35":[["2","d"]],"9_20":[["2","cs"]],"8_90":[["3","gs"]],"8_75":[["4","c"],["3","c"],["2","gs"]],"8_60":[["3","gs"]],"8_45":[["4","c"],["2","as"]],"8_30":[["4","f"]],"8_15":[["4","c"],["3","c"],["2","gs"]],"8_00":[["3","gs"]],"7_85":[["4","c"],["2","f"]],"7_70":[["4","f"]],"7_55":[["4","c"],["3","c"],["2","gs"]],"7_40":[["3","b"]],"7_25":[["2","as"]],"7_10":[["4","c"]],"6_95":[["4","cs"],["2","a"]],"6_80":[["3","f"],["2","g"]],"6_65":[["4","f"],["2","f"]],"6_50":[["4","e"]],"6_35":[["4","fs"],["3","c"],["2","a"]],"6_20":[["4","c"]],"6_05":[["3","a"],["2","f"]],"5_90":[["3","f"]],"5_75":[["4","f"],["3","c"],["2","a"]],"5_60":[["4","e"]],"5_45":[["4","fs"],["2","c"]],"5_30":[["4","c"]],"5_15":[["3","a"],["3","c"],["2","a"]],"5_00":[["3","f"]],"4_85":[["4","f"],["2","f"]],"4_70":[["4","fs"],["2","fs"]],"4_55":[["3","fs"]],"4_40":[["4","g"],["2","g"]],"4_25":[["3","g"]],"4_10":[["4","gs"],["2","gs"]],"3_95":[["3","gs"]],"3_80":[["3","f"]],"3_65":[["3","ds"],["2","gs"]],"3_50":[["3","f"]],"3_35":[["3","gs"],["3","c"],["2","gs"]],"3_20":[["4","c"]],"3_05":[["4","ds"],["2","ds"]],"2_90":[["4","f"]],"2_75":[["4","gs"],["3","c"],["2","gs"]],"2_60":[["4","f"]],"2_45":[["2","gs"]],"2_30":[["4","ds"]],"2_15":[["4","e"],["2","g"]],"2_00":[["3","g"],["2","f"]],"1_85":[["4","f"],["2","ds"]],"1_70":[["3","g"]],"1_55":[["4","e"],["3","cs"],["2","g"]],"1_40":[["3","g"]],"1_25":[["2","as"]],"1_10":[["4","ds"]],"0_95":[["4","e"],["3","cs"],["2","g"]],"0_80":[["3","g"]],"0_65":[["4","f"],["2","ds"]],"0_50":[["3","g"]],"0_35":[["4","e"],["3","cs"],["2","g"]],"0_20":[["3","g"]],"0_05":[["4","ds"],["2","as"]]}}}}