{"base":"MUSIC","creator":"5d45569e6d264107008c9c7f","id":"6537b48d0303e55270b55de7","name":"leaf rag pt1","prop":{"musicData":{"piano":{"43_10":[["4","e"]],"42_95":[["4","f"],["2","a"]],"42_80":[["4","gs"],["2","gs"]],"42_65":[["4","c"],["2","ds"]],"42_50":[["3","b"]],"42_35":[["4","f"],["3","c"],["2","gs"]],"42_20":[["4","c"]],"42_05":[["4","ds"],["2","gs"]],"41_90":[["4","c"]],"41_75":[["3","b"],["3","c"],["2","gs"]],"41_60":[["4","ds"]],"41_45":[["4","f"],["2","ds"]],"41_30":[["4","ds"]],"41_15":[["4","c"],["3","c"],["2","gs"]],"41_00":[["3","gs"]],"40_85":[["2","gs"]],"40_70":[["4","ds"]],"40_55":[["4","e"],["2","g"]],"40_40":[["3","g"],["2","f"]],"40_25":[["4","f"],["2","ds"]],"40_10":[["3","g"]],"39_95":[["4","e"],["3","cs"],["2","g"]],"39_80":[["3","g"]],"39_65":[["2","as"]],"39_50":[["4","ds"]],"39_35":[["4","e"],["3","cs"],["2","g"]],"39_20":[["3","g"]],"39_05":[["4","f"],["2","ds"]],"38_90":[["3","g"]],"38_75":[["4","e"],["3","cs"],["2","g"]],"38_60":[["3","g"]],"38_45":[["4","ds"],["2","as"]],"38_15":[["2","a"]],"38_00":[["2","gs"]],"37_70":[["4","gs"]],"37_55":[["4","ds"]],"37_40":[["3","gs"]],"37_25":[["3","c"]],"37_10":[["2","b"]],"36_95":[["4","d"]],"36_80":[["4","gs"]],"36_65":[["3","b"]],"36_50":[["3","ds"]],"36_35":[["2","gs"]],"36_20":[["2","c"]],"36_05":[["3","gs"]],"35_75":[["3","f"]],"35_60":[["3","ds"],["2","as"]],"35_45":[["2","as"]],"35_30":[["3","ds"]],"35_15":[["3","f"],["2","as"]],"35_00":[["3","g"]],"34_85":[["3","as"],["2","as"]],"34_70":[["4","c"]],"34_55":[["4","ds"],["3","cs"],["2","g"]],"34_40":[["4","c"]],"34_25":[["3","as"],["2","as"]],"34_10":[["3","b"]],"33_95":[["4","c"],["3","cs"],["2","g"]],"33_80":[["4","ds"]],"33_65":[["2","ds"]],"33_35":[["2","d"]],"33_20":[["2","cs"]],"32_90":[["3","gs"]],"32_75":[["4","c"],["3","c"],["2","gs"]],"32_60":[["3","gs"]],"32_45":[["4","c"],["2","as"]],"32_30":[["4","f"]],"32_15":[["4","c"],["3","c"],["2","gs"]],"32_00":[["3","gs"]],"31_85":[["4","c"],["2","f"]],"31_70":[["4","f"]],"31_55":[["4","c"],["3","c"],["2","gs"]],"31_40":[["3","b"]],"31_25":[["2","as"]],"31_10":[["4","c"]],"30_95":[["4","cs"],["2","a"]],"30_80":[["3","f"],["2","g"]],"30_65":[["4","f"],["2","f"]],"30_50":[["4","e"]],"30_35":[["4","fs"],["3","c"],["2","a"]],"30_20":[["4","c"]],"30_05":[["3","a"],["2","f"]],"29_90":[["3","f"]],"29_75":[["4","f"],["3","c"],["2","a"]],"29_60":[["4","e"]],"29_45":[["4","fs"],["2","c"]],"29_30":[["4","c"]],"29_15":[["3","a"],["3","c"],["2","a"]],"29_00":[["3","f"]],"28_85":[["4","f"],["2","f"]],"28_70":[["4","fs"],["2","fs"]],"28_55":[["3","fs"]],"28_40":[["4","g"],["2","g"]],"28_25":[["3","g"]],"28_10":[["4","gs"],["2","gs"]],"27_95":[["3","gs"]],"27_80":[["3","f"]],"27_65":[["3","ds"],["2","gs"]],"27_50":[["3","f"]],"27_35":[["3","gs"],["3","c"],["2","gs"]],"27_20":[["4","c"]],"27_05":[["4","ds"],["2","ds"]],"26_90":[["4","f"]],"26_75":[["4","gs"],["3","c"],["2","gs"]],"26_60":[["4","f"]],"26_45":[["2","gs"]],"26_30":[["4","ds"]],"26_15":[["4","e"],["2","g"]],"26_00":[["3","g"],["2","f"]],"25_85":[["4","f"],["2","ds"]],"25_70":[["3","g"]],"25_55":[["4","e"],["3","cs"],["2","g"]],"25_40":[["3","g"]],"25_25":[["2","as"]],"25_10":[["4","ds"]],"24_95":[["4","e"],["3","cs"],["2","g"]],"24_80":[["3","g"]],"24_65":[["4","f"],["2","ds"]],"24_50":[["3","g"]],"24_35":[["4","e"],["3","cs"],["2","g"]],"24_20":[["3","g"]],"24_05":[["4","ds"],["2","as"]],"23_90":[["4","e"]],"23_75":[["4","f"],["2","a"]],"23_60":[["4","gs"],["2","gs"]],"23_45":[["4","c"],["2","ds"]],"23_30":[["3","b"]],"23_15":[["4","f"],["3","c"],["2","gs"]],"23_00":[["4","c"]],"22_85":[["4","ds"],["2","gs"]],"22_70":[["4","c"]],"22_55":[["3","b"],["3","c"],["2","gs"]],"22_40":[["4","ds"]],"22_25":[["4","f"],["2","ds"]],"22_10":[["4","ds"]],"21_95":[["4","c"],["3","c"],["2","gs"]],"21_80":[["3","gs"]],"21_65":[["2","gs"]],"21_50":[["4","ds"]],"21_35":[["4","e"],["2","g"]],"21_20":[["3","g"],["2","f"]],"21_05":[["4","f"],["2","ds"]],"20_90":[["3","g"]],"20_75":[["4","e"],["3","cs"],["2","g"]],"20_60":[["3","g"]],"20_45":[["2","as"]],"20_30":[["4","ds"]],"20_15":[["4","e"],["3","cs"],["2","g"]],"20_00":[["3","g"]],"19_85":[["4","f"],["2","ds"]],"19_70":[["3","g"]],"19_55":[["4","e"],["3","cs"],["2","g"]],"19_40":[["3","g"]],"19_25":[["4","ds"],["2","as"]],"18_95":[["2","a"]],"18_80":[["2","gs"]],"18_50":[["4","gs"],["3","c"]],"18_35":[["4","g"],["3","cs"]],"18_20":[["4","f"],["3","d"]],"18_05":[["4","ds"],["3","ds"]],"17_90":[["4","c"],["3","c"]],"17_75":[["3","gs"],["2","gs"]],"17_60":[["4","c"],["3","c"]],"17_45":[["4","ds"],["3","ds"]],"17_30":[["4","f"],["3","f"]],"17_15":[["4","gs"],["3","gs"]],"17_00":[["4","f"],["3","f"]],"16_85":[["4","ds"],["3","ds"]],"16_70":[["4","c"],["3","c"]],"16_25":[["4","ds"],["3","ds"],["2","ds"]],"16_10":[["4","e"]],"15_95":[["3","b"]],"15_80":[["3","gs"]],"15_65":[["3","e"],["2","e"]],"15_50":[["4","e"]],"15_35":[["4","ds"]],"15_20":[["3","as"]],"15_05":[["4","ds"],["3","ds"],["2","ds"]],"14_90":[["4","e"]],"14_75":[["3","b"]],"14_60":[["3","gs"]],"14_45":[["3","e"],["2","e"]],"14_30":[["4","e"]],"14_15":[["2","ds"]],"14_00":[["4","ds"]],"13_85":[["3","ds"],["2","as"]],"13_70":[["3","g"]],"13_55":[["3","fs"],["2","ds"]],"13_40":[["3","f"]],"13_25":[["3","gs"],["2","as"],["2","g"]],"13_10":[["3","f"]],"12_95":[["3","ds"],["2","ds"]],"12_80":[["4","ds"]],"12_65":[["4","c"],["3","c"],["2","gs"]],"12_50":[["3","b"]],"12_35":[["4","c"],["3","c"],["2","gs"]],"12_20":[["3","b"]],"12_05":[["2","gs"]],"11_75":[["2","ds"]],"11_60":[["4","ds"]],"11_45":[["3","ds"],["2","as"]],"11_30":[["3","g"]],"11_15":[["3","fs"],["2","ds"]],"11_00":[["3","f"]],"10_85":[["3","gs"],["2","as"],["2","g"]],"10_70":[["3","f"]],"10_55":[["3","ds"],["2","ds"]],"10_40":[["4","ds"]],"10_25":[["4","c"],["3","c"],["2","gs"]],"10_10":[["3","b"]],"9_95":[["4","c"],["3","c"],["2","gs"]],"9_80":[["3","b"]],"9_65":[["2","gs"]],"9_35":[["2","ds"]],"9_20":[["2","e"]],"8_90":[["4","ds"],["3","ds"]],"8_75":[["4","e"],["3","e"]],"8_60":[["3","b"],["2","b"]],"8_45":[["3","e"],["2","e"]],"8_30":[["3","f"],["2","f"]],"8_15":[["3","gs"],["2","gs"]],"8_00":[["4","c"],["3","c"]],"7_85":[["4","ds"],["3","ds"]],"7_70":[["4","f"],["3","f"]],"7_55":[["4","gs"],["3","gs"]],"7_40":[["4","f"],["3","f"]],"7_25":[["4","ds"],["3","ds"]],"7_10":[["4","c"],["3","c"]],"6_65":[["4","ds"],["3","ds"],["2","ds"]],"6_50":[["4","e"]],"6_35":[["3","b"]],"6_20":[["3","gs"]],"6_05":[["3","e"],["2","e"]],"5_90":[["4","e"]],"5_75":[["4","ds"]],"5_60":[["3","as"]],"5_45":[["4","ds"],["3","ds"],["2","ds"]],"5_30":[["4","e"]],"5_15":[["3","b"]],"5_00":[["3","gs"]],"4_85":[["3","e"],["2","e"]],"4_70":[["4","e"]],"4_55":[["2","ds"]],"4_40":[["4","ds"]],"4_25":[["3","ds"],["2","as"]],"4_10":[["3","g"]],"3_95":[["3","fs"],["2","ds"]],"3_80":[["3","f"]],"3_65":[["3","gs"],["2","as"],["2","g"]],"3_50":[["3","f"]],"3_35":[["3","ds"],["2","ds"]],"3_20":[["4","ds"]],"3_05":[["4","c"],["3","c"],["2","gs"]],"2_90":[["3","b"]],"2_75":[["4","c"],["3","c"],["2","gs"]],"2_60":[["3","b"]],"2_45":[["2","gs"]],"2_15":[["2","ds"]],"2_00":[["4","ds"]],"1_85":[["3","ds"],["2","as"]],"1_70":[["3","g"]],"1_55":[["3","fs"],["2","ds"]],"1_40":[["3","f"]],"1_25":[["3","gs"],["2","as"],["2","g"]],"1_10":[["3","f"]],"0_95":[["3","ds"],["2","ds"]],"0_80":[["4","ds"]],"0_65":[["4","c"],["3","c"],["2","gs"]],"0_50":[["3","b"]],"0_35":[["4","c"],["3","c"],["2","gs"]],"0_20":[["3","b"]],"0_05":[["2","gs"]]}}}}