{"base":"INTERACT","creator":"5d45569e6d264107008c9c7f","id":"6538e28f6b49b705b1c22027","name":"administrator locker","prop":{"textSize":516,"attr":[5,6,1],"textData":"someone arrives and they wear administrator crown and they don't possess devcard: {you can't wear administrator crown here} /removes *\napproaches AND THEY WEAR ADMINISTRATOR CROWN AND THEY DON'T POSSESS DEVCARD: {YOU CAN'T WEAR ADMINISTRATOR CROWN HERE} /REMOVES *\nnears AND THEY WEAR ADMINISTRATOR CROWN AND THEY DON'T POSSESS DEVCARD: {YOU CAN'T WEAR ADMINISTRATOR CROWN HERE} /REMOVES *\nreaches AND THEY WEAR ADMINISTRATOR CROWN AND THEY DON'T POSSESS DEVCARD: {YOU CAN'T WEAR ADMINISTRATOR CROWN HERE} /REMOVES *","checksNears":true,"reactsTo":["someone_arrives"]}}