{"base":"DYNATHING","creator":"5d45569e6d264107008c9c7f","id":"653b980f0303e55270b56701","name":"mushroom spider","prop":{"attr":[2],"text":"0s: cells 1+2+3 show, cell 2 down 19, cells 3+4 down 38\n0-7s: cells 3+4 up 13\n7-14S: CELLS 3+4 down 13\n\n1s: cell 3 hide, cell 4 show\n+1S: CELL 4 HIDE, CELL 3 SHOW\n+1S: CELL 3 HIDE, CELL 4 SHOW\n+1S: CELL 4 HIDE, CELL 3 SHOW\n+1S: CELL 3 HIDE, CELL 4 SHOW\n+1S: CELL 4 HIDE, CELL 3 SHOw\n+1S: CELL 3 HIDE, CELL 4 SHOW\n+1S: CELL 4 HIDE, CELL 3 SHOW\n+1S: CELL 3 HIDE, CELL 4 SHOW\n+1S: CELL 4 HIDE, CELL 3 SHOW\n+1S: CELL 3 HIDE, CELL 4 SHOW\n+1S: CELL 4 HIDE, CELL 3 SHOW\n+1S: CELL 3 HIDE, CELL 4 SHOW\n14s: restart\n\n"}}