{"base":"READABLE","creator":"5d45569e6d264107008c9c7f","id":"653bad1bbcd9357c3151cf17","name":"the more you know","prop":{"textSize":3609,"rgb2":"203,210,203","rgb":"19,44,31","textData":"-center-focuschat-center-\n========================\n-center-_welcome to the -blue-'bootleg of 'chat' area'!-blue- here you can chat, transfer, discover and enjoy! you can also buy some bodies, things and other... -purple-(and vip?)-purple- \nlet us introduce to you what we have._-center-\n\n-CENTER-RULES-CENTER-\nIN EVERY AVERAGE PUBLIC AREA MUST BE THE RULES. HERE IS THE BASIC RULES YOU MUST FOLLOW:\n- NO RUDE ^^(BAD WORDS, INSULTS IN ANY WAY, AND BAD THINGS)^^;\n- DON'T CHEAT WITH BUXES HERE;\n- BE A NICE MANYZEN!\n\n-RED-_RED NOTE: IF YOU SAY A RUDE, YOU WILL BE DISRESPECTED. IF YOU DO THIS MORE THAN 3 TIMES, YOU WILL BE LOCKED FOR A DAY. PLEASE THINK BEFORE YOU SPEAK!_-RED-\n^^-RED-_RED NOTE 2: requests for a vip card or edit perms will be denied!!_-RED-^^\n\nYOU CAN SAY A -GOLD-'REDFLAGS'-GOLD- TO SEE THE NUMBER OF DISRESPECTS.\n\n-center-transfering-center-\nyou can say -GOLD-'transfer 10'-GOLD-, -GOLD-'transfer 50'-GOLD-, -GOLD-'transfer 100'-GOLD-, -GOLD-'transfer 500'-GOLD- or -GOLD-'transfer 1000'-GOLD- to donate a certain number of -GREEN-buxes-GREEN-. you can also say just -GOLD-'transfer'-GOLD- to get all the donated -green-buxes-GREEN-!\n\n-center-states-center-\nto see how many -GREEN-buxes-GREEN- you have, say -gold-'balance'-GOLD-, the your balance will be shown to you.\nyou can find out what state you have at the moment by saying -GOLD-'mystate'-GOLD-. here is the states you can learn:\n- -GOLD-'expl'-GOLD-, if you non-logged explorer;\n- -GOLD-'user'-GOLD-, if you logged person\n- -GOLD-'vip'-GOLD-, same as -GOLD-'user'-GOLD-, but with -purple-vip card-PURPLE-\n_- fourth state is secret._\n\n-CENTER-other functions-CENTER-\nyou can discover some fun commands also:\n- -GOLD-'random'-GOLD-, picks random person;\n- -GOLD-'number'-GOLD-, picks random number, from 0 to 10;\n- -GOLD-'more number'-GOLD-, picks random number, as for -GOLD-'NUMBER'-GOLD-, but from 0 to 100;\n- -GOLD-'myname'-GOLD-, shows you whats your nickname in _-lime-manyland;-LIME-_\n- -GOLD-'people'-GOLD-, SHOWS how many people around you;\n- -GOLD-'mydays'-GOLD-, SHOWS HOW MANY days you're in _-lime-manyland.-lime-_\n\n-CENTER-vip-CENTER-\nto buy a -purple-vip card-purple-, you must have -GREEN-50000 buxes-green-. if so, say a -GOLD-'buyvip'-GOLD- command, then you will be asked if you want to buy the vip ('yes' or 'no').\n\nwith -PURPLE-vip-PURPLE- you can access the -PURPLE-vip room-PURPLE-, the -PURPLE-vip bodies-PURPLE- and -PURPLE-other vip stuff!-PURPLE-\n\n-CENTER-fortune-CENTER-\nsay a -blue-'fortune'-blue- command, and see what you get:\n- 60% nothing\n- 25% +100 buxes\n- 10% +500 BUXES\n- 6% +1000 BUXES\n- 3% *2 BUXES\n- 2% *5 BUXES\n- 1% -purple-vip card-purple-.\n\n-CENTER-buxcoins-CENTER-\nsome things may need -green-buxcoins-GREEN- to make them work.\nif you don't have any of them, try converting via _'bux atm'_, then select mode 0 _-GREEN-(bux to buxcoin)-GREEN-_, and select how many you need: 1-10. each -GREEN-buxcoin-GREEN- costs 10 bux ^^(platinum bc are in the plans for now)^^. you can also convert inverse. \n\nto take a -GREEN-buxcoin-GREEN- in your hand, select it from the possession bar. you can look how much of them you have at the moment too.\n\n-CENTER-advertising-CENTER-\nyou can advertise your area in the _'advertising section'!_ it's right up there! and a bit right.\n\n-center-autobux-center-\n-GREEN-every minute you get _5 buxes!_-GREEN-\n\n-CENTER-questions and feedback-CENTER-\ncheck out the -salmon-_focuschat official mailbox!_-SALMON- if you had something to say, write in it! also you can check for area's updates in it!\n\n\n\n\n-CENTER-we hope you understand all we wrote :)\n**the End**-CENTER-"}}