{"base":"INTERACT","creator":"5d45569e6d264107008c9c7f","id":"653dc3dbc5001905959fd679","name":"original token 7","prop":{"textSize":306,"attr":[13,1,6],"textData":"approaches and not in \"focuschat\": illegal placing detect!  please refer to thatdanil factory  to get a right token.\nhears code AND IN \"focuschat\": code focuschat\nHEARS CODE AND not IN \"focuschat\": PLEASE REFER TO THATDANIL FACTORY  TO GET A RIGHT TOKEN.\ntouches AND IN \"focuschat\": -provided by thatdanil-","checksNears":true}}