{"base":"INTERACT","creator":"5d45569e6d264107008c9c7f","id":"653dd23369082b059da20eb2","name":"4digited game machine","prop":{"textSize":2017,"attr":[5,6,1],"textData":"//INFO COMMANDS\nHEARS \"INFO\" AND ISN'T INFO AND ISN'T ACTIVE AND ISN'T LOCK: *INFO MODE* /IS INFO\n- HEARS \"USED\": *USED [VALUE USED] TIMES*\n- HEARS \"FULL INFO\": -\"4digited\"-  VERSION\\: 1.2  *-rgms 1.0-*  MADE BY THATDANIL. 2023  DESIGNED FOR \"FOCUSCHAT\"\n- HEARS \"FULL NAME\": -\"4digited\" game machine-\n- HEARS \"SYSTEM NAME\": *-retail game machines V1.0-*\n- HEARS \"DESCRIPTION\": we're presenting to you  the \"4digited\" game  insert a coin,  and get up to 1000 buxes! special for \"focuschat\"\n- HEARS \"CHANGELOG\": 1\\: RELEASE  1.1\\: added an action  when touch and credits \\> 0  1.2\\: now it gives remain coins  when don't continue  -END-\n- HEARS \"QUIT\": *DONE* /ISN'T INFO >\n\n//AREA LOCK\nSOMEONE ARRIVES AND NOT IN \"FOCUSCHAT\": CAUTION!  THIS MACHINE IS BEING LOCKED  BECAUSE HE IS NOT IN \"FOCUSCHAT\"!  YOU'LL NOT ABLE  TO USE THIS MACHINE NOW. /IS LOCK\n\nHEARS \"INFO\" AND ISN'T INFO AND ISN'T ACTIVE AND IS LOCK: *AREA LOCKED*\n\nTOUCHES AND ISN'T ACTIVE AND ISN'T INFO AND IS LOCK: *AREA LOCKED*\n\n//gameplay\ngets \"buxcoin\": *+1 credit*, say start!* /+1 credit /plays inserting coin\nGETS \"platinum BUXCOIN\": *+3 CREDITs*, SAY START!* /+3 CREDIT /PLAYS INSERTING COIN\n\nTOUCHES AND ISN'T ACTIVE AND ISN'T INFO AND ISN'T LOCK AND CREDIT == 0: *INSERT BUXCOIN*\nTOUCHES AND ISN'T ACTIVE AND ISN'T INFO AND ISN'T LOCK AND CREDIT > 0: *[value credit] credits inserted*\n\nhears \"start\" and credit > 0: *Wait* /is active > start\n\n#start *GAME START!* /-1 credit /=[number 1 1000] win /RANDOMIZER /plays funny synth\n\nends randomizer AND CREDIT > 0: *you get [value win] buxes* /+[VALUE win] effects-free their buxes /plays slot machine winning coins 3  > restart \nENDS RANDOMIZER AND CREDIT == 0: *YOU GET [VALUE WIN] buxes* /+[VALUE WIN] EFFECTS-FREE THEIR BUXES /PLAYS SLOT MACHINE WINNING COINS 3  > End \n\n#restart would you like to try again? (yes\\/no?)\n- hears \"yes\": *continue*  > start\n- hears \"no\": *OK* /+[value credit] their buxcoins  > end\n\n#end *THe game is over* /isn't active /plays electronic music /=0 WIN /=0 credit\n","reactsTo":["someone_arrives"],"thingRefs":[["53d01aa49b7cae56572002ec","slot machine winning coins 3"],["55db3f47905b520d2aa15c8d","electronic music"],["53c7ccb80b2cd0a3114dc4f3","inserting coin"],["64eee21db707c9264410e982","buxes"],["55db47dcbb76ba7f2affc84d","funny synth"],["65226d143ec85d7c306a306d","randomizer"],["650940c24fc69105cb6f10ed","buxcoins"]]}}