{"base":"MUSIC","creator":"5d45569e6d264107008c9c7f","id":"65489e4f045297058fcc63b6","name":"csikos post pt4","prop":{"musicData":{"piano":{"28_65":[["2","b"],["2","g"]],"28_45":[["2","e"]],"28_25":[["2","b"],["2","g"]],"28_05":[["3","b"],["2","e"]],"27_85":[["3","c"],["2","a"]],"27_65":[["4","e"],["2","e"]],"27_45":[["3","c"],["2","a"]],"27_25":[["4","c"],["2","e"]],"27_05":[["2","b"],["2","g"]],"26_85":[["3","b"],["2","e"]],"26_65":[["2","b"],["2","g"]],"26_45":[["3","g"],["2","e"]],"26_25":[["3","fs"],["2","b"],["2","g"]],"26_05":[["3","e"],["2","e"]],"25_85":[["2","b"],["2","g"]],"25_65":[["3","e"],["2","e"]],"25_25":[["4","b"],["3","b"],["2","b"]],"24_85":[["3","b"],["3","e"],["2","b"]],"24_65":[["4","fs"],["3","fs"]],"24_45":[["4","cs"],["3","e"],["3","cs"],["2","fs"]],"24_05":[["4","fs"],["3","fs"],["3","e"],["2","as"],["2","fs"]],"23_85":[["4","e"],["3","e"],["3","d"],["2","b"]],"23_65":[["4","d"],["3","d"],["2","fs"]],"23_45":[["4","cs"],["3","d"],["3","cs"],["2","b"]],"23_25":[["4","d"],["3","d"],["2","fs"]],"23_05":[["4","cs"],["3","d"],["3","cs"],["2","b"]],"22_85":[["3","b"],["2","b"],["2","fs"]],"22_65":[["3","as"],["3","d"],["2","b"],["2","as"]],"22_45":[["3","b"],["2","b"],["2","fs"]],"22_25":[["2","b"],["2","g"]],"22_05":[["2","e"]],"21_85":[["2","b"],["2","g"]],"21_65":[["3","b"],["2","e"]],"21_45":[["3","c"],["2","a"]],"21_25":[["4","e"],["2","e"]],"21_05":[["3","c"],["2","a"]],"20_85":[["4","c"],["2","e"]],"20_65":[["2","b"],["2","g"]],"20_45":[["3","b"],["2","e"]],"20_25":[["2","b"],["2","g"]],"20_05":[["3","g"],["2","e"]],"19_85":[["3","fs"],["2","b"],["2","g"]],"19_65":[["3","e"],["2","e"]],"19_45":[["2","b"],["2","g"]],"19_25":[["3","e"],["2","e"]],"18_85":[["4","e"],["2","g"],["2","e"]],"18_65":[["4","fs"],["2","b"],["2","a"]],"18_45":[["4","g"],["2","g"],["2","e"]],"18_25":[["2","a"],["2","fs"]],"18_05":[["4","b"],["2","b"]],"17_95":[["4","fs"]],"17_85":[["4","ds"],["2","a"],["2","fs"]],"17_75":[["3","fs"]],"17_65":[["4","fs"],["2","b"]],"17_45":[["2","g"],["2","e"]],"17_25":[["4","b"],["2","b"]],"17_15":[["4","g"]],"17_05":[["4","e"],["2","g"],["2","e"]],"16_95":[["3","g"]],"16_85":[["4","g"],["2","b"]],"16_65":[["2","fs"],["2","e"]],"16_45":[["4","c"],["2","a"]],"16_35":[["4","fs"]],"16_25":[["4","e"],["2","fs"],["2","e"]],"16_15":[["3","a"]],"16_05":[["4","a"],["2","a"]],"15_85":[["2","b"],["2","g"]],"15_65":[["2","e"]],"15_45":[["2","b"],["2","g"]],"15_25":[["3","b"],["2","e"]],"15_05":[["3","c"],["2","a"]],"14_85":[["4","e"],["2","e"]],"14_65":[["3","c"],["2","a"]],"14_45":[["4","c"],["2","e"]],"14_25":[["2","b"],["2","g"]],"14_05":[["3","b"],["2","e"]],"13_85":[["2","b"],["2","g"]],"13_65":[["3","g"],["2","e"]],"13_45":[["3","fs"],["2","b"],["2","g"]],"13_25":[["3","e"],["2","e"]],"13_05":[["2","b"],["2","g"]],"12_85":[["3","e"],["2","e"]],"12_55":[["2","b"]],"12_05":[["4","b"],["3","b"],["2","b"]],"11_85":[["4","fs"],["3","fs"],["2","fs"]],"11_65":[["4","ds"],["3","ds"],["2","ds"]],"11_45":[["3","b"],["2","b"]],"11_25":[["4","b"],["3","b"],["2","b"]],"10_85":[["4","b"],["3","b"],["2","b"]],"10_65":[["4","g"],["3","g"],["2","g"]],"10_45":[["4","b"],["3","b"],["2","b"]],"10_05":[["4","b"],["3","b"],["2","b"]],"9_85":[["4","fs"],["3","fs"],["2","fs"]],"9_65":[["4","b"],["3","b"],["2","b"]],"9_25":[["4","g"],["4","e"],["4","c"],["3","c"],["2","c"]],"8_85":[["4","c"],["3","e"],["3","c"]],"8_75":[["4","c"]],"8_65":[["4","b"],["3","b"]],"8_55":[["4","c"]],"8_45":[["4","b"],["3","b"],["3","f"],["2","b"],["2","g"]],"8_05":[["4","a"],["3","f"],["2","b"],["2","g"]],"7_85":[["4","g"],["3","e"],["3","c"]],"7_65":[["4","e"],["2","g"]],"7_45":[["4","c"],["3","e"],["3","c"]],"7_25":[["4","g"],["3","g"],["2","g"]],"7_05":[["4","a"],["3","a"],["3","ds"],["3","c"]],"6_85":[["4","c"],["2","fs"]],"6_65":[["4","b"],["3","b"],["3","ds"],["3","c"]],"6_45":[["4","c"],["2","fs"]],"6_05":[["4","d"]],"5_95":[["3","a"]],"5_85":[["3","f"]],"5_75":[["3","a"]],"5_65":[["4","d"],["3","d"],["2","d"]],"5_55":[["3","a"]],"5_45":[["3","f"]],"5_35":[["3","a"]],"5_25":[["4","d"],["3","e"],["2","e"]],"5_15":[["3","a"]],"5_05":[["3","f"]],"4_95":[["3","a"]],"4_85":[["4","d"],["3","f"],["2","f"]],"4_45":[["4","c"],["3","g"],["2","g"]],"4_35":[["3","g"]],"4_25":[["3","e"]],"4_15":[["3","g"]],"4_05":[["4","c"],["3","a"],["2","a"]],"3_95":[["3","g"]],"3_85":[["3","e"]],"3_75":[["3","g"]],"3_65":[["4","c"],["3","b"],["2","b"]],"3_55":[["3","g"]],"3_45":[["3","e"]],"3_35":[["3","g"]],"3_25":[["4","c"],["3","c"]],"3_05":[["3","g"],["3","e"]],"2_85":[["4","g"],["4","e"],["3","c"]],"2_65":[["3","g"],["3","e"]],"2_45":[["4","e"],["3","c"]],"2_25":[["4","d"],["3","g"],["3","e"]],"2_05":[["4","c"],["3","c"]],"1_85":[["3","g"],["3","e"]],"1_65":[["4","g"],["4","e"],["3","c"]],"1_45":[["3","f"],["3","d"]],"1_25":[["4","a"],["4","f"],["2","g"]],"1_05":[["3","f"],["3","d"]],"0_85":[["4","f"],["4","d"],["2","g"]],"0_65":[["4","e"],["4","c"],["3","f"],["3","d"]],"0_45":[["4","d"],["3","b"],["2","g"]],"0_25":[["3","f"],["3","d"]],"0_05":[["4","a"],["4","f"],["2","g"]]}}}}