{"base":"MUSIC","creator":"5d45569e6d264107008c9c7f","id":"65489d941c61795278512e39","name":"csikos post pt1","prop":{"musicData":{"piano":{"28_45":[["4","b"],["3","b"],["2","b"]],"28_05":[["3","b"],["3","e"],["2","b"]],"27_85":[["4","fs"],["3","fs"]],"27_65":[["4","cs"],["3","e"],["3","cs"],["2","fs"]],"27_25":[["4","fs"],["3","fs"],["3","e"],["2","as"],["2","fs"]],"27_05":[["4","e"],["3","e"],["3","d"],["2","b"]],"26_85":[["4","d"],["3","d"],["2","fs"]],"26_65":[["4","cs"],["3","d"],["3","cs"],["2","b"]],"26_45":[["4","d"],["3","d"],["2","fs"]],"26_25":[["4","cs"],["3","d"],["3","cs"],["2","b"]],"26_05":[["3","b"],["2","b"],["2","fs"]],"25_85":[["3","as"],["3","d"],["2","b"],["2","as"]],"25_65":[["3","b"],["2","b"],["2","fs"]],"25_45":[["2","b"],["2","g"]],"25_25":[["2","e"]],"25_05":[["2","b"],["2","g"]],"24_85":[["3","b"],["2","e"]],"24_65":[["3","c"],["2","a"]],"24_45":[["4","e"],["2","e"]],"24_25":[["3","c"],["2","a"]],"24_05":[["4","c"],["2","e"]],"23_85":[["2","b"],["2","g"]],"23_65":[["3","b"],["2","e"]],"23_45":[["2","b"],["2","g"]],"23_25":[["3","g"],["2","e"]],"23_05":[["3","fs"],["2","b"],["2","g"]],"22_85":[["3","e"],["2","e"]],"22_65":[["2","b"],["2","g"]],"22_45":[["3","e"],["2","e"]],"22_05":[["4","e"],["2","g"],["2","e"]],"21_85":[["4","fs"],["2","b"],["2","a"]],"21_65":[["4","g"],["2","g"],["2","e"]],"21_45":[["2","a"],["2","fs"]],"21_25":[["4","b"],["2","b"]],"21_15":[["4","fs"]],"21_05":[["4","ds"],["2","a"],["2","fs"]],"20_95":[["3","fs"]],"20_85":[["4","fs"],["2","b"]],"20_65":[["2","g"],["2","e"]],"20_45":[["4","b"],["2","b"]],"20_35":[["4","g"]],"20_25":[["4","e"],["2","g"],["2","e"]],"20_15":[["3","g"]],"20_05":[["4","g"],["2","b"]],"19_85":[["2","fs"],["2","e"]],"19_65":[["4","c"],["2","a"]],"19_55":[["4","fs"]],"19_45":[["4","e"],["2","fs"],["2","e"]],"19_35":[["3","a"]],"19_25":[["4","a"],["2","a"]],"19_05":[["2","b"],["2","g"]],"18_85":[["2","e"]],"18_65":[["2","b"],["2","g"]],"18_45":[["3","b"],["2","e"]],"18_25":[["3","c"],["2","a"]],"18_05":[["4","e"],["2","e"]],"17_85":[["3","c"],["2","a"]],"17_65":[["4","c"],["2","e"]],"17_45":[["2","b"],["2","g"]],"17_25":[["3","b"],["2","e"]],"17_05":[["2","b"],["2","g"]],"16_85":[["3","g"],["2","e"]],"16_65":[["3","fs"],["2","b"],["2","g"]],"16_45":[["3","e"],["2","e"]],"16_25":[["2","b"],["2","g"]],"16_05":[["3","e"],["2","e"]],"15_65":[["4","b"],["3","b"],["2","b"]],"15_25":[["3","b"],["3","e"],["2","b"]],"15_05":[["4","fs"],["3","fs"]],"14_85":[["4","cs"],["3","e"],["3","cs"],["2","fs"]],"14_45":[["4","fs"],["3","fs"],["3","e"],["2","as"],["2","fs"]],"14_25":[["4","e"],["3","e"],["3","d"],["2","b"]],"14_05":[["4","d"],["3","d"],["2","fs"]],"13_85":[["4","cs"],["3","d"],["3","cs"],["2","b"]],"13_65":[["4","d"],["3","d"],["2","fs"]],"13_45":[["4","cs"],["3","d"],["3","cs"],["2","b"]],"13_25":[["3","b"],["2","b"],["2","fs"]],"13_05":[["3","as"],["3","d"],["2","b"],["2","as"]],"12_85":[["3","b"],["2","b"],["2","fs"]],"12_65":[["2","b"],["2","g"]],"12_45":[["2","e"]],"12_25":[["2","b"],["2","g"]],"12_05":[["3","b"],["2","e"]],"11_85":[["3","c"],["2","a"]],"11_65":[["4","e"],["2","e"]],"11_45":[["3","c"],["2","a"]],"11_25":[["4","c"],["2","e"]],"11_05":[["2","b"],["2","g"]],"10_85":[["3","b"],["2","e"]],"10_65":[["2","b"],["2","g"]],"10_45":[["3","g"],["2","e"]],"10_25":[["3","fs"],["2","b"],["2","g"]],"10_05":[["3","e"],["2","e"]],"9_85":[["2","b"],["2","g"]],"9_65":[["3","e"],["2","e"]],"9_25":[["4","e"],["2","g"],["2","e"]],"9_05":[["4","fs"],["2","b"],["2","a"]],"8_85":[["4","g"],["2","g"],["2","e"]],"8_65":[["2","a"],["2","fs"]],"8_45":[["4","b"],["2","b"]],"8_35":[["4","fs"]],"8_25":[["4","ds"],["2","a"],["2","fs"]],"8_15":[["3","fs"]],"8_05":[["4","fs"],["2","b"]],"7_85":[["2","g"],["2","e"]],"7_65":[["4","b"],["2","b"]],"7_55":[["4","g"]],"7_45":[["4","e"],["2","g"],["2","e"]],"7_35":[["3","g"]],"7_25":[["4","g"],["2","b"]],"7_05":[["2","fs"],["2","e"]],"6_85":[["4","c"],["2","a"]],"6_75":[["4","fs"]],"6_65":[["4","e"],["2","fs"],["2","e"]],"6_55":[["3","a"]],"6_45":[["4","a"],["2","a"]],"6_25":[["2","b"],["2","g"]],"6_05":[["2","e"]],"5_85":[["2","b"],["2","g"]],"5_65":[["3","b"],["2","e"]],"5_45":[["3","c"],["2","a"]],"5_25":[["4","e"],["2","e"]],"5_05":[["3","c"],["2","a"]],"4_85":[["4","c"],["2","e"]],"4_65":[["2","b"],["2","g"]],"4_45":[["3","b"],["2","e"]],"4_25":[["2","b"],["2","g"]],"4_05":[["3","g"],["2","e"]],"3_85":[["3","fs"],["2","b"],["2","g"]],"3_65":[["3","e"],["2","e"]],"3_45":[["2","b"],["2","g"]],"3_25":[["3","e"],["2","e"]],"2_95":[["2","b"]],"2_45":[["4","b"],["3","b"],["2","b"]],"2_25":[["4","fs"],["3","fs"],["2","fs"]],"2_05":[["4","ds"],["3","ds"],["2","ds"]],"1_85":[["3","b"],["2","b"]],"1_65":[["4","b"],["3","b"],["2","b"]],"1_25":[["4","b"],["3","b"],["2","b"]],"1_05":[["4","g"],["3","g"],["2","g"]],"0_85":[["4","b"],["3","b"],["2","b"]],"0_45":[["4","b"],["3","b"],["2","b"]],"0_25":[["4","fs"],["3","fs"],["2","fs"]],"0_05":[["4","b"],["3","b"],["2","b"]]}}}}