{"base":"MUSIC","creator":"5d45569e6d264107008c9c7f","id":"65489e6b4b86c67c38df7c61","name":"csikos post pt5","prop":{"musicData":{"piano":{"28_65":[["2","b"],["2","g"]],"28_45":[["4","b"],["3","b"],["2","b"]],"28_25":[["4","e"],["2","b"],["2","g"]],"28_05":[["4","g"],["2","e"]],"27_85":[["4","fs"],["2","b"],["2","g"]],"27_65":[["4","e"],["2","b"]],"27_45":[["2","b"],["2","g"]],"27_25":[["4","e"],["2","e"]],"27_05":[["2","b"],["2","a"]],"26_85":[["4","fs"],["3","fs"],["2","b"]],"26_65":[["3","b"],["2","b"],["2","a"]],"26_45":[["4","ds"],["2","fs"]],"26_25":[["4","cs"],["2","b"],["2","a"]],"26_05":[["3","b"],["2","b"]],"25_85":[["2","b"],["2","a"]],"25_65":[["3","b"],["2","ds"]],"25_45":[["4","e"],["4","c"]],"25_25":[["4","e"],["4","c"]],"25_05":[["4","e"],["4","c"]],"24_85":[["4","e"],["4","c"],["3","a"],["2","a"]],"24_65":[["4","e"],["4","c"]],"24_45":[["4","e"],["4","c"],["3","e"],["2","e"]],"24_25":[["4","e"],["4","c"]],"24_05":[["4","e"],["4","c"],["3","a"],["2","a"]],"23_85":[["4","e"],["3","b"]],"23_65":[["4","e"],["3","b"]],"23_45":[["4","e"],["3","b"]],"23_25":[["4","e"],["3","b"],["2","b"]],"23_05":[["4","e"],["3","b"]],"22_85":[["4","e"],["3","b"],["3","g"],["2","g"]],"22_65":[["4","e"],["3","b"]],"22_45":[["4","e"],["3","b"],["3","e"],["2","e"]],"22_05":[["4","e"],["2","b"],["2","e"]],"21_65":[["4","e"],["3","e"],["2","g"],["2","e"]],"21_45":[["4","fs"]],"21_25":[["4","ds"],["2","b"],["2","a"],["2","fs"]],"21_05":[["4","b"],["3","b"]],"20_85":[["4","fs"],["3","fs"],["2","b"],["2","a"],["2","ds"]],"20_65":[["4","g"],["3","g"],["2","g"],["2","e"]],"20_45":[["4","e"],["3","e"],["2","b"]],"20_25":[["3","b"],["2","b"],["2","g"],["2","e"]],"20_05":[["3","g"],["2","b"],["2","g"]],"19_85":[["2","g"],["2","e"]],"19_65":[["3","b"],["2","b"]],"19_45":[["4","e"],["3","e"],["2","g"],["2","e"]],"19_25":[["3","b"],["2","b"]],"19_05":[["4","e"],["4","c"]],"18_85":[["4","e"],["4","c"]],"18_65":[["4","e"],["4","c"]],"18_45":[["4","e"],["4","c"],["3","a"],["2","a"]],"18_25":[["4","e"],["4","c"]],"18_05":[["4","e"],["4","c"],["3","e"],["2","e"]],"17_85":[["4","e"],["4","c"]],"17_65":[["4","e"],["4","c"],["3","a"],["2","a"]],"17_45":[["4","e"],["3","b"]],"17_25":[["4","e"],["3","b"]],"17_05":[["4","e"],["3","b"]],"16_85":[["4","e"],["3","b"],["2","b"]],"16_65":[["4","e"],["3","b"]],"16_45":[["4","e"],["3","b"],["3","g"],["2","g"]],"16_25":[["4","e"],["3","b"]],"16_05":[["4","e"],["3","b"],["3","e"],["2","e"]],"15_85":[["2","b"],["2","g"]],"15_65":[["4","b"],["3","b"],["2","b"]],"15_45":[["4","e"],["2","b"],["2","g"]],"15_25":[["4","g"],["2","e"]],"15_05":[["4","fs"],["2","b"],["2","g"]],"14_85":[["4","e"],["2","b"]],"14_65":[["2","b"],["2","g"]],"14_45":[["4","e"],["2","e"]],"14_25":[["2","b"],["2","a"]],"14_05":[["4","fs"],["3","fs"],["2","b"]],"13_85":[["3","b"],["2","b"],["2","a"]],"13_65":[["4","ds"],["2","fs"]],"13_45":[["4","cs"],["2","b"],["2","a"]],"13_25":[["3","b"],["2","b"]],"13_05":[["2","b"],["2","a"]],"12_85":[["3","b"],["2","ds"]],"12_65":[["4","e"],["4","c"]],"12_45":[["4","e"],["4","c"]],"12_25":[["4","e"],["4","c"]],"12_05":[["4","e"],["4","c"],["3","a"],["2","a"]],"11_85":[["4","e"],["4","c"]],"11_65":[["4","e"],["4","c"],["3","e"],["2","e"]],"11_45":[["4","e"],["4","c"]],"11_25":[["4","e"],["4","c"],["3","a"],["2","a"]],"11_05":[["4","e"],["3","b"]],"10_85":[["4","e"],["3","b"]],"10_65":[["4","e"],["3","b"]],"10_45":[["4","e"],["3","b"],["2","b"]],"10_25":[["4","e"],["3","b"]],"10_05":[["4","e"],["3","b"],["3","g"],["2","g"]],"9_85":[["4","e"],["3","b"]],"9_65":[["4","e"],["3","b"],["3","e"],["2","e"]],"9_25":[["4","b"],["3","b"],["2","b"]],"8_85":[["3","b"],["3","e"],["2","b"]],"8_65":[["4","fs"],["3","fs"]],"8_45":[["4","cs"],["3","e"],["3","cs"],["2","fs"]],"8_05":[["4","fs"],["3","fs"],["3","e"],["2","as"],["2","fs"]],"7_85":[["4","e"],["3","e"],["3","d"],["2","b"]],"7_65":[["4","d"],["3","d"],["2","fs"]],"7_45":[["4","cs"],["3","d"],["3","cs"],["2","b"]],"7_25":[["4","d"],["3","d"],["2","fs"]],"7_05":[["4","cs"],["3","d"],["3","cs"],["2","b"]],"6_85":[["3","b"],["2","b"],["2","fs"]],"6_65":[["3","as"],["3","d"],["2","b"],["2","as"]],"6_45":[["3","b"],["2","b"],["2","fs"]],"6_25":[["2","b"],["2","g"]],"6_05":[["2","e"]],"5_85":[["2","b"],["2","g"]],"5_65":[["3","b"],["2","e"]],"5_45":[["3","c"],["2","a"]],"5_25":[["4","e"],["2","e"]],"5_05":[["3","c"],["2","a"]],"4_85":[["4","c"],["2","e"]],"4_65":[["2","b"],["2","g"]],"4_45":[["3","b"],["2","e"]],"4_25":[["2","b"],["2","g"]],"4_05":[["3","g"],["2","e"]],"3_85":[["3","fs"],["2","b"],["2","g"]],"3_65":[["3","e"],["2","e"]],"3_45":[["2","b"],["2","g"]],"3_25":[["3","e"],["2","e"]],"2_85":[["4","e"],["2","g"],["2","e"]],"2_65":[["4","fs"],["2","b"],["2","a"]],"2_45":[["4","g"],["2","g"],["2","e"]],"2_25":[["2","a"],["2","fs"]],"2_05":[["4","b"],["2","b"]],"1_95":[["4","fs"]],"1_85":[["4","ds"],["2","a"],["2","fs"]],"1_75":[["3","fs"]],"1_65":[["4","fs"],["2","b"]],"1_45":[["2","g"],["2","e"]],"1_25":[["4","b"],["2","b"]],"1_15":[["4","g"]],"1_05":[["4","e"],["2","g"],["2","e"]],"0_95":[["3","g"]],"0_85":[["4","g"],["2","b"]],"0_65":[["2","fs"],["2","e"]],"0_45":[["4","c"],["2","a"]],"0_35":[["4","fs"]],"0_25":[["4","e"],["2","fs"],["2","e"]],"0_15":[["3","a"]],"0_05":[["4","a"],["2","a"]]}}}}