{"base":"MUSIC","creator":"5d45569e6d264107008c9c7f","id":"65489e07dfa33a527d490fa3","name":"csikos post pt2","prop":{"musicData":{"piano":{"28_45":[["4","a"],["3","a"],["2","a"]],"28_05":[["4","b"],["3","b"],["2","b"]],"27_65":[["4","c"],["3","c"],["2","c"]],"27_25":[["4","d"],["3","d"],["2","d"]],"26_85":[["4","e"],["3","e"],["2","e"]],"26_45":[["4","f"],["3","f"],["2","f"]],"26_05":[["4","fs"],["3","fs"],["2","fs"]],"25_65":[["4","g"],["3","g"],["2","g"]],"25_25":[["4","b"],["4","g"],["4","e"],["2","b"],["2","e"]],"24_85":[["4","e"],["3","e"],["2","g"],["2","e"]],"24_65":[["4","fs"]],"24_45":[["4","ds"],["2","b"],["2","a"],["2","fs"]],"24_25":[["4","b"],["3","b"]],"24_05":[["4","fs"],["3","fs"],["2","b"],["2","a"],["2","ds"]],"23_85":[["4","g"],["3","g"],["2","g"],["2","e"]],"23_65":[["4","e"],["3","e"],["2","b"]],"23_45":[["3","b"],["2","b"],["2","g"],["2","e"]],"23_25":[["3","g"],["2","b"],["2","g"]],"23_05":[["2","g"],["2","e"]],"22_85":[["3","b"],["2","b"]],"22_65":[["4","e"],["3","e"],["2","g"],["2","e"]],"22_45":[["3","b"],["2","b"]],"22_25":[["4","e"],["4","c"]],"22_05":[["4","e"],["4","c"]],"21_85":[["4","e"],["4","c"]],"21_65":[["4","e"],["4","c"],["3","a"],["2","a"]],"21_45":[["4","e"],["4","c"]],"21_25":[["4","e"],["4","c"],["3","e"],["2","e"]],"21_05":[["4","e"],["4","c"]],"20_85":[["4","e"],["4","c"],["3","a"],["2","a"]],"20_65":[["4","e"],["3","b"]],"20_45":[["4","e"],["3","b"]],"20_25":[["4","e"],["3","b"]],"20_05":[["4","e"],["3","b"],["2","b"]],"19_85":[["4","e"],["3","b"]],"19_65":[["4","e"],["3","b"],["3","g"],["2","g"]],"19_45":[["4","e"],["3","b"]],"19_25":[["4","e"],["3","b"],["3","e"],["2","e"]],"19_05":[["2","b"],["2","g"]],"18_85":[["4","b"],["3","b"],["2","b"]],"18_65":[["4","e"],["2","b"],["2","g"]],"18_45":[["4","g"],["2","e"]],"18_25":[["4","fs"],["2","b"],["2","g"]],"18_05":[["4","e"],["2","b"]],"17_85":[["2","b"],["2","g"]],"17_65":[["4","e"],["2","e"]],"17_45":[["2","b"],["2","a"]],"17_25":[["4","fs"],["3","fs"],["2","b"]],"17_05":[["3","b"],["2","b"],["2","a"]],"16_85":[["4","ds"],["2","fs"]],"16_65":[["4","cs"],["2","b"],["2","a"]],"16_45":[["3","b"],["2","b"]],"16_25":[["2","b"],["2","a"]],"16_05":[["3","b"],["2","ds"]],"15_85":[["4","e"],["4","c"]],"15_65":[["4","e"],["4","c"]],"15_45":[["4","e"],["4","c"]],"15_25":[["4","e"],["4","c"],["3","a"],["2","a"]],"15_05":[["4","e"],["4","c"]],"14_85":[["4","e"],["4","c"],["3","e"],["2","e"]],"14_65":[["4","e"],["4","c"]],"14_45":[["4","e"],["4","c"],["3","a"],["2","a"]],"14_25":[["4","e"],["3","b"]],"14_05":[["4","e"],["3","b"]],"13_85":[["4","e"],["3","b"]],"13_65":[["4","e"],["3","b"],["2","b"]],"13_45":[["4","e"],["3","b"]],"13_25":[["4","e"],["3","b"],["3","g"],["2","g"]],"13_05":[["4","e"],["3","b"]],"12_85":[["4","e"],["3","b"],["3","e"],["2","e"]],"12_45":[["4","e"],["2","b"],["2","e"]],"12_05":[["4","e"],["3","e"],["2","g"],["2","e"]],"11_85":[["4","fs"]],"11_65":[["4","ds"],["2","b"],["2","a"],["2","fs"]],"11_45":[["4","b"],["3","b"]],"11_25":[["4","fs"],["3","fs"],["2","b"],["2","a"],["2","ds"]],"11_05":[["4","g"],["3","g"],["2","g"],["2","e"]],"10_85":[["4","e"],["3","e"],["2","b"]],"10_65":[["3","b"],["2","b"],["2","g"],["2","e"]],"10_45":[["3","g"],["2","b"],["2","g"]],"10_25":[["2","g"],["2","e"]],"10_05":[["3","b"],["2","b"]],"9_85":[["4","e"],["3","e"],["2","g"],["2","e"]],"9_65":[["3","b"],["2","b"]],"9_45":[["4","e"],["4","c"]],"9_25":[["4","e"],["4","c"]],"9_05":[["4","e"],["4","c"]],"8_85":[["4","e"],["4","c"],["3","a"],["2","a"]],"8_65":[["4","e"],["4","c"]],"8_45":[["4","e"],["4","c"],["3","e"],["2","e"]],"8_25":[["4","e"],["4","c"]],"8_05":[["4","e"],["4","c"],["3","a"],["2","a"]],"7_85":[["4","e"],["3","b"]],"7_65":[["4","e"],["3","b"]],"7_45":[["4","e"],["3","b"]],"7_25":[["4","e"],["3","b"],["2","b"]],"7_05":[["4","e"],["3","b"]],"6_85":[["4","e"],["3","b"],["3","g"],["2","g"]],"6_65":[["4","e"],["3","b"]],"6_45":[["4","e"],["3","b"],["3","e"],["2","e"]],"6_25":[["2","b"],["2","g"]],"6_05":[["4","b"],["3","b"],["2","b"]],"5_85":[["4","e"],["2","b"],["2","g"]],"5_65":[["4","g"],["2","e"]],"5_45":[["4","fs"],["2","b"],["2","g"]],"5_25":[["4","e"],["2","b"]],"5_05":[["2","b"],["2","g"]],"4_85":[["4","e"],["2","e"]],"4_65":[["2","b"],["2","a"]],"4_45":[["4","fs"],["3","fs"],["2","b"]],"4_25":[["3","b"],["2","b"],["2","a"]],"4_05":[["4","ds"],["2","fs"]],"3_85":[["4","cs"],["2","b"],["2","a"]],"3_65":[["3","b"],["2","b"]],"3_45":[["2","b"],["2","a"]],"3_25":[["3","b"],["2","ds"]],"3_05":[["4","e"],["4","c"]],"2_85":[["4","e"],["4","c"]],"2_65":[["4","e"],["4","c"]],"2_45":[["4","e"],["4","c"],["3","a"],["2","a"]],"2_25":[["4","e"],["4","c"]],"2_05":[["4","e"],["4","c"],["3","e"],["2","e"]],"1_85":[["4","e"],["4","c"]],"1_65":[["4","e"],["4","c"],["3","a"],["2","a"]],"1_45":[["4","e"],["3","b"]],"1_25":[["4","e"],["3","b"]],"1_05":[["4","e"],["3","b"]],"0_85":[["4","e"],["3","b"],["2","b"]],"0_65":[["4","e"],["3","b"]],"0_45":[["4","e"],["3","b"],["3","g"],["2","g"]],"0_25":[["4","e"],["3","b"]],"0_05":[["4","e"],["3","b"],["3","e"],["2","e"]]}}}}