{"base":"MUSIC","creator":"5d45569e6d264107008c9c7f","id":"65489e87bcd9357c3152124e","name":"csikos post pt6","prop":{"musicData":{"piano":{"7_25":[["4","e"],["3","b"],["3","g"],["3","e"],["2","e"]],"6_85":[["4","b"],["3","b"],["3","fs"],["3","ds"],["2","b"],["2","fs"]],"6_45":[["4","b"],["4","c"],["3","fs"],["3","e"],["3","c"],["2","b"]],"6_05":[["4","e"],["2","b"],["2","e"]],"5_65":[["4","e"],["3","e"],["2","g"],["2","e"]],"5_45":[["4","fs"]],"5_25":[["4","ds"],["2","b"],["2","a"],["2","fs"]],"5_05":[["4","b"],["3","b"]],"4_85":[["4","fs"],["3","fs"],["2","b"],["2","a"],["2","ds"]],"4_65":[["4","g"],["3","g"],["2","g"],["2","e"]],"4_45":[["4","e"],["3","e"],["2","b"]],"4_25":[["3","b"],["2","b"],["2","g"],["2","e"]],"4_05":[["3","g"],["2","b"],["2","g"]],"3_85":[["2","g"],["2","e"]],"3_65":[["3","b"],["2","b"]],"3_45":[["4","e"],["3","e"],["2","g"],["2","e"]],"3_25":[["3","b"],["2","b"]],"3_05":[["4","e"],["4","c"]],"2_85":[["4","e"],["4","c"]],"2_65":[["4","e"],["4","c"]],"2_45":[["4","e"],["4","c"],["3","a"],["2","a"]],"2_25":[["4","e"],["4","c"]],"2_05":[["4","e"],["4","c"],["3","e"],["2","e"]],"1_85":[["4","e"],["4","c"]],"1_65":[["4","e"],["4","c"],["3","a"],["2","a"]],"1_45":[["4","e"],["3","b"]],"1_25":[["4","e"],["3","b"]],"1_05":[["4","e"],["3","b"]],"0_85":[["4","e"],["3","b"],["2","b"]],"0_65":[["4","e"],["3","b"]],"0_45":[["4","e"],["3","b"],["3","g"],["2","g"]],"0_25":[["4","e"],["3","b"]],"0_05":[["4","e"],["3","b"],["3","e"],["2","e"]]}}}}