{"base":"INTERACT","creator":"5d45569e6d264107008c9c7f","id":"6548a12b0303e55270b5b0fb","name":"csikos post music","prop":{"textSize":267,"attr":[1],"textData":"touches: *now playing* /plays csikos post pt1 /waits 28.5s  *2* /PLAYS CSIKOS POST PT2 /WAITS 28.5s  *3* /PLAYS CSIKOS POST PT3 /WAITS 28.5s  *4* /PLAYS CSIKOS POST PT4 /WAITS 28.5s  *5* /PLAYS CSIKOS POST PT5 /WAITS 28.5s  *6* /PLAYS CSIKOS POST PT6 /WAITS 8s  *END*","thingRefs":[["65489d941c61795278512e39","csikos post pt1"],["65489e07dfa33a527d490fa3","csikos post pt2"],["65489e2d4b86c67c38df7c60","csikos post pt3"],["65489e4f045297058fcc63b6","csikos post pt4"],["65489e6b4b86c67c38df7c61","csikos post pt5"],["65489e87bcd9357c3152124e","csikos post pt6"]]}}