{"base":"MUSIC","creator":"5d45569e6d264107008c9c7f","id":"65489e2d4b86c67c38df7c60","name":"csikos post pt3","prop":{"musicData":{"piano":{"28_45":[["4","d"]],"28_35":[["3","a"]],"28_25":[["3","f"]],"28_15":[["3","a"]],"28_05":[["4","d"],["3","d"],["2","d"]],"27_95":[["3","a"]],"27_85":[["3","f"]],"27_75":[["3","a"]],"27_65":[["4","d"],["3","e"],["2","e"]],"27_55":[["3","a"]],"27_45":[["3","f"]],"27_35":[["3","a"]],"27_25":[["4","d"],["3","f"],["2","f"]],"26_85":[["4","c"],["3","g"],["2","g"]],"26_75":[["3","g"]],"26_65":[["3","e"]],"26_55":[["3","g"]],"26_45":[["4","c"],["3","a"],["2","a"]],"26_35":[["3","g"]],"26_25":[["3","e"]],"26_15":[["3","g"]],"26_05":[["4","c"],["3","b"],["2","b"]],"25_95":[["3","g"]],"25_85":[["3","e"]],"25_75":[["3","g"]],"25_65":[["4","c"],["3","c"]],"25_25":[["4","b"],["4","g"],["4","e"],["3","e"],["2","e"]],"24_85":[["4","e"],["3","g"],["3","e"]],"24_65":[["4","fs"]],"24_45":[["4","ds"],["3","a"],["3","fs"],["3","ds"],["2","b"]],"24_25":[["4","b"]],"24_05":[["4","fs"],["3","b"],["3","a"],["3","ds"],["2","b"]],"23_85":[["4","b"]],"23_65":[["4","g"],["3","b"],["3","g"],["3","e"],["2","b"]],"23_45":[["4","e"]],"23_25":[["3","b"],["3","g"],["3","e"],["2","b"]],"23_05":[["4","g"]],"22_85":[["4","e"],["3","g"],["3","e"],["2","b"]],"22_65":[["4","b"]],"22_45":[["4","g"],["3","b"],["3","g"],["3","e"],["2","b"]],"22_25":[["4","e"],["3","e"]],"22_05":[["4","g"],["3","c"]],"21_85":[["4","fs"],["3","e"]],"21_65":[["4","g"],["2","g"]],"21_45":[["4","f"],["3","e"]],"21_25":[["4","e"],["3","c"]],"21_05":[["4","d"],["3","e"]],"20_85":[["4","c"],["2","g"]],"20_65":[["3","b"],["3","f"]],"20_45":[["4","d"],["3","d"]],"20_25":[["4","cs"],["3","f"]],"20_05":[["4","d"],["2","g"]],"19_85":[["4","c"],["3","f"]],"19_65":[["3","b"],["3","d"]],"19_45":[["3","a"],["3","f"]],"19_25":[["3","g"],["2","g"]],"19_05":[["4","e"],["3","e"]],"18_85":[["3","e"],["3","c"],["2","e"]],"18_65":[["4","g"],["3","e"]],"18_45":[["3","g"],["2","g"]],"18_25":[["4","c"],["3","e"]],"18_05":[["4","c"],["3","c"]],"17_85":[["4","e"],["3","e"]],"17_65":[["4","e"],["3","e"],["2","g"]],"17_45":[["4","b"],["3","f"]],"17_25":[["3","b"],["3","d"],["2","b"]],"17_05":[["4","d"],["3","f"]],"16_85":[["4","d"],["3","d"],["2","g"]],"16_65":[["4","f"],["3","d"]],"16_45":[["4","f"],["3","f"],["2","b"]],"16_25":[["4","a"],["3","d"]],"16_05":[["4","a"],["3","a"],["2","g"]],"15_85":[["4","e"],["3","e"]],"15_65":[["4","g"],["3","c"]],"15_45":[["4","fs"],["3","e"]],"15_25":[["4","g"],["2","g"]],"15_05":[["4","f"],["3","e"]],"14_85":[["4","e"],["3","c"]],"14_65":[["4","d"],["3","e"]],"14_45":[["4","c"],["2","g"]],"14_25":[["3","b"],["3","f"]],"14_05":[["4","d"],["3","d"]],"13_85":[["4","cs"],["3","f"]],"13_65":[["4","d"],["2","g"]],"13_45":[["4","c"],["3","f"]],"13_25":[["3","b"],["3","d"]],"13_05":[["3","a"],["3","f"]],"12_85":[["3","g"],["2","g"]],"12_45":[["4","b"],["4","g"],["4","e"],["3","e"],["2","e"]],"12_05":[["4","e"],["3","g"],["3","e"]],"11_85":[["4","fs"]],"11_65":[["4","ds"],["3","a"],["3","fs"],["3","ds"],["2","b"]],"11_45":[["4","b"]],"11_25":[["4","fs"],["3","b"],["3","a"],["3","ds"],["2","b"]],"11_05":[["4","b"]],"10_85":[["4","g"],["3","b"],["3","g"],["3","e"],["2","b"]],"10_65":[["4","e"]],"10_45":[["3","b"],["3","g"],["3","e"],["2","b"]],"10_25":[["4","g"]],"10_05":[["4","e"],["3","g"],["3","e"],["2","b"]],"9_85":[["4","b"]],"9_65":[["4","g"],["3","b"],["3","g"],["3","e"],["2","b"]],"9_45":[["4","e"],["3","e"]],"9_25":[["4","g"],["3","c"]],"9_05":[["4","fs"],["3","e"]],"8_85":[["4","g"],["2","g"]],"8_65":[["4","f"],["3","e"]],"8_45":[["4","e"],["3","c"]],"8_25":[["4","d"],["3","e"]],"8_05":[["4","c"],["2","g"]],"7_85":[["3","b"],["3","f"]],"7_65":[["4","d"],["3","d"]],"7_45":[["4","cs"],["3","f"]],"7_25":[["4","d"],["2","g"]],"7_05":[["4","c"],["3","f"]],"6_85":[["3","b"],["3","d"]],"6_65":[["3","a"],["3","f"]],"6_45":[["3","g"],["2","g"]],"6_25":[["4","e"],["3","e"]],"6_05":[["3","e"],["3","c"],["2","e"]],"5_85":[["4","g"],["3","e"]],"5_65":[["3","g"],["2","g"]],"5_45":[["4","c"],["3","e"]],"5_25":[["4","c"],["3","c"]],"5_05":[["4","e"],["3","e"]],"4_85":[["4","e"],["3","e"],["2","g"]],"4_65":[["4","b"],["3","f"]],"4_45":[["3","b"],["3","d"],["2","b"]],"4_25":[["4","d"],["3","f"]],"4_05":[["4","d"],["3","d"],["2","g"]],"3_85":[["4","f"],["3","d"]],"3_65":[["4","f"],["3","f"],["2","b"]],"3_45":[["4","a"],["3","d"]],"3_25":[["4","a"],["3","a"],["2","g"]],"3_05":[["4","e"],["3","e"]],"2_85":[["4","g"],["3","c"]],"2_65":[["4","fs"],["3","e"]],"2_45":[["4","g"],["2","g"]],"2_25":[["4","f"],["3","e"]],"2_05":[["4","e"],["3","c"]],"1_85":[["4","d"],["3","e"]],"1_65":[["4","c"],["2","g"]],"1_45":[["3","b"],["3","f"]],"1_25":[["4","d"],["3","d"]],"1_05":[["4","cs"],["3","f"]],"0_85":[["4","d"],["2","g"]],"0_65":[["4","c"],["3","f"]],"0_45":[["3","b"],["3","d"]],"0_25":[["3","a"],["3","f"]],"0_05":[["3","g"],["2","g"]]}}}}