{"base":"INTERACT","creator":"5d45569e6d264107008c9c7f","id":"6551c7147b6e000593c5f2bb","name":"ted the fox","prop":{"textSize":767,"attr":[5,8],"textData":"//setup, if not set\nsomeone arrives and isn't SET_PRICE: hmm... /=[number 50 320] cp /=[number 5 10] dmi /is set_price\n\n//say on action\ntouched and isn't introduced and they don't hold cocopump: hello. /_is introduced  i'm ted.  i'd like to buy some cocopump.  they cost [value cp] for today.\n\n//trade\ngets cocopump and [value mi] < [VALUE dmi]: thanks. /+[value Cp] effects-free their buxes /+1 mi /_IS INTRODUCED /thanks\nGETS COCOPUMP AND [VALUE Mi] >= [VALUE Dmi]: oh, my backpack is full... /apologizes /waits 1  /gives cocopump\n\n//talk to him\nhears hello: hello! /thanks\nHEARS bye: goodbye! /THANKS\nHEARS how are you: i'm fine, thanks.\nHEARS what time is it: It's [time].\nHEARS day: nice day.\nHEARS weather: NICE weather there!\nhears cost: it's [value cp].\n\n\n\n\n\n","reactsTo":["someone_arrives"],"thingRefs":[["64eee21db707c9264410e982","buxes"],["65504f41f100fb05892195d7","apologizes"],["655050413ec85d7c306ac2ca","thanks"],["655057b5bcd9357c31522b05","cocopump"]]}}