{"x":-1,"y":-1,"iix":["5f2c353d8e5bf770cb39fe12","5f2c3623d7019305fae49a60","5f2c3652be72d462f4132bd3","5f2da74a88ea22316ff2d73f","5c64ebf3e1649b0a6d4271e9","5f2c356642cabb060b2adaa1","538b92e172bf05b96b336567","538b92f472bf05b96b336568","5f2c37129a223531759f2768","51e455b76edff2060b000009","51e441ee366205990a000007","5c2fbb9c7963e405317abe9d","5c30098d22423c6f48c9b8b3","621a60d425d95405cad96715","51e4612a134794940a00000b","51e460ea134794940a00000a","50851b490f5afb800f000001"],"ps":[[0,17,0,0,0,0],[1,17,0,0,0,0],[2,17,0,0,0,0],[3,17,0,0,0,0],[4,17,0,0,0,0],[5,17,0,0,0,0],[6,17,0,0,0,0],[6,16,0,2,0,0],[5,16,0,2,0,0],[4,16,0,2,0,0],[3,16,0,2,0,0],[2,16,0,2,0,0],[1,16,0,2,0,0],[0,16,0,2,0,0],[6,15,1,0,0,0],[6,14,1,0,0,0],[6,13,1,0,0,0],[6,12,1,0,0,0],[6,11,1,0,0,0],[6,9,1,0,0,0],[6,10,1,0,0,0],[0,5,1,1,0,0],[1,5,1,1,0,0],[2,5,1,1,0,0],[6,8,2,1,0,0],[5,7,2,1,0,0],[4,6,2,1,0,0],[3,5,2,1,0,0],[5,8,2,3,0,0],[4,7,2,3,0,0],[3,6,2,3,0,0],[1,7,3,0,0,0],[1,8,4,0,0,0],[8,16,5,1,0,0],[8,17,5,2,0,0],[7,17,0,0,0,0],[7,16,0,2,0,0],[6,18,6,2,0,0],[5,18,7,2,0,0],[0,18,6,2,0,0],[3,14,8,0,0,0],[19,21,9,0,0,0],[24,22,10,0,0,0],[24,21,10,0,0,0],[23,21,9,0,0,0],[23,22,9,0,0,0],[31,30,11,0,0,0],[31,31,12,0,0,0],[19,30,13,0,0,0],[19,31,14,0,0,0],[7,24,15,0,0,0],[1,23,16,0,0,0],[7,23,16,0,0,0],[11,23,16,0,0,0],[1,24,15,0,0,0],[1,22,16,0,0,0],[1,21,9,0,0,0],[7,22,9,0,0,0]],"i":{"b":["SOLID","SOLID","SOLID","DECOFB","PASS","SLOPE","DECOANIM","DECOANIM","DYNATHING","LIGHTTOP","LIGHT","SOLID","SOLID","LIGHTTOP","LIGHT","LIGHT","LIGHT"],"p":[{"attr":[1],"clonedFrom":"586f54fa1e97adea0fe35cc2"},null,null,{"attr":[1],"clonedFrom":"5ee29fd12f98d77fd942c1fc"},null,{"attr":[1],"clonedFrom":"586f54b2c06265f01365bb18"},{"attr":[9]},{"attr":[9]},{"attr":[2],"text":"0: CELLS SHOW, PIVOT 14.5 14.5, ROTATE -20, CELL 2 Z-INDEX 7, DOWN 3, left 5, CELL 3 UP 7, RIGHT 22, Z-INDEX 6, CELL 4 ROTATE 0, RIGHT 36, UP 2, Z-INDEX 5, CELL 5 ROTATE 0, DOWN 19, Z-INDEX 4, CELL 6 DOWN 19, RIGHT 2, Z-INDEX 3, CELL 7 DOWN 19, left 3, ROTATE 20, Z-INDEX 2, cell 1 hide\n","clonedFrom":"5b89d8a7cb766a054fe7e198"},{"rgb":"-80,-80,-80"},{"rgb":"248,167,146"},null,null,{"rgb":"125,160,158"},{"rgb":"234,145,189"},{"rgb":"135,123,185"},{"rgb":"-80,-80,-80"}],"n":["solid","window","window","hanging bench","invis","pink metal","thruster","thruster","this isnt even like a real telescope","black top light","orange pastel","cherub block end","cherub wood wall top","a","pink pastel","purple pastel","black light"],"dr":[0,0,0,0,0,0,0,0,0,0,0,0,0,0,0,0,0]}}