{"x":2,"y":1,"iix":["5fe69bdfa4ebe04546339af2","60e74ffb1986d15f87ddb7eb","5fd5f795ca5b3b1a52d6232d"],"ps":[[7,0,0,0,0,0],[6,0,0,0,0,0],[0,0,0,0,0,0],[1,0,0,0,0,0],[2,0,0,0,0,0],[3,0,0,0,0,0],[4,0,0,0,0,0],[5,0,0,0,0,0],[8,0,0,0,0,0],[9,0,0,0,0,0],[10,0,0,0,0,0],[11,0,0,0,0,0],[12,0,0,0,0,0],[13,0,0,0,0,0],[14,0,0,0,0,0],[15,0,0,0,0,0],[16,0,0,0,0,0],[17,0,0,0,0,0],[7,11,1,0,0,0],[0,1,2,0,0,0],[17,1,2,0,0,0],[17,2,2,0,0,0],[0,2,2,0,0,0],[1,1,2,0,0,0],[2,1,2,0,0,0],[3,1,2,0,0,0],[4,1,2,0,0,0],[5,1,2,0,0,0],[6,1,2,0,0,0],[7,1,2,0,0,0],[8,1,2,0,0,0],[9,1,2,0,0,0],[10,1,2,0,0,0],[11,1,2,0,0,0],[12,1,2,0,0,0],[13,1,2,0,0,0],[14,1,2,0,0,0],[15,1,2,0,0,0],[16,1,2,0,0,0],[1,2,2,0,0,0],[2,2,2,0,0,0],[3,2,2,0,0,0],[4,2,2,0,0,0],[5,2,2,0,0,0],[6,2,2,0,0,0],[7,2,2,0,0,0],[8,2,2,0,0,0],[9,2,2,0,0,0],[10,2,2,0,0,0],[11,2,2,0,0,0],[12,2,2,0,0,0],[13,2,2,0,0,0],[14,2,2,0,0,0],[15,2,2,0,0,0],[16,2,2,0,0,0],[18,1,2,0,0,0],[18,0,2,0,0,0],[19,1,2,0,0,0],[19,0,2,0,0,0],[18,2,2,0,0,0],[20,0,2,0,0,0],[21,0,2,0,0,0],[22,1,2,0,0,0],[20,1,2,0,0,0],[21,1,2,0,0,0],[22,0,2,0,0,0],[23,0,2,0,0,0]],"i":{"b":["SOLID","DYNATHING","SOLID"],"p":[null,{"text":"0s: cell 1 show, cell 2 show"},{"attr":[1],"info":"(c) copyright omnicolor supermax turboplus epileptic death, subsidiary of extrasecret underground moon private-funded raster graphics research and development institute inc. co. gmbh. s.a.r.l.","changerId":"5f7f9fffdfa69a2a19a34233"}],"n":["er","pet","steel"],"dr":[0,0,0]}}