{"x":1,"y":1,"iix":["5fe69bdfa4ebe04546339af2","5fd5f795ca5b3b1a52d6232d"],"ps":[[26,0,0,0,0,0],[27,0,0,0,0,0],[28,0,0,0,0,0],[29,0,0,0,0,0],[30,0,0,0,0,0],[31,0,0,0,0,0],[21,0,1,0,0,0],[23,0,1,0,0,0],[22,0,1,0,0,0],[24,0,1,0,0,0],[25,0,1,0,0,0],[25,1,1,0,0,0],[23,1,1,0,0,0],[24,1,1,0,0,0],[26,1,1,0,0,0],[27,1,1,0,0,0],[27,2,1,0,0,0],[25,2,1,0,0,0],[26,2,1,0,0,0],[28,2,1,0,0,0],[30,2,1,0,0,0],[29,2,1,0,0,0],[31,2,1,0,0,0],[28,1,1,0,0,0],[29,1,1,0,0,0],[30,1,1,0,0,0],[31,1,1,0,0,0]],"i":{"b":["SOLID","SOLID"],"p":[null,{"attr":[1],"info":"(c) copyright omnicolor supermax turboplus epileptic death, subsidiary of extrasecret underground moon private-funded raster graphics research and development institute inc. co. gmbh. s.a.r.l.","changerId":"5f7f9fffdfa69a2a19a34233"}],"n":["er","steel"],"dr":[0,0]}}