{"x":0,"y":-7,"iix":["5945372b424d028f133cb226","644e9b82c9b3c77cf4bc00d6","5da5428c2e6f9d7fda61193d","601c8a9ae809cc36e12bd341","6490eae4a1029c46f445885d","64a7608da75b9d46f3283fc2","64a70b374b8c8c059f35f455","5f04d5e2ce14d66ea40a6e4e","60c2b31d4b0020092d684e40","55009fef9097e9b739a5ae0c","64d1a3ca032c84264cbc2deb","64d3c0e1b707c92644106eac","5f9b56a6a995946307bc0484","64855b4626a34c05974191d0","64c727b0b707c92644102d5d","56914a0a2a22d24228c0ca86","54c2e8c64f3abe830fbdc07b","64069e05bda30d5618c7b9e7","5cdd76951b37830e25f89f45","56e5bf2c183e1f101393e9d5","5fdfc7f34bbfbd4471eeb33d"],"ps":[[18,31,0,0,0,0],[20,31,1,0,0,0],[22,31,2,0,0,0],[24,31,3,0,0,0],[26,31,4,0,0,0],[28,31,5,0,0,0],[30,31,6,0,0,0],[31,28,7,0,0,0],[31,29,8,0,0,0],[29,29,8,0,0,0],[29,28,9,0,0,0],[27,29,8,0,0,0],[27,28,10,0,0,0],[25,29,8,0,0,0],[23,29,8,0,0,0],[25,28,11,0,0,0],[23,28,12,0,0,0],[21,28,3,0,0,0],[21,29,8,0,0,0],[19,29,8,0,0,0],[19,28,13,0,0,0],[18,26,8,0,0,0],[20,26,8,0,0,0],[22,26,8,0,0,0],[24,26,8,0,0,0],[18,25,14,0,0,0],[20,25,15,0,0,0],[22,25,16,0,0,0],[26,25,17,0,0,0],[26,26,8,0,0,0],[28,26,8,0,0,0],[30,26,8,0,0,0],[30,25,18,0,0,0],[28,25,19,0,0,0],[31,23,8,0,0,0],[29,23,8,0,0,0],[27,23,8,0,0,0],[31,22,20,0,0,0]],"i":{"b":["HOLDER","HOLDER","HOLDER","HOLDER","HOLDER","HOLDER","HOLDER","HOLDER","PASS","HOLDER","HOLDER","HOLDER","HOLDER","HOLDER","HOLDER","HOLDER","HOLDER","HOLDER","HOLDER","HOLDER","HOLDER"],"p":[null,{"attr":[5,10,14,21]},null,{"attr":[21,6,5,22],"backTileCount":"8,8"},null,{"rgb":"29,14,0","attr":[16]},{"rgb":"29,14,0","attr":[16]},{"attr":[18]},{"attr":[1],"clonedFrom":"60c154b262568f1738d7a8a0","changerId":"600a0bf0967f7a5a77933db2"},null,{"rgb":"200,119,97","attr":[20,16,6,5,18],"backTileCount":"8,8"},null,{"rgb":"203,168,98","attr":[5,16,6]},null,{"rgb":"15,15,52","attr":[16],"useKeyword":"key"},{"attr":[14,5]},{"attr":[5,14]},{"rgb":"254,159,1","attr":[5,15,20],"backTileCount":"7,5"},null,{"attr":[18,6],"clonedFrom":"56588e1980ae4c5f1b87fa6a"},{"attr":[18,5,6],"clonedFrom":"5c26bafe593e0b6f955b9a72"}],"n":["steel blocks","wings","trees and snow","tileset of notto","yato??no se","skins ouo","dibujos de mis amigos:3","the perfect blend","grassmix","chest","ground monsters","tydgge","jlhmiscellanious","chest holder","chest","beasties 2016 skins","public mountables","boards","banana box","flaka's holder","end chest"],"dr":[0,0,0,0,0,0,0,0,0,0,0,0,0,0,0,0,0,0,0,0,0]}}