{"x":4,"y":-4,"iix":["60c3ec293ed32e0500cad496","64559281c125a02643816557","575d361c2ea24f1413a89a5c"],"ps":[[14,31,0,0,0,0],[14,30,0,0,0,0],[14,28,0,0,0,0],[14,29,0,0,0,0],[13,31,1,0,0,0],[11,31,2,0,0,0]],"i":{"b":["SOLID","HOLDER","HOLDER"],"p":[{"attr":[1],"clonedFrom":"60c154b262568f1738d7a8a0","changerId":"600a0bf0967f7a5a77933db2"},{"rgb":"0,0,0","attr":[5,15,6,18]},{"rgb":"167,129,54","attr":[18,20,5,6,15],"clonedFrom":"5728d2513b02177f0f86fbe4"}],"n":["grassmix","almost everything","crotch crate"],"dr":[0,0,0]}}