{"x":-3,"y":-2,"iix":["5ff0d02c5b44a84545fad46f","6330b6ed118d333ad46a2fa1","62eedc25cddf781ec3fc6fa3","61a7b8fa02d3074dfd5692f9","60c2b31d4b0020092d684e40","650e2c4083922305a0c49083"],"ps":[[14,31,0,0,0,0],[16,31,1,0,0,0],[18,31,2,0,0,0],[20,31,3,0,0,0],[4,31,4,0,0,0],[2,31,4,0,0,0],[0,31,4,0,0,0],[4,30,5,0,0,0]],"i":{"b":["HOLDER","HOLDER","HOLDER","HOLDER","PASS","WRITABLE"],"p":[{"attr":[5,20],"backTileCount":"8,8","changerId":"5ff0cce029c0ae17668db75b"},{"attr":[6,5,20,18],"backTileCount":"8,8","clonedFrom":"5fd4f83830cb3a78f498c02d","changerId":"5d54becc45219a15dbef375c"},{"attr":[5,6,20,18],"backTileCount":"8,8","changerId":"60068c02b544e905259f6177"},{"attr":[5,6,20,18],"backTileCount":"8,8","changerId":"61119f92d969852017253429"},{"attr":[1],"clonedFrom":"60c154b262568f1738d7a8a0","changerId":"600a0bf0967f7a5a77933db2"},null],"n":["cement holder","soil terrain","furnishings etc.","sun","grassmix","jackies envelope!!"],"dr":[0,0,0,0,0,0]}}