{"x":-1,"y":-4,"iix":["60c3ec293ed32e0500cad496","60c2b31d4b0020092d684e40","598ddb880ff24c7d1379cdd9","55d5503a2c3d2be049f4390f","54c946d1aef65eed441f8571","646abfbe032c84264cba6f19","548deefd1c55d272317f39f0","62a77dcbcfb2b61285bbaf87","61f80327ed66a405b0f8c2f0","621adaa09aea641f4d33cd04","5573328a4603641d08cd7f11","5729627aeb52797c0fc46438","63152cb35f9d4805a3a26539","62b0fc0ea77caa05bf7693fb","5485cd76cbdc4f8f7b1087b0","54edf259a99ff3c120f90552","550b74fc961d33180c71b488","5475f8d67657f99f37883b87","54fc9962c64879cd0c5194fe","604d10f5037e7555892cf512","604d1138c007ff5581d7d858","604d605258a58555885c5cfb","61f9e38a0dea1a1473a0f23a","604d6185d260075485e7cc94","647d0658032c84264cbab34a","643b8ecd3e3f7a7e54a39c91","64b61769c125a026438326dd","55aca4125f06b7ad09e90a19","610b1b9896c7ac04fd57dd0e","56801a7abeaa04916a8e7115","63fc3b7ced4fdc05a47fa994","6428c944f2cb34071aa48a72","63fc38fe02a6b15607de3fc4","6518a248a75b9d46f32a4264","583a3b5cfbb964701321fe53","5800c98bbe018014115a60fa","5c8037fb5308946b37f61f9a","5520c65deca3fa652bf6750f"],"ps":[[9,27,0,0,0,0],[9,28,0,0,0,0],[9,31,0,0,0,0],[9,30,0,0,0,0],[9,29,0,0,0,0],[9,26,0,0,0,0],[9,25,0,0,0,0],[8,29,1,0,0,0],[6,29,1,0,0,0],[4,29,1,0,0,0],[2,29,1,0,0,0],[0,29,1,0,0,0],[7,31,2,0,0,0],[5,31,3,0,0,0],[3,31,4,0,0,0],[1,31,5,0,0,0],[8,28,6,0,0,0],[6,28,7,0,0,0],[4,28,8,0,0,0],[2,28,9,0,0,0],[0,28,10,0,0,0],[1,26,1,0,0,0],[9,24,0,0,0,0],[9,23,0,0,0,0],[9,22,0,0,0,0],[3,26,1,0,0,0],[5,26,1,0,0,0],[7,26,1,0,0,0],[8,23,1,0,0,0],[6,23,1,0,0,0],[4,23,1,0,0,0],[2,23,1,0,0,0],[0,23,1,0,0,0],[9,21,0,0,0,0],[9,20,0,0,0,0],[9,19,0,0,0,0],[9,18,0,0,0,0],[1,25,11,0,0,0],[3,25,12,0,0,0],[5,25,13,0,0,0],[7,25,14,0,0,0],[8,22,15,0,0,0],[6,22,16,0,0,0],[4,22,17,0,0,0],[2,22,18,0,0,0],[26,31,0,0,0,0],[26,30,0,0,0,0],[26,22,0,0,0,0],[26,23,0,0,0,0],[26,29,0,0,0,0],[26,28,0,0,0,0],[26,27,0,0,0,0],[26,26,0,0,0,0],[26,25,0,0,0,0],[26,24,0,0,0,0],[30,29,1,0,0,0],[31,26,1,0,0,0],[29,26,1,0,0,0],[28,29,1,0,0,0],[27,26,1,0,0,0],[28,23,1,0,0,0],[30,23,1,0,0,0],[30,28,19,0,0,0],[28,28,20,0,0,0],[31,25,21,0,0,0],[0,22,22,0,0,0],[9,17,0,0,0,0],[9,16,0,0,0,0],[9,7,0,0,0,0],[9,8,0,0,0,0],[9,15,0,0,0,0],[9,14,0,0,0,0],[9,13,0,0,0,0],[9,12,0,0,0,0],[9,11,0,0,0,0],[9,10,0,0,0,0],[9,9,0,0,0,0],[29,25,23,0,0,0],[1,20,1,0,0,0],[3,20,1,0,0,0],[1,19,24,0,0,0],[3,19,25,0,0,0],[5,20,1,0,0,0],[5,19,26,0,0,0],[7,20,1,0,0,0],[8,17,1,0,0,0],[6,17,1,0,0,0],[4,17,1,0,0,0],[2,17,1,0,0,0],[0,17,1,0,0,0],[7,19,27,0,0,0],[6,16,28,0,0,0],[8,16,29,0,0,0],[4,16,30,0,0,0],[2,16,31,0,0,0],[0,16,32,0,0,0],[1,14,1,0,0,0],[3,14,1,0,0,0],[1,13,33,0,0,0],[5,14,1,0,0,0],[7,14,1,0,0,0],[8,11,1,0,0,0],[6,11,1,0,0,0],[4,11,1,0,0,0],[2,11,1,0,0,0],[0,11,1,0,0,0],[3,13,34,0,0,0],[5,13,35,0,0,0],[7,13,36,0,0,0],[8,10,37,0,0,0]],"i":{"b":["SOLID","PASS","HOLDER","HOLDER","HOLDER","HOLDER","HOLDER","HOLDER","HOLDER","HOLDER","HOLDER","HOLDER","HOLDER","HOLDER","WRITABLE","WRITABLE","WRITABLE","WRITABLE","WRITABLE","HOLDER","HOLDER","HOLDER","HOLDER","HOLDER","HOLDER","HOLDER","HOLDER","HOLDER","HOLDER","HOLDER","HOLDER","HOLDER","HOLDER","HOLDER","HOLDER","HOLDER","HOLDER","HOLDER"],"p":[{"attr":[1],"clonedFrom":"60c154b262568f1738d7a8a0","changerId":"600a0bf0967f7a5a77933db2"},{"attr":[1],"clonedFrom":"60c154b262568f1738d7a8a0","changerId":"600a0bf0967f7a5a77933db2"},{"attr":[5,14]},{"attr":[21,14,18]},{"attr":[20,5],"backTileCount":"1,1"},{"rgb":"0,0,0","attr":[5,16,10,18]},null,{"rgb":"255,255,255","attr":[5,20,16,8,14]},{"rgb":"38,36,49","attr":[18,15,20,6,5],"backTileCount":"8,8","info":"a read-only data cell with standard corporate microstructure blueprints written on it. it feels lightweight yet densely packed with ingenuity, standartization and endless permutability.","changerId":"5f7f9fffdfa69a2a19a34233"},{"rgb":"0,0,0","attr":[6,15],"backTileCount":"8,8","soundId":"53ce36d111a6b0e4054cbe63"},{"attr":[5,17,7,8,9,18]},{"rgb":"0,0,0","attr":[5,6,16,10,21]},{"rgb":"138,105,74","attr":[18,5,20,16],"backTileCount":"8,8"},null,{"rgb2":"255,255,255","rgb":"16,63,159"},{"rgb2":"255,255,255","rgb":"0,204,254"},{"rgb2":"247,0,0","rgb":"195,195,195","clonedFrom":"550b743d63a2c77c0fde1062","changerId":"5506f698369febde12f21c3c"},{"rgb2":"10,1,6","rgb":"55,78,141","attr":[1]},{"rgb2":"0,0,0","rgb":"236,236,236","attr":[1],"clonedFrom":"54f7a953a49de12d393c7b44"},{"attr":[5,6,10,20],"backTileCount":"8,8"},{"attr":[5,6,10,20],"backTileCount":"8,8"},{"attr":[5,6,10,20],"backTileCount":"8,8"},{"attr":[14]},{"attr":[5,6,10,20],"backTileCount":"8,8"},{"attr":[14,5]},{"attr":[6,20,5],"backTileCount":"5,4"},{"rgb":"174,174,174","attr":[18,5,6,16,20],"backTileCount":"8,8","info":"i heard someone went through the trouble of compressing the giant plushie into a body so i decided to make a tiny one myself","clonedFrom":"634e18ccc41cdb6a0f9f1381"},null,null,{"rgb":"15,93,15","attr":[16,6,5,8,21]},{"rgb":"207,132,178","attr":[16,5],"backTileCount":"8,6","info":"folder 1"},{"rgb":"207,132,178","attr":[16,5],"backTileCount":"8,6","info":"folder 1"},{"rgb":"207,132,178","attr":[16,5],"backTileCount":"8,6","info":"folder 1"},{"rgb":"255,172,213","attr":[6,16,10]},{"rgb":"255,122,0","attr":[20,5,14,15]},{"rgb":"0,0,0","attr":[18,5,6,15],"backTileCount":"8,8","clonedFrom":"56b18c64a1f9d66b0f78daba"},{"rgb":"0,40,122","attr":[18,5,6,16],"backTileCount":"8,8","useKeyword":"key nebukadnezer","clonedFrom":"5c75b07f249be91ec260cd00","changerId":"55018c6bfe6750b40b58aa6f"},{"attr":[5],"backTileCount":"6,6"}],"n":["grassmix","grassmix","solids & backs!!","chibi holder notices","strife specibus","plus","mystery box","alphabet soup","structure repositorium","salteh's poster box","mini oven","dreemurr emblem chest","chat stuff","holder del purgatorio","steampunk board","white fox's costume parlor","dynamics repo and help","advertisment board","ancient forum","sitting items","plants","skins","for bean","skins for everyone","fungicide tileset","aura's tileset collection","anvil plushies","corrugated paper","cozy bungalo","herb holder","folder 2","folder 3","folder 1","genshin","everything you need to put a grillbys","ooze's candyturf holder","killerkassen","shop"],"dr":[0,0,0,0,0,0,0,0,0,0,0,0,0,0,0,0,0,0,0,0,0,0,0,0,0,0,0,0,0,0,0,0,0,0,0,0,0,0]}}