{"base":"INTERACT","creator":"528a851993acbc0f47000164","id":"53454788dc12a12e59000013","name":"to activate say hello","prop":{"textSize":932,"textData":"HEARS HELLO OR HEY: hELLO, THIS IS YOUR AUTOMATED VENDING MACHINE SPEAKING.  I WILL NOW LIST THE PRODUCTS ON SALE FROM LEFT TO RIGHT:  -CHOCO bar  -CRISPS  -GUM  -MARSHMALLOW  -LOLLYPOP  -COLA  -WATER  -CHERRYADE  -LIME drink  wHAT WOULD YOU LIKE? FIRST PUT IN, ONE COIN\nGETS COIN: tHANK YOU, NOW TELL ME WHAT ITEM YOU WANT :3\n\nhEARS CHOCO bar: *CHA-CHING* HERE YOU GO :D /GIVES CHOCOLATE\n\nhEARS CRISPS: *CHA-CHING* HERE YOU GO :D /GIVES CRISPS\n\nHEARS GUM: *CHA-CHING* HERE YOU GO :D /GIVES GUM BALL\n\nHEARS MARSHMALLOW: *CHA-CHING* HERE YOU GO :D /GIVES MARSHMALLOW\n\nHEARS LOLLYPOP: *CHA-CHING* HERE YOU GO :D /GIVES LOLLYPOP\n\nHEARS COLA: *CHA-CHING* HERE YOU GO :D /GIVES COLA\n\nHEARS WATER: *CHA-CHING* HERE YOU GO :D /GIVES WATER\n\nHEARS CHERRYade: *CHA-CHING* HERE YOU GO :D /gives cherryade\n\nHEARS LIME drink: *CHA-CHING* HERE YOU GO :D /GIVES LIMEADE\n\nHEARS FUCK OR SHIT OR DICK OR COCK OR CUNT: hOW VULGAR!  uP YOURS KIND SIR.\n","thingRefs":[["53441bf36dc6257b1000002a","limeade"],["53441b906dc6257b10000028","cola"],["53441b189df589805a000018","lollypop"],["534419382694cee038000025","chocolate"],["53441a266dc6257b10000024","gum ball"],["53441a3e2694cee03800002c","crisps"],["53441a962694cee03800002d","marshmallow"],["5343dc0f8eede72309000022","water"],["53441bcc2694cee03800002e","cherryade"]],"attr":[1]}}