{"base":"READABLE","creator":"5300e2508820b32646000057","id":"53d03fe44385f5c1597d1d83","name":"green mountain at dawn","prop":{"textSize":451,"textData":"                   The Green Mountain\n                 community seating area\n\nThis seating area is a space where manyzens can come together as a community. as our community grows it is inevitable that we will face challenges and only by uniting can we overcome them\n\nSince manyland is in a constant state of flux, so this seating area should be. Please take the time to design a seat that says something about you, and share it in the seating area. \n","rgb":"109,78,2","rgb2":"38,19,0"}}