{"base":"INTERACT","creator":"5003d713a0b60c386b0000a1","id":"53d0c2cd4385f5c1597d1e1b","name":"prize machine","prop":{"textSize":1916,"thingRefs":[["53d0bf384385f5c1597d1e17","prize machine"],["52cadc1c9206ccd77900019c","pony doll"],["53972a53114aa6a8217a69ae","davedoll"],["53a8e3af7052686d7c47006b","teddy"],["53a8e8557052686d7c47007d","unicorn toy"],["53a8f04940166623616fefbd","ninjamal toy"],["53a8e6574c73e9de7daccef5","dolly"],["53a8f8494c73e9de7daccf17","quirky doll"],["5391fe9d260e79a85f7490bd","miniature ari"],["5241d9d6de8e6aa406000048","sword"],["51f876fdd6c88f072f00001e","rose"],["52baf0d5501bfd642d000152","katana"],["529fcd7fa973f9e373000093","plane"],["5295dad1b398ccdd3600000b","ice bear"],["52c19dc821c091f463000019","big burger"],["52c9d887d63b42ba7a0000dc","basketball"],["52d7485822ffda7f5d0001d1","donut 2 1"],["52d7c9ccc0848a8c4e000245","soda can"],["52e65deb236bd4377c000005","candy"],["52e2fecc9be1454c3b0000a0","pizza"],["52e1932fa4f2e65117000004","sticky hand"],["52ec0af84ed9318523000079","edible fish"],["53c8d28a08f2b1c67b0f1ef0","plates clanking"]],"textData":"TOUCHES: *INSERT COIN*\n\nGETS COIN: /PRIZE MACHINE  /DELAY  /DELAY  /DELAY  /PLAYS PLATES CLANKING /GIVES PONY DOLL\nGETS COIN: /PRIZE MACHINE  /DELAY  /DELAY  /DELAY  /PLAYS PLATES CLANKING /GIVES DAVEDOLL\nGETS COIN: /PRIZE MACHINE  /DELAY  /DELAY  /DELAY  /PLAYS PLATES CLANKING /GIVES TEDDY\nGETS COIN: /PRIZE MACHINE  /DELAY  /DELAY  /DELAY  /PLAYS PLATES CLANKING /GIVES UNICORN TOY\nGETS COIN: /PRIZE MACHINE  /DELAY  /DELAY  /DELAY  /PLAYS PLATES CLANKING /GIVES NINJAMAL TOY\nGETS COIN: /PRIZE MACHINE  /DELAY  /DELAY  /DELAY  /PLAYS PLATES CLANKING /GIVES DOLLY\nGETS COIN: /PRIZE MACHINE  /DELAY  /DELAY  /DELAY  /PLAYS PLATES CLANKING /GIVES QUIRKY DOLL\nGETS COIN: /PRIZE MACHINE  /DELAY  /DELAY  /DELAY  /PLAYS PLATES CLANKING /GIVES MINIATURE ARI\nGETS COIN: /PRIZE MACHINE  /DELAY  /DELAY  /DELAY  /PLAYS PLATES CLANKING /GIVES SWORD\nGETS COIN: /PRIZE MACHINE  /DELAY  /DELAY  /DELAY  /PLAYS PLATES CLANKING /GIVES ROSE\nGETS COIN: /PRIZE MACHINE  /DELAY  /DELAY  /DELAY  /PLAYS PLATES CLANKING /GIVES KATANA\nGETS COIN: /PRIZE MACHINE  /DELAY  /DELAY  /DELAY  /PLAYS PLATES CLANKING /GIVES PLANE\nGETS COIN: /PRIZE MACHINE  /DELAY  /DELAY  /DELAY  /PLAYS PLATES CLANKING /GIVES ICE BEAR\nGETS COIN: /PRIZE MACHINE  /DELAY  /DELAY  /DELAY  /PLAYS PLATES CLANKING /GIVES BIG BURGER\nGETS COIN: /PRIZE MACHINE  /DELAY  /DELAY  /DELAY  /PLAYS PLATES CLANKING /GIVES BASKETBALL\nGETS COIN: /PRIZE MACHINE  /DELAY  /DELAY  /DELAY  /PLAYS PLATES CLANKING /GIVES DONUT 2 1\nGETS COIN: /PRIZE MACHINE  /DELAY  /DELAY  /DELAY  /PLAYS PLATES CLANKING /GIVES SODA CAN\nGETS COIN: /PRIZE MACHINE  /DELAY  /DELAY  /DELAY  /PLAYS PLATES CLANKING /GIVES CANDY\nGETS COIN: /PRIZE MACHINE  /DELAY  /DELAY  /DELAY  /PLAYS PLATES CLANKING /GIVES PIZZA\nGETS COIN: /PRIZE MACHINE  /DELAY  /DELAY  /DELAY  /PLAYS PLATES CLANKING /GIVES STICKY HAND\nGETS COIN: /PRIZE MACHINE  /DELAY  /DELAY  /DELAY  /PLAYS PLATES CLANKING /GIVES EDIBLE FISH","attr":[8,5,1,2]}}