{"base":"DYNATHING","creator":"524389354b5ac3d87c000047","id":"54e42bca846f53167cf2b36a","name":"smoke","prop":{"text":"0s: cell 5 up 30, cell 8 up 30, cell 5 rotate -90, cell 8 rotate -90, cell 5 show\n0-1S: CELL 2 UP 10, CELL 5 UP 10, CELL 8 UP 10, CELL 2 ROTATE 90, CELL 5 ROTATE 90, CELL 8 ROTATE 90, CELL 5 HIDE, CELL 8 SHOW\n\n1-2S: CELL 2 UP 10, CELL 5 UP 10, CELL 8 UP 10, CELL 2 ROTATE 90, CELL 5 ROTATE 90, CELL 8 ROTATE 90, CELL 2 SHOW, CELL 8 HIDE\n\n2S: cell 5 down 30, cell 8 down 30, cell 5 rotate -180, CELL 8 ROTATE -180\n2-3S: CELL 2 UP 10, CELL 5 UP 10, CELL 8 UP 10, CELL 2 ROTATE 90, CELL 5 ROTATE 90, CELL 8 ROTATE 90, CELL 2 HIDE, CELL 5 SHOW\n\n3S: RESTART\n"}}