{"base":"DYNATHING","creator":"544a9e2b7d4159ac0356416e","id":"561bd490e9921bdc5fcbd3e4","name":"snow cloud","prop":{"text":"0S: cells show, cell 2 right 15, cell 1 left 14,  cell 3 opacity 0, cell 4 opacity 0, cell 5 opacity 0, cell 6 opacity 0, cell 7 opacity 0, cell 8 opacity 0,\n\n0.1-2S: cell 3 left 10, cell 4 right 10, cell 3 down 20, cell 4 down 20, cell 3 opacity 1, cell 4 opacity 1\n\n2S-4S: Cell 3 right 9, cell 4 left 9, cell 5 left 9, cell 6 right 9, cell 3 down 20, cell 4 down 20, cell 5 down 20, cell 6 down 20, cell 5 opacity 1, cell 6 opacity 1,\n\n4S-6S: Cell 3 left 10, cell 4 right 10, cell 5 right 10, cell 6 left 10, cell 3 down 20, cell 4 down 20, cell 5 down 20, cell 6 down 20, cell 7 opacity 1, cell 8 opacity 1, cell 8 down 20, cell 7 down 20, cell 7 left 10, cell 8 right 10,\n\n6S-8S: cell 3 left 9, cell 4 right 9, cell 3 down 20, cell 4 down 20, cell 3 opacity 0, cell 4 opacity 0, cell 5 left 10, cell 6 right 10, cell 5 down 20, cell 6 down 20, cell 7 right 9, cell 8 left 9, cell 7 down 20, cell 8 down 20,\n\n8S-10S: cell 5 down 20, cell 6 down 20, cell 5 right 9, cell 6 left 10, cell 5 opacity 0, cell 6 opacity 0, cell 7 left 9, cell 8 right 9, cell 7 down 20, cell 8 down 20,\n\n10-12S: cell 7 down 20, cell 8 down 20, cell 7 right 9, cell 8 left 10, cell 7 opacity 0, cell 8 opacity 0,\n\n12S: restart"}}