{"base":"INTERACT","creator":"55fc86e4296655ce1bae19b5","id":"5bf32842aaae1163e7186450","name":"the cashier's box thing","prop":{"textSize":135,"attr":[8,1,6,9],"textData":"reaches: press space to get a drink!\ntouches: *kaching* /plays getting coins 2 /gives melobux or thos redcups cratmas or peppermint tea","checksNears":true,"thingRefs":[["53c82357482e90543a3f53ee","getting coins 2"],["5bf3222831b2c0053241a9bc","thos redcups cratmas"],["5bf322051420d663e18cd7f1","melobux"],["5a984e683510d46e13935bc1","peppermint tea"]],"clonedFrom":"5bee4ecbe7b1ea675130cbdf"}}