{"base":"DYNATHING","creator":"524389354b5ac3d87c000047","id":"5fc03342f9a96c657d97439d","name":"snow","prop":{"attr":[10],"text":"0: cells show, pivot 15 15, cell 1 up 40, right 10, opacity 0, cell 2 up 20, left 10, cell 3 right 10, cell 4 down 20, left 10, cell 5 down 40, right 10, cell 6 down 60, left 10, cell 7 down 80, right 10, cell 8 down 100, left 10, cell 9 down 120, right 10\n0-9: cells rotate 360, cell 2 rotate -360, cell 4 rotate -360, cell 6 rotate -360, cell 8 rotate -360\n\n0-1: cells down 20, cell 1 opacity 1, cell 9 opacity 0\n1: cell 9 up 180\n1-2: cells down 20, cell 9 opacity 1, cell 8 opacity 0\n2: CELL 8 UP 180\n2-3: CELLS DOWN 20, CELL 8 OPACITY 1, CELL 7 OPACITY 0\n3: CELL 7 UP 180\n3-4: CELLS DOWN 20, CELL 7 OPACITY 1, CELL 6 OPACITY 0\n4: CELL 6 UP 180\n4-5: CELLS DOWN 20, CELL 6 OPACITY 1, CELL 5 OPACITY 0\n5: CELL 5 UP 180\n5-6: CELLS DOWN 20, CELL 5 OPACITY 1, CELL 4 OPACITY 0\n6: CELL 4 UP 180\n6-7: CELLS DOWN 20, CELL 4 OPACITY 1, CELL 3 OPACITY 0\n7: CELL 3 UP 180\n7-8: CELLS DOWN 20, CELL 3 OPACITY 1, CELL 2 OPACITY 0\n8: CELL 2 UP 180\n8-9: CELLS DOWN 20, CELL 2 OPACITY 1, CELL 1 OPACITY 0\n9: restart","changerId":"5e1e12b1fabc814f362debd4"}}