{"base":"CHANGER","creator":"524389354b5ac3d87c000047","id":"610f7776a1292804ffa84766","name":"stain non-alpha pixels","prop":{"textSize":2677,"attr":[1],"textData":"/*****************************\n\nStain the previous state with the latest one.\n\nTo use this changer while editing, starting with your current project, load the texture that you want to stain with, then hit this changer.  The project will be reverted to the previous state, with the loaded texture stained into the im@ge.\n\nThis code does not account for things like using different creation\ntypes, different cells, etc., so it is not guaranteed to work beyond\nusing single-cell creations of the same type.\n\n*****************************/\nfunction getPixelState(creation, historyIndex){\n    var pixels = [], x, y;\n    var ref = creation.history[historyIndex].pixels[creation.info.selectedCell];\n    var palette = creation.history[historyIndex].colors;\n    \n    for(x = 0; x < ref.length; x++){\n        pixels[x] = [];\n        for(y = 0; y < ref[x].length; y++){\n            pixels[x][y] = {\n                'red' : palette[ref[x][y]].red,\n                'green' : palette[ref[x][y]].green,\n                'blue' : palette[ref[x][y]].blue,\n                'alpha' : palette[ref[x][y]].alpha\n            };\n        }\n    }\n    \n    return pixels;\n}\n\nvar settings = {\n    ratio : 0.6\n};\nfunction change(creation){\n    settings.ratio2 = 1 - settings.ratio;\n    var copiedPixels;\n    var x, y, cell;\n\n\n    if(creation.history.length <= 1){\n        return {feedback : \"Insufficient undo history for this changer\"};\n    }\n    \n    copiedPixels = getPixelState(creation, creation.history.length - 2);    \n    \n    // We now have the rgba values that were on the cell.\n    // Let's paste them on to the current state:\n    \n    convertToFullColor(creation);\n    cell = creation.cells[creation.info.selectedCell];\n    for(x = 0; x < cell.length; x++){\n        for(y = 0; y < cell[x].length; y++){\n            if(cell[x][y].alpha > .001 && copiedPixels[x][y].alpha > .001){\n                cell[x][y] = {\n                    red : Math.floor(copiedPixels[x][y].red * settings.ratio2 + cell[x][y].red * settings.ratio),\n                    green : Math.floor(copiedPixels[x][y].green * settings.ratio2 + cell[x][y].green * settings.ratio),\n                    blue : Math.floor(copiedPixels[x][y].blue * settings.ratio2 + cell[x][y].blue * settings.ratio),\n                    alpha : copiedPixels[x][y].alpha \n                }\n            }else{\n                cell[x][y] = copyObject(copiedPixels[x][y]);\n            }\n        }\n    }\n    return creation;\n}\n\nfunction copyObject(obj){\n    var v, rval = {};\n    for(v in obj){\n        if(typeof(obj[v]) == 'object'){\n            rval[v] = copyObject(obj[v]);\n        }else{\n            rval[v] = obj[v];\n        }\n    }\n    return rval;\n}","clonedFrom":"55007504f87afd261db2c06a","changerId":"5ff603528395857c9483370a"}}