{"base":"DYNATHING","creator":"5a891a15bb2c859f0f7b2423","id":"6391440f97c2f95ac6bd0e5a","name":"sweet sweet candy tree blue","prop":{"text":"0: cell 7 show, up 58, cell 2 show, up 58, right 29, cell 3 show, up 29, cell 4 show, up 29, right 29, cell 5 show, cell 6 show, right 29, cell 1 show, up 40, rotate -40, pivot 20 28, cell 8 show, up 50, cell 8 pivot 14 12, cell 8 right 11, rotate -25\n0s: cells down 6, left 15\n0-2: cell 1 rotate 10\n2-6: cell 1 rotate -20\n6-8: cell 1 rotate 10\n8: restart"}}