{"base":"DYNATHING","creator":"55395b774693a15e10466a87","id":"639a4a5e9c50be6d7c9aa017","name":"tree top","prop":{"attr":[2,1],"text":"0: cells show, cells down 14, cell 2 right 29, cell 3 left 29, cell 4 up 29, left 29, cell 5 left 29, up 58, cell 6 up 58, cell 7 right 29, up 58, cell 8 up 29, right 29, cell 9 up 29\n0: cells up 25\n\n\n+0.07-+0.07: CELLS LEFT 1, UP 1\n+0.07-+0.07: CELLS RIGHT 1, DOWN 1\n+0.07-+0.07: CELLS LEFT 1, UP 1\n+0.07-+0.07: CELLS RIGHT 1, down 1\n+0.07: restart","clonedFrom":"634ea7f19023c105b72b669d"}}