{"base":"DYNATHING","creator":"62af5bdc5da77d05a50a9190","id":"639ec5620049b06d845a9772","name":"ornament [star]","prop":{"attr":[10,2],"text":"0s: cells show, cell 1 hide\n0.0-0.5s: cell 2 rotate 6, CELL 3 ROTATE 3, CELL 4 ROTATE 2\n0.5-1.0s: CELL 2 rotate 3, CELL 3 ROTATE 2, CELL 4 ROTATE 1\n1.0-1.5s: CELL 2 rotate -3, CELL 3 ROTATE -2, CELL 4 ROTATE -1\n1.5-2.0s: CELL 2 rotate -6, CELL 3 ROTATE -3, CELL 4 ROTATE -2\n2.0-2.5s: CELL 2 rotate -6, CELL 3 ROTATE -3, CELL 4 ROTATE -2\n2.5-3.0s: CELL 2 rotate -3, CELL 3 ROTATE -2, CELL 4 ROTATE -1\n3.0-3.5s: CELL 2 rotate 3, CELL 3 ROTATE 3, CELL 4 ROTATE 2\n3.5-4.0s: CELL 2 rotate 6, CELL 3 ROTATE 2, CELL 4 ROTATE 1\n4s: restart","clonedFrom":"637e9b7cdbcec5166ab3813a"}}