{"base":"DYNATHING","creator":"56b51e24ddb082790f4cd762","id":"63ebfbd17f26243d03a1e97a","name":"sideways jet","prop":{"attr":[2],"text":"0s: cells down 5, right 5, cell 1 show\n0.15s: cell 1 hide, cell 2 show\n0.35s: cell 2 hide, cell 3 show\n0.6s: cell 3 hide, cell 4 show\n0.75s: restart","info":"(c) copyright omnicolor supermax turboplus epileptic death, subsidiary of extrasecret underground moon private-funded raster graphics research and development institute inc. co. gmbh. s.a.r.l.","clonedFrom":"63d3bed9babd435ac5af97b3","changerId":"5f7f9fffdfa69a2a19a34233"}}