{"base":"READABLE","creator":"617612b6af18ca1d3194835c","id":"6497ae1a3d5c2046f684a909","name":"test","prop":{"textSize":646,"rgb2":"59,126,85","rgb":"80,156,64","textData":"due to limited amount of space in this chalkboard, i decided to make a wise decision by compressing this text onto a readable, the real message will begin from now. hello!, i first encountered this game accidentally via a link, i don't remember the exact details. then i quickly became addicted to it due to its unique characteristic of the inventory bars, i mostly spend my times on collecting and travelling far. until recently i started to socialize the earned rank 3, i met some incredible (and mentally unwell) people there and i haven't been bored of this game yet and i hope it continues forever, cheers!\n- traveller guy, the grass toucher"}}