{"base":"DYNATHING","creator":"54ce84c5d010242203cd4035","id":"6497395aa75b9d46f3280c11","name":"aura's 4k party message","prop":{"text":"0: CELLS SHOW, cell 1 left 10, CELL 1 FONT SMALL WHITE, CELL 1 ALIGN LEFT, CELL 1 TEXT I'VE BEEN ON MANYLAND FOR[break]OVER 8 YEARS AT THIS POINT\\,[BREAK]AND amidst all the chaos that[break]happens around here there's a[break]wonderful community of[break]creative people[BREAK]-AURA, cell 2 down 37, right 22","info":"a not-so-giant fluffy dragon thing. (anvil is one of my characters.)","clonedFrom":"62b12e666b49f805b10a79cd"}}