{"base":"DECOBIG","creator":"5f8b25887830dc3fa1e2a393","id":"650e54a5a75b9d46f32a19f4","name":"hairway2steven","prop":{"info":"character from the game Time Fcuk \n(And no.. that is not in fact, a typo. And you have been in fact, tricked into believing that it's a typo by the basic rules others set in place for you. please stop reading this, it means nothing, just about as much as the basic rules others set in place for you.)","clonedFrom":"6071e4d6c5a7f4052ab60446","changerId":"5f9276d056ee1f2a1f8f78e4"}}