{"base":"DYNATHING","creator":"5b11aa9d23e2031e8e414ea2","id":"65907a3c5dc91c155b457625","name":"moog","prop":{"attr":[10,2,41],"text":"0s: cells show, cell 1 hide\n0.0-0.5s: cell 2 rotate 6, CELL 3 ROTATE 3, CELL 4 ROTATE 2\n0.5-1.0s: CELL 2 rotate 3, CELL 3 ROTATE 2, CELL 4 ROTATE 1\n1.0-1.5s: CELL 2 rotate -3, CELL 3 ROTATE -2, CELL 4 ROTATE -1\n1.5-2.0s: CELL 2 rotate -6, CELL 3 ROTATE -3, CELL 4 ROTATE -2\n2.0-2.5s: CELL 2 rotate -6, CELL 3 ROTATE -3, CELL 4 ROTATE -2\n2.5-3.0s: CELL 2 rotate -3, CELL 3 ROTATE -2, CELL 4 ROTATE -1\n3.0-3.5s: CELL 2 rotate 3, CELL 3 ROTATE 3, CELL 4 ROTATE 2\n3.5-4.0s: CELL 2 rotate 6, CELL 3 ROTATE 2, CELL 4 ROTATE 1\n4s: restart","clonedFrom":"6380df8b8be5a32938968bd7"}}