{"base":"DYNATHING","creator":"54fc521bbd8a58cf0c6b7361","id":"65908a22ec588f1555665178","name":"cave of thoughts post","prop":{"attr":[10],"text":"0s: cells show, cell 1 up 30, text it's been 9 years since i started playing[break]manyland in december 2014. this game introduced me to[BREAK]people with similar interests\\, and gave me[BREAK]a safe haven and a face to hide behind during[BREAK]a time when i was being bullied and had no friends., cell 2 down 20, text manyland taught me to socialize and to create\\,[BREAK]it taught me to break out of my shell and to think.[BREAK]it taught me that people on the internet have real lives\\,[BREAK]real faces\\, and real stories.[BREAK][BREAK]Although i eventually moved on to other things\\,[BREAK]manyland will always have a sacred place in my, cell 3  down 69, text heart\\, and I will never forget[BREAK]the memories i made here.[BREAK][BREAK]thank you for everything.[BREAK][BREAK]much love\\, kitty kat","clonedFrom":"659082235bb9a5149cf5c09c"}}