{"base":"DYNATHING","creator":"572f3a711f8e812213b14ef8","id":"65908b458254581494e9d7af","name":"mena's cave text","prop":{"text":"\n0:cell 1 show, font black, up 35, text SO THIS IS IT\\, HUH? [break]When i first joined i would have NEVER THOUGHT THAT I'D MAKE SOME OF MY BEST FRIENDS HERE.[BREAK]I SAW manyland AS A PLACE WHERE I COULD LIVE OUT A PART OF ME THAT WOULD NOT BE ACCEPTED ANYWHERE ELSE.[BREAK]EVEN WHEN I MESSED UP BADLY\\, I STILL FELT WELCOME..[BREAK],\ncell 2 show, font black, down 0, text manyland gave ME THE CONFIDENCE TO JUST BE MYSELF ANYWHERE.[BREAK]I WILL NEVER FORGET ANY OF YOU.[BREAK][BREAK]- MENA LUM[BREAK][BREAK]P.S.\\: SORRY FOR MAKING THIS SO INCREDIBLY LONG![BREAK]P.P.S.\\: I LOVE ALL OF YOU! PLEASE STAY WITHIN REACH! MY HEART BREAKS OVER EVERY SINGLE PERSON I'LL NEVER HAVE THE OPPORTUNITY TO SEE AGAIN.\n0:CELL 3 SHOW, FONT white, UP 36, left 1, TEXT SO THIS IS IT\\, HUH? [BREAK]WHEN I FIRST JOINED I WOULD HAVE NEVER THOUGHT THAT I'D MAKE SOME OF MY BEST FRIENDS HERE.[BREAK]I SAW MANYLAND AS A PLACE WHERE I COULD LIVE OUT A PART OF ME THAT WOULD NOT BE ACCEPTED ANYWHERE ELSE.[BREAK]EVEN WHEN I MESSED UP BADLY\\, I STILL FELT WELCOME..[BREAK]\n0:CELL 4 SHOW, FONT WHITE, UP 1, LEFT 1, TEXT MANYLAND GAVE ME THE CONFIDENCE TO JUST BE MYSELF ANYWHERE.[BREAK]I WILL NEVER FORGET ANY OF YOU.[BREAK][BREAK]- MENA LUM[BREAK][BREAK]P.S.\\: SORRY FOR MAKING THIS SO INCREDIBLY LONG![BREAK]P.P.S.\\: I LOVE ALL OF YOU! PLEASE STAY WITHIN REACH! MY HEART BREAKS OVER EVERY SINGLE PERSON I'LL NEVER HAVE THE OPPORTUNITY TO SEE AGAIN."}}