{"base":"DYNATHING","creator":"654220541c6179527850f712","id":"6592cf2daff2b3155d4e5a07","name":"loly ornament","prop":{"attr":[10,2],"text":"0s: cells show, cell 1 hide\n0.0-0.5s: cell 2 rotate 6, CELL 3 ROTATE 3, CELL 4 ROTATE 2\n0.5-1.0s: CELL 2 rotate 3, CELL 3 ROTATE 2, CELL 4 ROTATE 1\n1.0-1.5s: CELL 2 rotate -3, CELL 3 ROTATE -2, CELL 4 ROTATE -1\n1.5-2.0s: CELL 2 rotate -6, CELL 3 ROTATE -3, CELL 4 ROTATE -2\n2.0-2.5s: CELL 2 rotate -6, CELL 3 ROTATE -3, CELL 4 ROTATE -2\n2.5-3.0s: CELL 2 rotate -3, CELL 3 ROTATE -2, CELL 4 ROTATE -1\n3.0-3.5s: CELL 2 rotate 3, CELL 3 ROTATE 3, CELL 4 ROTATE 2\n3.5-4.0s: CELL 2 rotate 6, CELL 3 ROTATE 2, CELL 4 ROTATE 1\n4s: restart","clonedFrom":"6383ec436d4eae0454e4ad22"}}