{"base":"INTERACT","creator":"5280e3ccbc112f0d190001d6","id":"53ef9fa500f573e047aa8c03","name":"pirate barkeep","prop":{"textSize":448,"thingRefs":[["535974b75283d85434000eaa","whiskey"],["535974c06686493e23000e98","rum"],["5364293f7775df2409000649","vodka"],["537e6f32a64302d3012be5de","sweet wine"],["5388d291db80dfa8667aa0a7","coffee"],["5389382f72bf05b96b336265","clam juice"]],"textData":"what can I do for you?\nwhat'l ya have?\nmake up your mind already\nhears drink: we have whiskey, rum, vodka,  wine, coffee, and my favorite   clam juice \n\n\nhears whiskey: now away with you! /gives whiskey \nhears rum: good choice /gives rum \nhears vodka: hear y are /gives vodka \nhears coffee: at this hour of the morning? /gives coffee \nhears wine: Wine? here /gives sweet wine \nhears clam juice: great choice! /gives clam juice \nyou want what????? \n","attr":[8,2,9,5]}}