{"base":"CHANGER","creator":"5003d713a0b60c386b0000a1","id":"55018c6576210fe03e2ea892","name":"soft shrinker machine","prop":{"textSize":2745,"attr":[1],"textData":"function change(creation) { \n    convertToFullColor(creation);\n    creation.cells = shrink(creation);\n    creation.name = prefixName(creation, 'shrunk');\n    return creation;\n}\n\nfunction shrink(creation) {\n    var shrunk = cloneObject(creation.cells);\n    shrunk = clearCells(shrunk);\n    var cellCount = creation.cells.length; \n    var width = creation.cells[0].length; \n    var height = creation.cells[0][0].length; \n    var maxColor = 255;\n    \n    var matrix = [\n            [1/4, 1/4],\n            [1/4, 1/4]\n            ];\n \n    for (var cell = 0; cell < cellCount; cell++) { \n        for (var x = 0; x < width; x++) { \n            for (var y = 0; y < height; y++) { \n            \n                var red = 0, green = 0, blue = 0;  \n                for (var xOff = 0; xOff <= 1; xOff++) {  \n                    for (var yOff = 0; yOff <= 1; yOff++) {  \n                        var weight = matrix[yOff][xOff];  \n                        var sourceCell = creation.cells[cell]; \n                        var sourcePixel = creation.cells[cell][x][y]; \n                        if (sourceCell[x + xOff] && \n                                sourceCell[x + xOff][y + yOff] && \n                                sourceCell[x + xOff][y + yOff].alpha != 0) { \n                            sourcePixel = sourceCell[x + xOff][y + yOff]; \n                        } \n                        red   += sourcePixel.red * weight;  \n                        green += sourcePixel.green * weight;  \n                        blue  += sourcePixel.blue * weight;  \n                    }                  \n                }  \n\n                var shrunkX = Math.floor(x * .5 + width / 4);\n                var shrunkY = Math.floor(y * .5 + height / 2);\n                shrunk[cell][shrunkX][shrunkY] = {  \n                        red: toLimit(red, 0, maxColor),  \n                        green: toLimit(green, 0, maxColor),  \n                        blue: toLimit(blue, 0, maxColor),  \n                        alpha: creation.cells[cell][x][y].alpha};  \n            } \n        } \n    } \n    return shrunk;\n}\n\n \nfunction prefixName(creation, prefix) { \n    var name = creation.name; \n    if ( name.indexOf(prefix) === -1 && \n            (prefix + ' ' + name).length <= creation.info.nameMaxLength ) { \n        name = prefix + ' ' + name; \n    } \n    return name; \n} \n\nfunction clearCells(cells) {\n    var cellCount = cells.length; \n    var width = cells[0].length; \n    var height = cells[0][0].length; \n    for (var cell = 0; cell < cellCount; cell++) { \n        for (var x = 0; x < width; x++) { \n            for (var y = 0; y < height; y++) { \n                cells[cell][x][y] = {red: 0, green: 0, blue: 0, alpha: 0};\n            } \n        } \n    } \n    return cells;\n}"}}