{"base":"CHANGER","creator":"524389354b5ac3d87c000047","id":"5d743b2a88ccf439259ee78c","name":"big mandelbrot set","prop":{"textSize":6462,"attr":[1],"textData":"/******************************************\n Stuff you may want to modify\n******************************************/\n/*\n The \"viewRange\" values below are the biggest factor\n in changing what the picture looks like.  These tell\n the program what part of the fractal to render.\n x and y mark the top/left corner of the view area.\n w and h are the width and height of the area rendered.\n As you may see, h (height) is not defined in the object,\n but is copied from w (width).  This is because the output\n will always be square, so w and h should generally be the\n same value, as having different ones will give you a\n squashed view on one axis.\n The full range of view for the entire fractal is from\n (-2, -2) to (2, 2).  So if you want to see the full\n picture, try changing x and y both to -2, and w and h\n both to 4.\n You can zoom in anywhere, but the best places are where\n you see noise.  Those are areas where you can zoom in\n infinitely, finding continuously changing and yet\n repeating patterns.\n*/\n\nvar viewRange = {\n    x: 0.32223255119876,\n    y: -0.51197555709467,\n    w: 0.000000006\n};\nviewRange.h = viewRange.w;\nviewRange.x -= viewRange.w / 2;\nviewRange.y -= viewRange.w / 2;\n\n/*\n gridSize describes how many blocks should the picture fill\n in it's width and height.  With gridSize set to 1, the\n entire picture will be drawn on a single cell.  If you set\n it to 3, then the cells will be laid out in a 3x3 grid:\n  123\n  456\n  789\n*/\nvar gridSize = 1;\n\n/*\n This function generates each colour in your palette.\n the index of the colour is passed in, and the function\n should return colour object in the usual RGBA format.\n*/\nfunction createColour(idx){\n\tvar ang = idx * 2 * Math.PI / (maxColourIndex - 1);\n\t\n\t/*\n\t Play with these numbers to fiddle with the colours,\n\t but remember they have to be between 0 and 255\n\t (or 0 and 1 for alpha).\n\t*/\n\n\treturn {\n                red :   Math.floor(128 + 127 * Math.sin(ang - .4)),\n                green : Math.floor(128 + 127 * Math.sin(ang)),\n                blue :  Math.floor(128 + 127 * Math.sin(ang + .6)),\n                alpha : 1\n\t};\n}\n/********************************************\n Everything that you need to change in order\n to modify the output is above this line.\n********************************************/\n\nvar gridx, gridy, resolution;\nvar creation, isChanger;\nvar maxColourIndex = 55;\n\n\nfunction change(c) {\n\tvar n;\n\tcreation = c;\n\tisChanger = creation.type == enumType.changer;\n\tif(isChanger){\n\t\t// this is to make it easier to see what the whole picture is on the changer\n\t\tgridSize = 1;\n\t}\n\t\n\tbuildPalette();\n\t\n\tcheckParams();\n\tviewRange.w /= gridSize;\n\tviewRange.h /= gridSize;\n\tviewRange.x += (gridx - 1) * viewRange.w;\n\tviewRange.y += (gridy - 1) * viewRange.h;\n\t\n\tdraw();\n\tif(isChanger){\n\t\t// just to make it clear what this is, add a border if we're editing\n\t\t// the changer.\n\t\tvar cell = creation.cells[0];\n\t\tvar cIndex = (cell[0][0] + 28) % 56\n\t\tfor(n = 0; n < 19; n++){\n\t\t\tcell[n][0] = cIndex;\n\t\t\tcell[0][n] = cIndex;\n\t\t\tcell[n][18] = cIndex;\n\t\t\tcell[18][n] = cIndex;\n\t\t}\n\t\t\n\t}\n\treturn creation;\n}\n\nfunction checkParams(){\n\t// we're looking for the co-ordinate in brackets - like (1, 2)\n        // as well as the grid size, \"size:3\" or the like\n        \n        var parts = creation.name.split('(');\n        var foundPos = 0, baseName;\n        var n;\n        \n        for(n in parts){\n                if(parts[n].match(/size:[0-9]/)){\n                    gridSize = 1 * parts[n].split(':').pop();\n                }\n        }\n        if(parts.length == 2){\n                baseName = parts[0];\n                parts = parts[1].split(')');\n                if(parts.length == 2){\n                        parts = parts[0].split(',');\n\n                        console.log(parts.length);\n                        if(parts.length == 2){\n                                gridx = 1 * parts[0];\n                                gridy = 1 * parts[1];\n                                gridx = gridx < 1 ? 1 : (gridx > gridSize ? gridSize : gridx);\n                                gridy = gridy < 1 ? 1 : (gridy > gridSize ? gridSize : gridy);\n                                foundPos = 1;\n                        }\n                }\n        }\n        if(foundPos == 1){\n                gridx = gridx % gridSize + 1;\n                if(gridx == 1){\n                        gridy = gridy % gridSize + 1;\n                }\n                creation.name = baseName + '(' + gridx + ',' + gridy + ')';\n        }else{\n                gridx = 1;\n                gridy = 1;\n                if(!isChanger && gridSize > 1){\n                    creation.name += \" (1, 1)\";\n                }\n        }\n}\n\nfunction buildPalette(){\n        var n;\n        creation.colors[maxColourIndex] = {red : 0, green : 0, blue : 0, alpha : 1};\n        for(n = 0; n < maxColourIndex; n++){\n                creation.colors[n] = createColour(n);\n        }\n}\n\nfunction draw(){\n        var x, y, c;\n        var cells = creation.cells;\n        var x, y, cx, cy;\n\n        resolution = {\n                x : cells[0].length,\n                y : cells[0][0].length\n        };\n\n        if(cells.length != 1){\n                creation.feedback = \"Expecting a one-cell item\";\n                return creation;\n        }\n\n        for (x = 0; x < resolution.x; x++) {\n                for (y = 0; y < resolution.y; y++) {\n                        cells[0][x][y] = colour(\n                                x, y, viewRange\n                        );\n                }\n        }\n        return creation;\n}\n\nfunction colour(x, y, viewRange){\n        var rval = { red : 0, green : 0, blue : 0, alpha : 1 };\n        var accuracy = 4096;\n        var c = (viewRange.w / resolution.x) * x + viewRange.x;\n        var ci = (viewRange.h / resolution.y) * y + viewRange.y;\n        var count = 0;\n        var z = 0, zi = 0, zsq = 0;\n        var zisq = 0, nz = 0, nzi = 0;\n\n        while((count <= accuracy) && ((zsq + zisq) < 4.)){\n                nz = zsq - zisq;\n                nzi = (z * zi) * 2;\n                z = nz + c;\n                zi = nzi + ci;\n                zsq = z * z;\n                zisq = zi * zi;\n                count++;\n        }\n        //count >>= 4;\n        count = Math.pow(count, 0.52557815577497);\n        \n        if(count > accuracy){\n                return maxColourIndex;\n        }else{\n                count %= (maxColourIndex - 1);\n                if(count >= 11) count++;\n                return count;\n        }\n}\n","changerId":"5b90154c399fe3778e45b075"}}