{"base":"DYNATHING","creator":"597129a5f1c7101214c7c269","id":"61b2808574342374cf9a0392","name":"test","prop":{"text":"0: CELL 1+4 SHOW, CELL 1+2+3 CROP 0 0 20 10, CELL 4+5+6 CROP -10 0 0 10, LEFT 10\n.016: CELL 1 UP 10 \n.033: CELL 1 HIDE, DOWN 10, CELL 2 SHOW\n.050: CELL 2 UP 10\n.066: CELL 2 HIDE, DOWN 10, CELL 3 SHOW\n.083: CELL 3 UP 10\n.100: CELL 3 HIDE, DOWN 10, CELL 1 SHOW, CELL 4 LEFT 10\n.116: CELL 1 UP 10 \n.133: CELL 1 HIDE, DOWN 10, CELL 2 SHOW\n.150: CELL 2 UP 10\n.166: CELL 2 HIDE, DOWN 10, CELL 3 SHOW\n.183: CELL 3 UP 10\n.200: CELL 3 HIDE, DOWN 10, CELL 1 SHOW, CELL 4 RIGHT 10, UP 10\n.216: CELL 1 UP 10 \n.233: CELL 1 HIDE, DOWN 10, CELL 2 SHOW\n.250: CELL 2 UP 10\n.266: CELL 2 HIDE, DOWN 10, CELL 3 SHOW\n.283: CELL 3 UP 10\n.300: CELL 3 HIDE, DOWN 10, CELL 1 SHOW, CELL 4 LEFT 10\n.316: CELL 1 UP 10 \n.333: CELL 1 HIDE, DOWN 10, CELL 2 SHOW\n.350: CELL 2 UP 10\n.366: CELL 2 HIDE, DOWN 10, CELL 3 SHOW\n.383: CELL 3 UP 10\n.400: CELL 3 HIDE, DOWN 10, CELL 1 SHOW, CELL 4 HIDE, CELL 5 SHOW\n.416: CELL 1 UP 10 \n.433: CELL 1 HIDE, DOWN 10, CELL 2 SHOW\n.450: CELL 2 UP 10\n.466: CELL 2 HIDE, DOWN 10, CELL 3 SHOW\n.483: CELL 3 UP 10\n.500: CELL 3 HIDE, DOWN 10, CELL 1 SHOW, CELL 5 LEFT 10\n.516: CELL 1 UP 10 \n.533: CELL 1 HIDE, DOWN 10, CELL 2 SHOW\n.550: CELL 2 UP 10\n.566: CELL 2 HIDE, DOWN 10, CELL 3 SHOW\n.583: CELL 3 UP 10\n.600: CELL 3 HIDE, DOWN 10, CELL 1 SHOW, CELL 5 RIGHT 10, UP 10\n.616: CELL 1 UP 10 \n.633: CELL 1 HIDE, DOWN 10, CELL 2 SHOW\n.650: CELL 2 UP 10\n.666: CELL 2 HIDE, DOWN 10, CELL 3 SHOW\n.683: CELL 3 UP 10\n.700: CELL 3 HIDE, DOWN 10, CELL 1 SHOW, CELL 5 LEFT 10\n.716: CELL 1 UP 10 \n.733: CELL 1 HIDE, DOWN 10, CELL 2 SHOW\n.750: CELL 2 UP 10\n.766: CELL 2 HIDE, DOWN 10, CELL 3 SHOW\n.783: CELL 3 UP 10\n.800: CELL 3 HIDE, DOWN 10, CELL 1 SHOW, CELL 5 HIDE, CELL 6 SHOW\n.816: CELL 1 UP 10 \n.833: CELL 1 HIDE, DOWN 10, CELL 2 SHOW\n.850: CELL 2 UP 10\n.866: CELL 2 HIDE, DOWN 10, CELL 3 SHOW\n.883: CELL 3 UP 10\n.900: CELL 3 HIDE, DOWN 10, CELL 1 SHOW, CELL 6 LEFT 10\n.916: CELL 1 UP 10 \n.933: CELL 1 HIDE, DOWN 10, CELL 2 SHOW\n.950: CELL 2 UP 10\n.966: CELL 2 HIDE, DOWN 10, CELL 3 SHOW\n.983: CELL 3 UP 10\n1: RESTART"}}