{"base":"DYNATHING","creator":"5c99535210d8ec3d9a6113c4","id":"621b87fe20c16a1c20811a8a","name":"water god rays","prop":{"attr":[21,10],"text":"0: cells 2+3+4 down 29, bright\n   cell 2 left 5, SHOW\n   cell 3 right 15\n   cell 4 left 19\n\n   CELLS 5+6+7 DOWN 19, SHOW\n   cell 5 left 19, cell 7 right 19\n\n// cell 2\n   0-4: cell 2 right 6\n   0-2: cell 2 hide\n     2: cell 2 left 6\n2-4.25: cell 2 show\n\n// cell 3\n  1-3.5: cell 3 left 4\n  1-2.5: cell 3 SHOW\n2.5-3.5: cell 3 hide\n\n// cell 4\n2.25-4.25: cell 4 right 7\n2.25-3.25: cell 4 SHOW\n3.25-4.25: cell 4 hide\n\n4.25: restart"}}