{"base":"DYNATHING","creator":"597129a5f1c7101214c7c269","id":"6224b76fb1de041c195d9800","name":"qwertyuiop","prop":{"attr":[3],"text":"0: cells show, play sound\n0-.5: cell 1 right 1, cell 2 left 1\n.5-1: CELL 1 RIGHT 2, CELL 2 LEFT 2\n1-1.5: CELL 1 RIGHT 4, CELL 2 LEFT 4\n1.5-2: CELL 1 RIGHT 2, CELL 2 LEFT 2\n2-2.5: CELL 1 RIGHT 1, CELL 2 LEFT 1\n5-5.5: CELL 1 left 1, CELL 2 RIGHT 1\n5.5-6: CELL 1 LEFT 2, CELL 2 RIGHT 2\n6-6.5: CELL 1 LEFT 4, CELL 2 RIGHT 4\n6.5-7: CELL 1 LEFT 2, CELL 2 RIGHT 2\n7-7.5: CELL 1 LEFT 1, CELL 2 RIGHT 1\n7.5: restart","soundId":"57b1bbf3720d342613f82088"}}