{"base":"DYNATHING","creator":"597129a5f1c7101214c7c269","id":"63581a8458109459f843aa4e","name":".12.","prop":{"attr":[5,9,12],"text":"0: cell 1+2+3+4+5 show, cells up 18\n0-1: cell 8 show\n1-2: cell 9 show\n2: cell 8 hide\n2-3: cell 9 hide\n3: restart\n\nstart\n0: CELL 1+2+3+4 show, up 10, crop 0 -26 29 -9, cell 5 show, up 26, crop 0 -9 29 8, cell 6 show, up 18, cell 7 show, up 26\n0-.05: cell 1 up 8, cell 6+7 hide\n.05-.1: cell 1 up 4, cell 2 up 8\n.1-.15: cell 1 up 2, cell 2 up 4, cell 3 up 8\n.15-.2: cell 1 up 1, cell 2 up 2, cell 3 up 4, cell 4 up 8\n.2-.25: cell 1 down 1, cell 2 up 1, cell 3 up 2, cell 4 up 4, cell 5 down 8\n.25-.3: cell 1 down 2, cell 2 down 1, cell 3 up 1, cell 4 up 2, cell 5 down 4\n.3-.35: cell 1 down 4, cell 2 down 2, cell 3 down 1, cell 4 up 1, cell 5 down 2\n.35-.4: cell 1 up 2, cell 2 down 4, cell 3 down 2, cell 4 down 1, cell 5 down 1\n.4-.45: cell 1 up 1, cell 2 up 2, cell 3 down 4, cell 4 down 2, cell 5 up 1\n.45-.5: cell 1 down 1, cell 2 up 1, cell 3 up 2, cell 4 down 4, cell 5 up 2\n.5-.55: cell 1 down 2, cell 2 down 1, cell 3 up 1, cell 4 up 2, cell 5 up 4\n.55-.6: cell 1 up 1, cell 2 down 2, cell 3 down 1, cell 4 up 1, cell 5 down 2\n.6-.65: cell 1 down 1, cell 2 up 1, cell 3 down 2, cell 4 down 1, cell 5 down 1\n.65-.7: cell 2 down 1, cell 3 up 1, cell 4 down 2, cell 5 up 2\n.7-.75: cell 3 down 1, cell 4 up 1, cell 5 up 1\n.75-.8: cell 4 down 1, cell 5 down 1\n.8-.85: cell 5 up 1\n.85: restart"}}