{"base":"INTERACT","creator":"597129a5f1c7101214c7c269","id":"635d3756650a8d05a57dc860","name":"door","prop":{"textSize":293,"attr":[1,8],"textData":"ENTERed and they have attached 0: /plays wrong 2\nENTERED AND THEY HAVE ATTACHED 1: /PLAYS WRONG 2\nENTERED AND THEY HAVE ATTACHED 2: /PLAYS WRONG 2\nENTERED AND THEY HAVE ATTACHED 3: /PLAYS WRONG 2\nENTERED AND THEY HAVE ATTACHED 4: /PLAYS WRONG 2\nENTERED AND THEY HAVE ATTACHED 5: /PLAYS WRONG 2","thingRefs":[["53c828a40b2cd0a3114dc5b4","wrong 2"]],"clonedFrom":"60d340f50f70006a325d0a44"}}