{"base":"INTERACT","creator":"597129a5f1c7101214c7c269","id":"64863283a08ba30448cda7d4","name":"magic 8 ball","prop":{"textSize":760,"attr":[1,8],"textData":"hears ?: [random yes, most likely, very doubtful, as i see it yes, ask again later, better not tell you now, cannot predict now, concentrate and ask again, don't count on it, it is certain, it is decidedly so, my reply is no, my sources say no, outlook good, outlook not so good, reply hazy try again, signs point to yes, without a doubt, yes definitely, you may rely on it].\n\nHEARS ? and is [chance 50]: [RANDOM NO., I DON'T KNOW., ABSOLUTELY!, NEVER!, PROBABLY., PROBABLY NOT., DON'T WANT TO SAY., NO DOUBT., NOPE., NUH-UH., THAT'S A NO FROM ME., TOTALLY!, WON'T TELL YOU., YEAH., CHANCES AREN'T GOOD., FOCUS AND ASK AGAIN., INDICATIONS SAY YES., LOOKS LIKE YES., THE STARS SAY NO., YOU CAN COUNT ON IT.]\n\nhears ? and is [chance 1]: don't ask me, i'm a ball."}}