{"base":"READABLE","creator":"597129a5f1c7101214c7c269","id":"64927b0f032c84264cbaf8e6","name":"top 100","prop":{"textSize":15282,"rgb2":"255,248,214","rgb":"255,60,27","attr":[3,2],"textData":"**TOP 100 oldest MANYLAND ACCOUNTS**\n====================================\n^^rank^^-TRANSPARENT-...-TRANSPARENT-^^NAME^^-TRANSPARENT-....................-TRANSPARENT-^^JOIN DATE^^-TRANSPARENT-............-TRANSPARENT-\n**-------------------------------------------**\n-glow--gold-1-GOLD--GLOW--TRANSPARENT-..-transparent- | horatio-transparent-.............-TRANSPARENT- | 2012-07-16 08:20:40\n**-------------------------------------------**\n-GLOW--silver-2-SILVER--GLOW--TRANSPARENT-..-TRANSPARENT- | philipp-TRANSPARENT-.............-TRANSPARENT- | 2012-07-16 08:55:47\n**-------------------------------------------**\n-GLOW--brown-3-brown--GLOW--TRANSPARENT-..-TRANSPARENT- | elliot-TRANSPARENT-..............-TRANSPARENT- | 2012-10-03 11:20:52\n**-------------------------------------------**\n4-TRANSPARENT-..-TRANSPARENT- | RR-TRANSPARENT-..................-TRANSPARENT- | 2013-06-11 17:25:53\n**-------------------------------------------**\n5-TRANSPARENT-..-TRANSPARENT- | MANIYANI-TRANSPARENT-............-TRANSPARENT- | 2013-07-29 23:53:32\n**-------------------------------------------**\n6-TRANSPARENT-..-TRANSPARENT- | PERCY-TRANSPARENT-...............-TRANSPARENT- | 2013-11-11 14:03:56\n**-------------------------------------------**\n7-TRANSPARENT-..-TRANSPARENT- | J4MES-TRANSPARENT-...............-TRANSPARENT- | 2015-01-19 19:42:21\n**-------------------------------------------**\n8-TRANSPARENT-..-TRANSPARENT- | aura-TRANSPARENT-................-TRANSPARENT- | 2015-02-01 19:55:49\n**-------------------------------------------**\n9-TRANSPARENT-..-TRANSPARENT- | ASTON.-TRANSPARENT-..............-TRANSPARENT- | 2016-03-25 11:27:27\n**-------------------------------------------**\n10-TRANSPARENT-.-TRANSPARENT- | SSHADOWYARIK-TRANSPARENT-........-TRANSPARENT- | 2016-12-20 08:17:32\n**-------------------------------------------**\n11-TRANSPARENT-.-TRANSPARENT- | -TRANSPARENT-....................-TRANSPARENT- | 9999-12-31 23:59:59\n**-------------------------------------------**\n12-TRANSPARENT-.-TRANSPARENT- | -TRANSPARENT-....................-TRANSPARENT- | 9999-12-31 23:59:59\n**-------------------------------------------**\n13-TRANSPARENT-.-TRANSPARENT- | -TRANSPARENT-....................-TRANSPARENT- | 9999-12-31 23:59:59\n**-------------------------------------------**\n14-TRANSPARENT-.-TRANSPARENT- | -TRANSPARENT-....................-TRANSPARENT- | 9999-12-31 23:59:59\n**-------------------------------------------**\n15-TRANSPARENT-.-TRANSPARENT- | -TRANSPARENT-....................-TRANSPARENT- | 9999-12-31 23:59:59\n**-------------------------------------------**\n16-TRANSPARENT-.-TRANSPARENT- | -TRANSPARENT-....................-TRANSPARENT- | 9999-12-31 23:59:59\n**-------------------------------------------**\n17-TRANSPARENT-.-TRANSPARENT- | -TRANSPARENT-....................-TRANSPARENT- | 9999-12-31 23:59:59\n**-------------------------------------------**\n18-TRANSPARENT-.-TRANSPARENT- | -TRANSPARENT-....................-TRANSPARENT- | 9999-12-31 23:59:59\n**-------------------------------------------**\n19-TRANSPARENT-.-TRANSPARENT- | -TRANSPARENT-....................-TRANSPARENT- | 9999-12-31 23:59:59\n**-------------------------------------------**\n20-TRANSPARENT-.-TRANSPARENT- | -TRANSPARENT-....................-TRANSPARENT- | 9999-12-31 23:59:59\n**-------------------------------------------**\n21-TRANSPARENT-.-TRANSPARENT- | -TRANSPARENT-....................-TRANSPARENT- | 9999-12-31 23:59:59\n**-------------------------------------------**\n22-TRANSPARENT-.-TRANSPARENT- | -TRANSPARENT-....................-TRANSPARENT- | 9999-12-31 23:59:59\n**-------------------------------------------**\n23-TRANSPARENT-.-TRANSPARENT- | -TRANSPARENT-....................-TRANSPARENT- | 9999-12-31 23:59:59\n**-------------------------------------------**\n24-TRANSPARENT-.-TRANSPARENT- | -TRANSPARENT-....................-TRANSPARENT- | 9999-12-31 23:59:59\n**-------------------------------------------**\n25-TRANSPARENT-.-TRANSPARENT- | -TRANSPARENT-....................-TRANSPARENT- | 9999-12-31 23:59:59\n**-------------------------------------------**\n26-TRANSPARENT-.-TRANSPARENT- | -TRANSPARENT-....................-TRANSPARENT- | 9999-12-31 23:59:59\n**-------------------------------------------**\n27-TRANSPARENT-.-TRANSPARENT- | -TRANSPARENT-....................-TRANSPARENT- | 9999-12-31 23:59:59\n**-------------------------------------------**\n28-TRANSPARENT-.-TRANSPARENT- | -TRANSPARENT-....................-TRANSPARENT- | 9999-12-31 23:59:59\n**-------------------------------------------**\n29-TRANSPARENT-.-TRANSPARENT- | -TRANSPARENT-....................-TRANSPARENT- | 9999-12-31 23:59:59\n**-------------------------------------------**\n30-TRANSPARENT-.-TRANSPARENT- | -TRANSPARENT-....................-TRANSPARENT- | 9999-12-31 23:59:59\n**-------------------------------------------**\n31-TRANSPARENT-.-TRANSPARENT- | -TRANSPARENT-....................-TRANSPARENT- | 9999-12-31 23:59:59\n**-------------------------------------------**\n32-TRANSPARENT-.-TRANSPARENT- | -TRANSPARENT-....................-TRANSPARENT- | 9999-12-31 23:59:59\n**-------------------------------------------**\n33-TRANSPARENT-.-TRANSPARENT- | -TRANSPARENT-....................-TRANSPARENT- | 9999-12-31 23:59:59\n**-------------------------------------------**\n34-TRANSPARENT-.-TRANSPARENT- | -TRANSPARENT-....................-TRANSPARENT- | 9999-12-31 23:59:59\n**-------------------------------------------**\n35-TRANSPARENT-.-TRANSPARENT- | -TRANSPARENT-....................-TRANSPARENT- | 9999-12-31 23:59:59\n**-------------------------------------------**\n36-TRANSPARENT-.-TRANSPARENT- | -TRANSPARENT-....................-TRANSPARENT- | 9999-12-31 23:59:59\n**-------------------------------------------**\n37-TRANSPARENT-.-TRANSPARENT- | -TRANSPARENT-....................-TRANSPARENT- | 9999-12-31 23:59:59\n**-------------------------------------------**\n38-TRANSPARENT-.-TRANSPARENT- | -TRANSPARENT-....................-TRANSPARENT- | 9999-12-31 23:59:59\n**-------------------------------------------**\n39-TRANSPARENT-.-TRANSPARENT- | -TRANSPARENT-....................-TRANSPARENT- | 9999-12-31 23:59:59\n**-------------------------------------------**\n40-TRANSPARENT-.-TRANSPARENT- | -TRANSPARENT-....................-TRANSPARENT- | 9999-12-31 23:59:59\n**-------------------------------------------**\n41-TRANSPARENT-.-TRANSPARENT- | -TRANSPARENT-....................-TRANSPARENT- | 9999-12-31 23:59:59\n**-------------------------------------------**\n42-TRANSPARENT-.-TRANSPARENT- | -TRANSPARENT-....................-TRANSPARENT- | 9999-12-31 23:59:59\n**-------------------------------------------**\n43-TRANSPARENT-.-TRANSPARENT- | -TRANSPARENT-....................-TRANSPARENT- | 9999-12-31 23:59:59\n**-------------------------------------------**\n44-TRANSPARENT-.-TRANSPARENT- | -TRANSPARENT-....................-TRANSPARENT- | 9999-12-31 23:59:59\n**-------------------------------------------**\n45-TRANSPARENT-.-TRANSPARENT- | -TRANSPARENT-....................-TRANSPARENT- | 9999-12-31 23:59:59\n**-------------------------------------------**\n46-TRANSPARENT-.-TRANSPARENT- | -TRANSPARENT-....................-TRANSPARENT- | 9999-12-31 23:59:59\n**-------------------------------------------**\n47-TRANSPARENT-.-TRANSPARENT- | -TRANSPARENT-....................-TRANSPARENT- | 9999-12-31 23:59:59\n**-------------------------------------------**\n48-TRANSPARENT-.-TRANSPARENT- | -TRANSPARENT-....................-TRANSPARENT- | 9999-12-31 23:59:59\n**-------------------------------------------**\n49-TRANSPARENT-.-TRANSPARENT- | -TRANSPARENT-....................-TRANSPARENT- | 9999-12-31 23:59:59\n**-------------------------------------------**\n50-TRANSPARENT-.-TRANSPARENT- | -TRANSPARENT-....................-TRANSPARENT- | 9999-12-31 23:59:59\n**-------------------------------------------**\n51-TRANSPARENT-.-TRANSPARENT- | -TRANSPARENT-....................-TRANSPARENT- | 9999-12-31 23:59:59\n**-------------------------------------------**\n52-TRANSPARENT-.-TRANSPARENT- | -TRANSPARENT-....................-TRANSPARENT- | 9999-12-31 23:59:59\n**-------------------------------------------**\n53-TRANSPARENT-.-TRANSPARENT- | -TRANSPARENT-....................-TRANSPARENT- | 9999-12-31 23:59:59\n**-------------------------------------------**\n54-TRANSPARENT-.-TRANSPARENT- | -TRANSPARENT-....................-TRANSPARENT- | 9999-12-31 23:59:59\n**-------------------------------------------**\n55-TRANSPARENT-.-TRANSPARENT- | -TRANSPARENT-....................-TRANSPARENT- | 9999-12-31 23:59:59\n**-------------------------------------------**\n56-TRANSPARENT-.-TRANSPARENT- | -TRANSPARENT-....................-TRANSPARENT- | 9999-12-31 23:59:59\n**-------------------------------------------**\n57-TRANSPARENT-.-TRANSPARENT- | -TRANSPARENT-....................-TRANSPARENT- | 9999-12-31 23:59:59\n**-------------------------------------------**\n58-TRANSPARENT-.-TRANSPARENT- | -TRANSPARENT-....................-TRANSPARENT- | 9999-12-31 23:59:59\n**-------------------------------------------**\n59-TRANSPARENT-.-TRANSPARENT- | -TRANSPARENT-....................-TRANSPARENT- | 9999-12-31 23:59:59\n**-------------------------------------------**\n60-TRANSPARENT-.-TRANSPARENT- | -TRANSPARENT-....................-TRANSPARENT- | 9999-12-31 23:59:59\n**-------------------------------------------**\n61-TRANSPARENT-.-TRANSPARENT- | -TRANSPARENT-....................-TRANSPARENT- | 9999-12-31 23:59:59\n**-------------------------------------------**\n62-TRANSPARENT-.-TRANSPARENT- | -TRANSPARENT-....................-TRANSPARENT- | 9999-12-31 23:59:59\n**-------------------------------------------**\n63-TRANSPARENT-.-TRANSPARENT- | -TRANSPARENT-....................-TRANSPARENT- | 9999-12-31 23:59:59\n**-------------------------------------------**\n64-TRANSPARENT-.-TRANSPARENT- | -TRANSPARENT-....................-TRANSPARENT- | 9999-12-31 23:59:59\n**-------------------------------------------**\n65-TRANSPARENT-.-TRANSPARENT- | -TRANSPARENT-....................-TRANSPARENT- | 9999-12-31 23:59:59\n**-------------------------------------------**\n66-TRANSPARENT-.-TRANSPARENT- | -TRANSPARENT-....................-TRANSPARENT- | 9999-12-31 23:59:59\n**-------------------------------------------**\n67-TRANSPARENT-.-TRANSPARENT- | -TRANSPARENT-....................-TRANSPARENT- | 9999-12-31 23:59:59\n**-------------------------------------------**\n68-TRANSPARENT-.-TRANSPARENT- | -TRANSPARENT-....................-TRANSPARENT- | 9999-12-31 23:59:59\n**-------------------------------------------**\n69-TRANSPARENT-.-TRANSPARENT- | -TRANSPARENT-....................-TRANSPARENT- | 9999-12-31 23:59:59\n**-------------------------------------------**\n70-TRANSPARENT-.-TRANSPARENT- | -TRANSPARENT-....................-TRANSPARENT- | 9999-12-31 23:59:59\n**-------------------------------------------**\n71-TRANSPARENT-.-TRANSPARENT- | -TRANSPARENT-....................-TRANSPARENT- | 9999-12-31 23:59:59\n**-------------------------------------------**\n72-TRANSPARENT-.-TRANSPARENT- | -TRANSPARENT-....................-TRANSPARENT- | 9999-12-31 23:59:59\n**-------------------------------------------**\n73-TRANSPARENT-.-TRANSPARENT- | -TRANSPARENT-....................-TRANSPARENT- | 9999-12-31 23:59:59\n**-------------------------------------------**\n74-TRANSPARENT-.-TRANSPARENT- | -TRANSPARENT-....................-TRANSPARENT- | 9999-12-31 23:59:59\n**-------------------------------------------**\n75-TRANSPARENT-.-TRANSPARENT- | -TRANSPARENT-....................-TRANSPARENT- | 9999-12-31 23:59:59\n**-------------------------------------------**\n76-TRANSPARENT-.-TRANSPARENT- | -TRANSPARENT-....................-TRANSPARENT- | 9999-12-31 23:59:59\n**-------------------------------------------**\n77-TRANSPARENT-.-TRANSPARENT- | -TRANSPARENT-....................-TRANSPARENT- | 9999-12-31 23:59:59\n**-------------------------------------------**\n78-TRANSPARENT-.-TRANSPARENT- | -TRANSPARENT-....................-TRANSPARENT- | 9999-12-31 23:59:59\n**-------------------------------------------**\n79-TRANSPARENT-.-TRANSPARENT- | -TRANSPARENT-....................-TRANSPARENT- | 9999-12-31 23:59:59\n**-------------------------------------------**\n80-TRANSPARENT-.-TRANSPARENT- | -TRANSPARENT-....................-TRANSPARENT- | 9999-12-31 23:59:59\n**-------------------------------------------**\n81-TRANSPARENT-.-TRANSPARENT- | -TRANSPARENT-....................-TRANSPARENT- | 9999-12-31 23:59:59\n**-------------------------------------------**\n82-TRANSPARENT-.-TRANSPARENT- | -TRANSPARENT-....................-TRANSPARENT- | 9999-12-31 23:59:59\n**-------------------------------------------**\n83-TRANSPARENT-.-TRANSPARENT- | -TRANSPARENT-....................-TRANSPARENT- | 9999-12-31 23:59:59\n**-------------------------------------------**\n84-TRANSPARENT-.-TRANSPARENT- | -TRANSPARENT-....................-TRANSPARENT- | 9999-12-31 23:59:59\n**-------------------------------------------**\n85-TRANSPARENT-.-TRANSPARENT- | -TRANSPARENT-....................-TRANSPARENT- | 9999-12-31 23:59:59\n**-------------------------------------------**\n86-TRANSPARENT-.-TRANSPARENT- | -TRANSPARENT-....................-TRANSPARENT- | 9999-12-31 23:59:59\n**-------------------------------------------**\n87-TRANSPARENT-.-TRANSPARENT- | -TRANSPARENT-....................-TRANSPARENT- | 9999-12-31 23:59:59\n**-------------------------------------------**\n88-TRANSPARENT-.-TRANSPARENT- | -TRANSPARENT-....................-TRANSPARENT- | 9999-12-31 23:59:59\n**-------------------------------------------**\n89-TRANSPARENT-.-TRANSPARENT- | -TRANSPARENT-....................-TRANSPARENT- | 9999-12-31 23:59:59\n**-------------------------------------------**\n90-TRANSPARENT-.-TRANSPARENT- | -TRANSPARENT-....................-TRANSPARENT- | 9999-12-31 23:59:59\n**-------------------------------------------**\n91-TRANSPARENT-.-TRANSPARENT- | -TRANSPARENT-....................-TRANSPARENT- | 9999-12-31 23:59:59\n**-------------------------------------------**\n92-TRANSPARENT-.-TRANSPARENT- | -TRANSPARENT-....................-TRANSPARENT- | 9999-12-31 23:59:59\n**-------------------------------------------**\n93-TRANSPARENT-.-TRANSPARENT- | -TRANSPARENT-....................-TRANSPARENT- | 9999-12-31 23:59:59\n**-------------------------------------------**\n94-TRANSPARENT-.-TRANSPARENT- | -TRANSPARENT-....................-TRANSPARENT- | 9999-12-31 23:59:59\n**-------------------------------------------**\n95-TRANSPARENT-.-TRANSPARENT- | -TRANSPARENT-....................-TRANSPARENT- | 9999-12-31 23:59:59\n**-------------------------------------------**\n96-TRANSPARENT-.-TRANSPARENT- | -TRANSPARENT-....................-TRANSPARENT- | 9999-12-31 23:59:59\n**-------------------------------------------**\n97-TRANSPARENT-.-TRANSPARENT- | -TRANSPARENT-....................-TRANSPARENT- | 9999-12-31 23:59:59\n**-------------------------------------------**\n98-TRANSPARENT-.-TRANSPARENT- | -TRANSPARENT-....................-TRANSPARENT- | 9999-12-31 23:59:59\n**-------------------------------------------**\n99-TRANSPARENT-.-TRANSPARENT- | -TRANSPARENT-....................-TRANSPARENT- | 9999-12-31 23:59:59\n**-------------------------------------------**\n100 | -TRANSPARENT-....................-TRANSPARENT- | 9999-12-31 23:59:59\n**-------------------------------------------**\n\n^^submit section on the age flex writable will be coming soon.^^"}}