{"base":"INTERACT","creator":"597129a5f1c7101214c7c269","id":"64a42c0e5b7996059bb25a89","name":"2016 or older","prop":{"textSize":1289,"attr":[4,1],"textData":"HEARS OPEN AND THEY DON'T HAVE ATTACHED *: /NU\nHEARS OPEN AND THEY HAVE ATTACHED .0.: /NU\nHEARS OPEN AND THEY HAVE ATTACHED .0A.: /NU\nHEARS OPEN AND THEY HAVE ATTACHED .1.: /NU\nHEARS OPEN AND THEY HAVE ATTACHED .1A.: /NU\nHEARS OPEN AND THEY HAVE ATTACHED .2.: /NU\nHEARS OPEN AND THEY HAVE ATTACHED .2A.: /NU\nHEARS OPEN AND THEY HAVE ATTACHED .3.: /NU\nHEARS OPEN AND THEY HAVE ATTACHED .3A.: /NU\nHEARS OPEN AND THEY HAVE ATTACHED .4.: /NU\nHEARS OPEN AND THEY HAVE ATTACHED .4A.: /NU\nHEARS OPEN AND THEY HAVE ATTACHED .5.: /NU\nHEARS OPEN AND THEY HAVE ATTACHED .5A.: /NU\nHEARS OPEN AND THEY HAVE ATTACHED .6.: /NU\nHEARS OPEN AND THEY HAVE ATTACHED .6A.: /QWERTYUIOP /WAITS 0  /OPEN\nHEARS OPEN AND THEY HAVE ATTACHED .7.: /QWERTYUIOP /WAITS 0  /OPEN\nHEARS OPEN AND THEY HAVE ATTACHED .7A.: /QWERTYUIOP /WAITS 0  /OPEN\nHEARS OPEN AND THEY HAVE ATTACHED .8.: /QWERTYUIOP /WAITS 0  /OPEN\nHEARS OPEN AND THEY HAVE ATTACHED .8A.: /QWERTYUIOP /WAITS 0  /OPEN\nHEARS OPEN AND THEY HAVE ATTACHED .9.: /QWERTYUIOP /WAITS 0  /OPEN\nHEARS OPEN AND THEY HAVE ATTACHED .9A.: /QWERTYUIOP /WAITS 0  /OPEN\nHEARS OPEN AND THEY HAVE ATTACHED .10.: /QWERTYUIOP /WAITS 0  /OPEN\nHEARS OPEN AND THEY HAVE ATTACHED .10A.: /QWERTYUIOP /WAITS 0  /OPEN\nHEARS OPEN AND THEY HAVE ATTACHED .11.: /QWERTYUIOP /WAITS 0  /OPEN","boundingBox":[5,10,23,28],"thingRefs":[["61c21df9de8012724e1e70c5","open"],["6224b7e3ee34491c18fc5910","nu"],["6224b75c2079481f4a1c9a0e","qwertyuiop"]]}}