{"base":"INTERACT","creator":"597129a5f1c7101214c7c269","id":"64c2b2c0c125a02643836234","name":"2020 or older","prop":{"textSize":1923,"attr":[4,1],"textData":"HEARS OPEN AND THEY don't have attached *: /NU\nhears open and they have attached .0.: /nu\nhears open and they have attached .1m.: /nu\nhears open and they have attached .2m.: /nu\nhears open and they have attached .3m.: /nu\nhears open and they have attached .4m.: /nu\nhears open and they have attached .5m.: /nu\nhears open and they have attached .6m.: /nu\nhears open and they have attached .7m.: /nu\nhears open and they have attached .8m.: /nu\nhears open and they have attached .9m.: /nu\nhears open and they have attached .10m.: /nu\nhears open and they have attached .11m.: /nu\nHEARS OPEN AND THEY HAVE ATTACHED .1.: /NU\nHEARS OPEN AND THEY HAVE ATTACHED .1a.: /NU\nHEARS OPEN AND THEY HAVE ATTACHED .2.: /NU\nHEARS OPEN AND THEY HAVE ATTACHED .2a.: /QWERTYUIOP /WAITS 0  /OPEN\nHEARS OPEN AND THEY HAVE ATTACHED .3.: /QWERTYUIOP /WAITS 0  /OPEN\nHEARS OPEN AND THEY HAVE ATTACHED .3A.: /QWERTYUIOP /WAITS 0  /OPEN\nHEARS OPEN AND THEY HAVE ATTACHED .4.: /QWERTYUIOP /WAITS 0  /OPEN\nHEARS OPEN AND THEY HAVE ATTACHED .4A.: /QWERTYUIOP /WAITS 0  /OPEN\nHEARS OPEN AND THEY HAVE ATTACHED .5.: /QWERTYUIOP /WAITS 0  /OPEN\nHEARS OPEN AND THEY HAVE ATTACHED .5A.: /QWERTYUIOP /WAITS 0  /OPEN\nHEARS OPEN AND THEY HAVE ATTACHED .6.: /QWERTYUIOP /WAITS 0  /OPEN\nHEARS OPEN AND THEY HAVE ATTACHED .6A.: /QWERTYUIOP /WAITS 0  /OPEN\nHEARS OPEN AND THEY HAVE ATTACHED .7.: /QWERTYUIOP /WAITS 0  /OPEN\nHEARS OPEN AND THEY HAVE ATTACHED .7A.: /QWERTYUIOP /WAITS 0  /OPEN\nHEARS OPEN AND THEY HAVE ATTACHED .8.: /QWERTYUIOP /WAITS 0  /OPEN\nHEARS OPEN AND THEY HAVE ATTACHED .8A.: /QWERTYUIOP /WAITS 0  /OPEN\nHEARS OPEN AND THEY HAVE ATTACHED .9.: /QWERTYUIOP /WAITS 0  /OPEN\nHEARS OPEN AND THEY HAVE ATTACHED .9A.: /QWERTYUIOP /WAITS 0  /OPEN\nHEARS OPEN AND THEY HAVE ATTACHED .10.: /QWERTYUIOP /WAITS 0  /OPEN\nHEARS OPEN AND THEY HAVE ATTACHED .10A.: /QWERTYUIOP /WAITS 0  /OPEN\nHEARS OPEN AND THEY HAVE ATTACHED .11.: /QWERTYUIOP /WAITS 0  /OPEN","boundingBox":[5,10,23,28],"thingRefs":[["61c21df9de8012724e1e70c5","open"],["6220eb8e2ebf981f5c989b3c","nu"],["6224b76fb1de041c195d9800","qwertyuiop"]]}}