{"base":"INTERACT","creator":"597129a5f1c7101214c7c269","id":"64e13edea75b9d46f3293d33","name":"would you rather?","prop":{"textSize":43718,"attr":[3,2,1],"textData":"HEARS HOW DO I PLAY OR HOW TO PLAY: SAY \"WYR\" FOR A WOULD YOU RATHER QUESTION.\n\nhears truth or dare: wrong machine.\n\nHEARS WYR: A HORDE OF 400 ZOMBIES IS QUICKLY APPROACHING,  WOULD YOU RATHER FIGHT THE ZOMBIES ALONGSIDE A DRAGON (YOU ARE USING A CROSSBOW)  OR FIGHT THE ZOMBIES ALONGSIDE FOUR GORILLAS (YOU ARE USING AN ASSAULT RIFLE)?\nHEARS WYR: AS A GENTLEMAN,  WOULD YOU RATHER PAINT YOUR NAILS  OR WEAR HIGH HEELS?\nHEARS WYR: AS A LEADER,  WOULD YOU RATHER BE LOVED  OR BE FEARED?\nHEARS WYR: FOR THE REST OF YOUR LIFE,  WOULD YOU RATHER EAT EVERY MEAL MIXED WITH CARBONARA SAUCE  OR DRINK EVERY DRINK MIXED WITH FOUR LOKO?\nHEARS WYR: HAVE EVERYONE TALK TO YOU,  WOULD YOU RATHER LIKE A 2 YEAR OLD  OR IN A SARCASTIC TONE?\nHEARS WYR: HOW WOULD YOU PREFER TO DIE?  WOULD YOU RATHER FREEZE TO DEATH  OR BOIL TO DEATH?\nHEARS WYR: IF YOU CAN ONLY USE ONE OF THE TWO,  WOULD YOU RATHER REDDIT  OR YOUTUBE?\nHEARS WYR: IF YOU COULD CHOOSE AN AGE TO STAY FOREVER,  WOULD YOU RATHER BE 21  OR BE 10?\nHEARS WYR: IF YOU HAD KIDS,  WOULD YOU RATHER REGURGITATE FOOD TO FEED THEM  OR LICK YOUR CHILDREN TO BATHE THEM?\nHEARS WYR: IF YOU HAD SUPERPOWERS FROM AN UNKNOWN ORIGIN,  WOULD YOU RATHER ALLOW THE GOVERNMENT TO EXPERIMENT ON YOU  OR NOT ALLOW THE GOVERNMENT TO EXPERIMENT ON YOU?\nHEARS WYR: IF YOU HAD TO CHOOSE AN ERA TO LIVE IN,  WOULD YOU RATHER LIVE IN THE TIME OF THE ANCIENT ROMANS AND GREEKS  OR LIVE IN THE DARK AGES?\nHEARS WYR: IF YOU HAD TO DO ONE EVERY OTHER YEAR,  WOULD YOU RATHER LIVE COMPLETELY ALONE ON AN ISLAND  OR BE OVERWORKED IN A CRAMPED FACTORY?\nHEARS WYR: IF YOU HAD TO LIVE IN A CLASSIC ERA FOR MUSIC,  WOULD YOU RATHER 90S AMERICA  OR 70S BRITAIN?\nHEARS WYR: IF YOU HAD TO LOOK LIKE ONE OF THE BATMAN VILLAINS FROM NOLAN'S TRILOGY,  WOULD YOU RATHER BE BANE (WEARING A MASK THAT HIDES MOST OF YOUR FACE FOR LIFE)  OR BE JOKER (SHOWING YOUR FACE BUT WITH CRAZY SCARS AND FACE PAINT)?\nHEARS WYR: IF YOU HAD YOUR CHOICE OF PORTABLE GAME DEVICE,  WOULD YOU RATHER CHOOSE A NINTENDO DS  OR CHOOSE A PSP?\nHEARS WYR: IF YOU RAN A SOCIETY,  WOULD YOU RATHER HAVE YOUR SOCIETY FOCUS ON CULTURE (ART, LITERATURE, MUSIC, FILMS, ETC.)  OR HAVE YOUR SOCIETY FOCUS ON SCIENCE?\nHEARS WYR: IF YOU WALKED INTO A ROOM,  WOULD YOU RATHER HAVE EVERYONE STARE AT YOU IN DISGUST  OR HAVE EVERYONE LOOK AWAY IN DISGUST?\nHEARS WYR: IF YOU WERE A DOG,  WOULD YOU RATHER BE A STRAY ON THE STREET  OR HAVE BAD OWNERS?\nHEARS WYR: IF YOU WERE A PIRATE,  WOULD YOU RATHER HAVE A PET MONKEY  OR HAVE A TALKING PARROT?\nHEARS WYR: IF YOU WERE ABOUT TO DIE IN 5 MINUTES,  WOULD YOU RATHER DO EVERYTHING YOU WOULD WANT IN THOSE 5 MINUTES  OR CALL YOUR FAMILY?\nHEARS WYR: IF YOU WERE AT THE END OF THE WORLD,  WOULD YOU RATHER THROW YOURSELF AT LAVA  OR DROWN IN THE TSUNAMI?\nHEARS WYR: IF YOU WERE BEING EATEN ALIVE,  WOULD YOU RATHER BE SWALLOWED HEAD FIRST  OR BE SWALLOWED FEET FIRST?\nHEARS WYR: IF YOU WERE BLIND,  WOULD YOU RATHER BE ABLE TO HEAR PERFECTLY WITH PERFECT PRECISION  OR BE ABLE TO SEE USING A VERY PAINFUL EYE CORRECTIVE DROP,  TO BE APPLIED EVERY HOUR?\nHEARS WYR: IF YOU WERE CONVICTED OF A CRIME,  WOULD YOU RATHER GO TO JAIL FOR LIFE  OR HAVE THE DEATH PENALTY?\nHEARS WYR: IF YOU WERE FORCED TO LIVE IN ONE OF THESE FOR THE REST OF YOUR LIFE,  WOULD YOU RATHER LIVE IN SOUTH AFRICA  OR LIVE IN KENYA?\nHEARS WYR: IF YOU WERE IN HIGH SCHOOL,  WOULD YOU RATHER HAVE YOUR FACE COVERED IN SEVERE ACNE  OR BE EXTREMELY FAT?\nHEARS WYR: IF YOU WERE ON A SAFARI,  WOULD YOU RATHER HAVE YOUR FOOT STEPPED ON BY AN ELEPHANT  OR HAVE YOUR FOOT BITTEN BY A LION?\nHEARS WYR: IF YOU WERE ONE OF THE WINCHESTER BROTHERS,  WOULD YOU RATHER BE SAM  OR BE DEAN?\nHEARS WYR: IF YOU WERE STUCK IN THE WOODS,  WOULD YOU RATHER HAVE A TOMAHAWK  OR HAVE A KNIFE?\nHEARS WYR: IF YOU WERE TO BET YOUR LIFE SAVINGS ON A SINGLE ROULETTE SPIN,  WOULD YOU RATHER BET IT ALL ON BLACK  OR BET IT ALL ON RED?\nHEARS WYR: IF YOU WERE TO PLAY A BOARD GAME EVERY SINGLE DAY,  WOULD YOU RATHER ONLY PLAY RISK  OR ONLY PLAY MONOPOLY?\nHEARS WYR: IF YOU WERE TRAPPED IN A CAVE WITH YOUR PET,  WOULD YOU RATHER SACRIFICE YOUR PET SO YOU CAN EAT  OR SACRIFICE PARTS OF YOUR BODY SO YOU BOTH CAN EAT?\nHEARS WYR: IF YOUR PARENTS HAD TO GIVE YOU ONE PUNISHMENT,  WOULD YOU RATHER LIVE WITHOUT YOUR PHONE  OR LIVE WITHOUT YOUR COMPUTER?\nHEARS WYR: IN AN UNLUCKY SURVIVAL SITUATION,  WOULD YOU RATHER GO SWIMMING WITH SHARKS  OR GO SWIMMING WITH ALLIGATORS?\nHEARS WYR: LIVE IN,  WOULD YOU RATHER MANSION IN BEVERLY HILLS  OR PENTHOUSE IN MANHATTAN?\nHEARS WYR: NO WAY AROUND DEATH,  WOULD YOU RATHER BE PRESIDENT BUT THEN BE IMPEACHED AFTER 3 WEEKS  OR HAVE COMPLETE POWER OVER THE WORLD BUT THEN GET KILLED AFTER 3 WEEKS?\nHEARS WYR: ON A BEAUTIFUL,  SUNNY DAY,  WOULD YOU RATHER LIE IN THE GRASS AND READ A BOOK  OR STAY INSIDE AND WATCH EXCELLENT TV?\nHEARS WYR: ON DECEMBER 21,  2012,  WOULD YOU RATHER A ZOMBIE APOCALYPSE  OR AN ALIEN INVASION?\nHEARS WYR: ONE MONTH OF DISTRESS,  WOULD YOU RATHER BE FORCED TO WALK AROUND FOR AN ENTIRE MONTH WITHOUT PANTS  OR SHED ALL YOUR HAIR FOR AN ENTIRE MONTH?\nHEARS WYR: THE ZOMBIE HORDE HAS JUST BROKEN INTO THE FARMHOUSE  WHERE YOU SIX OTHER SURVIVORS WERE HIDING,  WOULD YOU RATHER RUN UPSTAIRS AND BARRICADE THE SECOND FLOOR  OR SEQUESTER YOURSELVES IN THE CELLAR?\nHEARS WYR: WHICH WIZARD WOULD YOU RATHER BE?  WOULD YOU RATHER GANDALF  OR DUMBLEDORE?\nHEARS WYR: WOULD YOU RATHER 80S CHILD-STAR ACTOR  OR 60S ONE HIT WONDER?\nHEARS WYR: WOULD YOU RATHER ADMIT ALL YOUR GUILTY PLEASURES TO FRIENDS AND FAMILY  OR NEVER PARTAKE IN ANY OF YOUR GUILT PLEASURES AGAIN?\nHEARS WYR: WOULD YOU RATHER ALWAYS BE HOT  OR ALWAYS BE COLD?\nHEARS WYR: WOULD YOU RATHER ALWAYS BE NAKED  OR ALWAYS BE ITCHY?\nHEARS WYR: WOULD YOU RATHER ALWAYS DISAPPOINT PEOPLE  OR ALWAYS ANGER PEOPLE?\nHEARS WYR: WOULD YOU RATHER ALWAYS DRESS LIKE ROYALTY  OR ALWAYS DRESS LIKE A PIMP?\nHEARS WYR: WOULD YOU RATHER ALWAYS DRIVE UNDER THE SPEEDING LIMIT  OR ALWAYS DRIVE OVER THE SPEEDING LIMIT?\nHEARS WYR: WOULD YOU RATHER ALWAYS HAVE MESSY,  UNKEMPT HAIR  OR ALWAYS HAVE STAINS ON YOUR CLOTHES?\nHEARS WYR: WOULD YOU RATHER ALWAYS HAVE MUD IN YOUR SHOES  OR ALWAYS HAVE A PEBBLE IN YOUR SHOE?\nHEARS WYR: WOULD YOU RATHER ALWAYS HAVE STICKY FINGERS  OR ALWAYS HAVE BAD BREATH?\nHEARS WYR: WOULD YOU RATHER ALWAYS KNOW WHEN PEOPLE ARE LYING  OR ALWAYS GET AWAY WITH LYING?\nHEARS WYR: WOULD YOU RATHER ALWAYS LOOK 8 MONTHS PREGNANT  OR ALWAYS HAVE A BLACK EYE?\nHEARS WYR: WOULD YOU RATHER ALWAYS SPEAK ALL YOUR THOUGHTS OUT LOUD  OR NEVER SPEAK AT ALL (NOT EVEN IN SIGN LANGUAGE)?\nHEARS WYR: WOULD YOU RATHER ALWAYS WEAR CROCS  OR ALWAYS WEAR SOCKS AND SANDALS?\nHEARS WYR: WOULD YOU RATHER APPEAR ON OPRAH  OR APPEAR ON JERRY SPRINGER?\nHEARS WYR: WOULD YOU RATHER ATTEMPT TO SURVIVE A COMPUTER UPRISING (TERMINATOR)  OR ATTEMPT TO SURVIVE A ZOMBIE OUTBREAK (DAWN OF THE DEAD)?\nHEARS WYR: WOULD YOU RATHER BATHE IN VOMIT  OR BATHE IN WORMS?\nHEARS WYR: WOULD YOU RATHER BE 4 FEET TALL  OR BE 10 FEET TALL?\nHEARS WYR: WOULD YOU RATHER BE A CARROT  OR BE A CUCUMBER?\nHEARS WYR: WOULD YOU RATHER BE A CAT  OR BE A DOG?\nHEARS WYR: WOULD YOU RATHER BE A CENTAUR  OR BE A MERMAID OR MAN?\nHEARS WYR: WOULD YOU RATHER BE A FAMOUS ATHLETE IN THE OLYMPICS,  KNOWN ALL AROUND THE WORLD  OR BE A FAMOUS ACTOR,  KNOWN ONLY IN AMERICA?\nHEARS WYR: WOULD YOU RATHER BE A FAMOUS HOMOSEXUAL PROFESSIONAL ATHLETE  OR BE A HETEROSEXUAL AVERAGE PERSON?\nHEARS WYR: WOULD YOU RATHER BE A GENIUS IN A WORLD OF UNINTELLIGENT PEOPLE  OR BE UNINTELLIGENT IN A WORLD OF GENIUSES?\nHEARS WYR: WOULD YOU RATHER BE A GRAPHIC DESIGNER  OR BE AN ARCHITECT?\nHEARS WYR: WOULD YOU RATHER BE A HAWK  OR BE AN EAGLE?\nHEARS WYR: WOULD YOU RATHER BE A HORSE JOCKEY  OR BE A NASCAR DRIVER?\nHEARS WYR: WOULD YOU RATHER BE A JEDI MASTER  OR BE AN ELITE SAIYAN?\nHEARS WYR: WOULD YOU RATHER BE A NERD  OR BE A JOCK?\nHEARS WYR: WOULD YOU RATHER BE A PIECE OF TOAST FOR A DAY (WITHOUT MOVING)  OR BE A TOASTER AND GET USED FREQUENTLY?\nHEARS WYR: WOULD YOU RATHER BE A POKEMON TRAINER  OR BE A ZOMBIE SLAYER?\nHEARS WYR: WOULD YOU RATHER BE A POLICE OFFICER  OR BE A FIREFIGHTER?\nHEARS WYR: WOULD YOU RATHER BE A ROCK STAR  OR BE A MOVIE STAR?\nHEARS WYR: WOULD YOU RATHER BE A SPORTS STAR  OR BE A CELEBRATED ACADEMIC?\nHEARS WYR: WOULD YOU RATHER BE A SUPERHERO AND HATED BY EVERYONE  OR HAVE NO ARMS OR LEGS BUT BE LOVED BY ALL?\nHEARS WYR: WOULD YOU RATHER BE A TOMBOY  OR BE A GIRLY GIRL?\nHEARS WYR: WOULD YOU RATHER BE A UNICORN  OR BE A WIZARD?\nHEARS WYR: WOULD YOU RATHER BE A VAMPIRE  OR BE A WEREWOLF?\nHEARS WYR: WOULD YOU RATHER BE A VAMPIRE WHO CAN TRANSFORM INTO A BAT  OR BE A GHOST THAT CAN POSSESS ONLY APPLIANCES?\nHEARS WYR: WOULD YOU RATHER BE ABLE TO FLY  OR BE ABLE TO BREATHE UNDERWATER?\nHEARS WYR: WOULD YOU RATHER BE ABLE TO ONLY SPEAK IN LOLSPEAK  OR BE ABLE TO ONLY TYPE IN 1337 SPEAK?\nHEARS WYR: WOULD YOU RATHER BE ABLE TO SURVIVE ANY INJURY OR FALL  OR BE ABLE TO PULL OUT ANY ACME CORPORATION PRODUCT OUT OF YOUR POCKET?\nHEARS WYR: WOULD YOU RATHER BE ABLE TO TALK TO READ MINDS BUT YOU GET A REALLY BAD HEADACHE AFTER YOU USE IT  OR BE ABLE TO FLY BUT YOU'RE AFRAID OF HEIGHTS?\nHEARS WYR: WOULD YOU RATHER BE ABLE TO TRANSFORM INTO ANYTHING OR ANYONE ON THE WORLD  OR BE ABLE TO TELEPORT ANYWHERE IN THE WORLD?\nHEARS WYR: WOULD YOU RATHER BE ALLERGIC TO SUGAR  OR BE FORCED TO WEAR PONCHOS 24-7?\nHEARS WYR: WOULD YOU RATHER BE AN ELEPHANT  OR BE A MOUSE\nHEARS WYR: WOULD YOU RATHER BE AN EXCELLENT SINGER  OR BE A SUPERB WRITER?\nHEARS WYR: WOULD YOU RATHER BE AQUAMAN  OR BE THE HUMAN TORCH?\nHEARS WYR: WOULD YOU RATHER BE AS YOU ARE NOW  OR HAVE 100 MILLION DOLLARS,  BUT HAVE A 20% CHANCE OF INSTANT DEATH?\nHEARS WYR: WOULD YOU RATHER BE ATTACKED BY 50 DUCK-SIZED HORSES  OR BE ATTACKED BY 1 HORSE-SIZED DUCK?\nHEARS WYR: WOULD YOU RATHER BE AUSTRALIAN  OR BE AMERICAN?\nHEARS WYR: WOULD YOU RATHER BE BAREFOOT FOR THE REST OF YOUR LIFE  OR WEAR CROCS FOR THE REST OF YOUR LIFE?\nHEARS WYR: WOULD YOU RATHER BE BEST FRIENDS WITH HARRY POTTER  OR BE BEST FRIENDS WITH KATNISS EVERDEEN?\nHEARS WYR: WOULD YOU RATHER BE BLIND  OR BE DUMB?\nHEARS WYR: WOULD YOU RATHER BE CALVIN  OR BE HOBBES?\nHEARS WYR: WOULD YOU RATHER BE CHASED BY 100 RABID SQUIRRELS THROUGH A FLAT,  OPEN PLAIN  OR GO DOWN A 200 FT SLIDE COMPLETELY MADE OUT OF ICE HEAD FirsT  WITH YOUR SHIRT OFF?\nHEARS WYR: WOULD YOU RATHER BE CHEV CHELIOS FROM CRANK  OR BE THE TRANSPORTER?\nHEARS WYR: WOULD YOU RATHER BE CHINESE  OR BE JAPANESE?\nHEARS WYR: WOULD YOU RATHER BE CREDITED WITH THE INVENTION OF THE WHEEL  OR BE CREDITED WITH THE INVENTION OF THE INTERNET?\nHEARS WYR: WOULD YOU RATHER BE DANGLED OVER THE EDGE OF A CLIFF  OR BE FORCED TO PUBLIC SPEAK?\nHEARS WYR: WOULD YOU RATHER BE DEAF AND HAVE NO LEGS  OR BE BLIND AND HAVE NO ARMS?\nHEARS WYR: WOULD YOU RATHER BE EMO  OR BE GOTHIC?\nHEARS WYR: WOULD YOU RATHER BE EXTREMELY PARANOID  OR BE EXTREMELY NAIVE?\nHEARS WYR: WOULD YOU RATHER BE EXTREMELY UNATTRACTIVE  OR BE EXTREMELY ATTRACTIVE,  BUT HAVE A HAND THAT SMELLS PERPETUALLY LIKE POOP?\nHEARS WYR: WOULD YOU RATHER BE FORCED TO WATCH MY LITTLE PONY FOR 24 HOURS  OR HAVE THE THEME SONG STUCK IN YOUR HEAD FOR THE REST OF YOUR LIFE?\nHEARS WYR: WOULD YOU RATHER BE GANDALF  OR BE LUKE SKYWALKER?\nHEARS WYR: WOULD YOU RATHER BE HUNTED BY PEOPLE  OR HUNT PEOPLE?\nHEARS WYR: WOULD YOU RATHER BE HYSTERICALLY FUNNY  OR BE ABSOLUTELY BEAUTIFUL?\nHEARS WYR: WOULD YOU RATHER BE IMMORTAL  OR DIE RIGHT NOW?\nHEARS WYR: WOULD YOU RATHER BE ILLITERATE  OR TAKE EVERYTHING LITERALLY?\nHEARS WYR: WOULD YOU RATHER BE IN JAIL FOR A YEAR  OR LIVE IN COMPLETE ISOLATION IN THE MOUNTAINS FOR A YEAR?\nHEARS WYR: WOULD YOU RATHER BE JAMES BOND  OR BE JASON BOURNE?\nHEARS WYR: WOULD YOU RATHER BE KILLED BY JASON (FRIDAY 13TH)  OR BE KILLED BY GHOSTFACE (SCREAM)?\nHEARS WYR: WOULD YOU RATHER BE KNOWN AS A RACIST  OR BE KNOWN AS A SEXIST?\nHEARS WYR: WOULD YOU RATHER BE KNOWN FOR INTERRUPTING TAYLOR SWIFT  OR BE KNOWN FOR SMACKING RIHANNA?\nHEARS WYR: WOULD YOU RATHER BE LINDSAY LOHAN  OR BE MILEY CYRUS?\nHEARS WYR: WOULD YOU RATHER BE LOCKED IN A NYC STUDIO APT WITH 400 PUGS FOR A YEAR  OR BE FORCED TO ROUND UP ALL THE PUGS IN THE US AND PUT THEM ON A BOAT BOUND FOR NORTH KOREA?\nHEARS WYR: WOULD YOU RATHER BE MALE  OR BE FEMALE?\nHEARS WYR: WOULD YOU RATHER BE MUSCULAR WITH A BUSTED FACE  OR BE BUSTY,  WITH A GORGEOUS FACE?\nHEARS WYR: WOULD YOU RATHER BE NAPOLEON  OR BE JULIUS CAESAR?\nHEARS WYR: WOULD YOU RATHER BE ON AN EPISODE OF COPS  OR BE ON AN EPISODE OF CHEATERS?\nHEARS WYR: WOULD YOU RATHER BE ON JURY DUTY  OR GO TO WORK?\nHEARS WYR: WOULD YOU RATHER BE PART OF A REAL JURRASIC PARK SCENARIO  OR BE PART OF A REAL DAY AFTER TOMORROW SCENARIO?\nHEARS WYR: WOULD YOU RATHER BE PUNCHED IN THE FACE WITH BRASS KNUCKLES BY MIKE TYSON  OR PUNCH A TODDLER AND BE SEEN BY THOUSANDS OF PEOPLE?\nHEARS WYR: WOULD YOU RATHER BE SICK FOR THE REST OF YOUR LIFE  OR KILL 2 PUPPIES?\nHEARS WYR: WOULD YOU RATHER BE SLAPPED FULL FORCE BY A UFC FIGHTER  OR FORCED TO LICK A DOG TURD?\nHEARS WYR: WOULD YOU RATHER BE SMART AND ALWAYS BE IGNORED  OR BE DUMB BUT ALWAYS LISTENED TO?\nHEARS WYR: WOULD YOU RATHER BE SMART AND UNLUCKY  OR BE DUMB AND REALLY LUCKY?\nHEARS WYR: WOULD YOU RATHER BE SPONGEBOB  OR BE PATRICK?\nHEARS WYR: WOULD YOU RATHER BE STABBED IN THE STOMACH 10 TIMES  OR BE SHOT IN BOTH KNEECAPS?\nHEARS WYR: WOULD YOU RATHER BE STALKED BY A GHOST FOR YOUR ENTIRE LIFE  OR BE STALKED BY A DEMON FOR THREE DAYS THEN DIE?\nHEARS WYR: WOULD YOU RATHER BE STONED TO DEATH  OR BE GROUNDED?\nHEARS WYR: WOULD YOU RATHER BE STUCK IN A ROOM WITH DEAD BODIES  OR EAT 5 SPIDERS?\nHEARS WYR: WOULD YOU RATHER BE STUPID AND HAVE A BRILLIANT KID  OR BE BRILLIANT AND HAVE A STUPID KID?\nHEARS WYR: WOULD YOU RATHER BE TELEKINETIC  OR BE TELEPATHIC?\nHEARS WYR: WOULD YOU RATHER BE THE BEST KNOWN PERSON IN A SMALL BAND  THAT UNDER 200 PEOPLE KNOW  OR BE SOME GUY ON THE SIDELINES OF YOUR FAVORITE BAND?\nHEARS WYR: WOULD YOU RATHER BE THE BEST SINGER IN THE WORLD  BUT UGLY  OR BE THE WORST SINGER IN THE WORLD  BUT BEAUTIFUL?\nHEARS WYR: WOULD YOU RATHER BE THE FIRST TO CLIMB MT. EVEREST  OR BE THE FIRST ON THE MOON?\nHEARS WYR: WOULD YOU RATHER BE THE GUY FROM MEMENTO  OR BE THE GUY FROM GROUNDHOG DAY?\nHEARS WYR: WOULD YOU RATHER BE THE PRESIDENT  OR BE A POKEMON TRAINER?\nHEARS WYR: WOULD YOU RATHER BE THE STUDENT WHO ALWAYS SLEEPS IN CLASS  OR BE THE STUDENT WHO ALWAYS TALKS IN CLASS?\nHEARS WYR: WOULD YOU RATHER BE UNABLE TO EXPERIENCE SADNESS  OR BE UNABLE TO EXPERIENCE ANGER?\nHEARS WYR: WOULD YOU RATHER BE UNABLE TO SHOWER FOR 2 WEEKS BUT HAVE CLEAN CLOTHES DAILY  OR BE ABLE TO SHOWER DAILY FOR 2 WEEKS BUT UNABLE TO CHANGE YOUR CLOTHES?\nHEARS WYR: WOULD YOU RATHER BE UNABLE TO SURVIVE WITHOUT EATING SOMETHING EVERY HOUR  OR BE UNABLE TO TASTE ANYTHING FOR THE REST OF YOUR LIFE?\nHEARS WYR: WOULD YOU RATHER BE VISITED BY ANCIENT ALIENS  OR BE VISITED BY MOLE PEOPLE?\nHEARS WYR: WOULD YOU RATHER BE WILMA FLINTSTONE  OR BE VELMA FROM THE SCOOBY DOO MYSTERY GANG?\nHEARS WYR: WOULD YOU RATHER BECOME A POKEMON TRAINER  OR ATTEND HOGWARTS?\nHEARS WYR: WOULD YOU RATHER BECOME A SUPERHERO  OR BECOME A SUPERVILLAIN?\nHEARS WYR: WOULD YOU RATHER BREAK YOUR LEG  OR BREAK YOUR ARM?\nHEARS WYR: WOULD YOU RATHER BRUTALLY ASSAULT A POLICE OFFICER  OR BRUTALLY ASSAULT A WELL-KNOWN GANG MEMBER?\nHEARS WYR: WOULD YOU RATHER BURN TO DEATH  OR DROWN?\nHEARS WYR: WOULD YOU RATHER BURP CONFETTI  OR FART GLITTER?\nHEARS WYR: WOULD YOU RATHER BURP EXTREMELY LOUDLY EVERY 30 SECONDS  OR LET OUT A SMELLY,  LONG-LASTING FART EVERY 5 MINUTES?\nHEARS WYR: WOULD YOU RATHER CATCH YOUR BEST MALE FRIEND SLEEPING WITH YOUR MOM  OR CATCH YOUR BEST MALE FRIEND SLEEPING WITH YOUR SISTER?\nHEARS WYR: WOULD YOU RATHER CHEESE GRATE YOUR UPPER ARM  OR SLIDE DOWN A FIREMAN POLE COVERED IN TACKS INTO A POOL OF RUBBING ALCOHOL?\nHEARS WYR: WOULD YOU RATHER CHOCOLATE  OR VANILLA?\nHEARS WYR: WOULD YOU RATHER CHOP OFF YOUR OWN ARM  OR CHOP OFF A COMPLETE STRANGER'S ARM,  BUT THEY COME BACK TO KILL YOU IN 30 YEARS?\nHEARS WYR: WOULD YOU RATHER COMMUNICATE WITH ANIMALS  OR SPEAK EVERY LANGUAGE FLUENTLY?\nHEARS WYR: WOULD YOU RATHER CONTROL THE ELEMENTS  OR CONTROL TIME?\nHEARS WYR: WOULD YOU RATHER CONTROL YOUR DREAMS  OR WATCH THEM THE NEXT DAY?\nHEARS WYR: WOULD YOU RATHER CURE CANCER  OR MAKE FIRST CONTACT WITH AN ALIEN RACE?\nHEARS WYR: WOULD YOU RATHER DANCE LIKE MICHAEL JACKSON  OR SING LIKE FREDDIE MERCURY?\nHEARS WYR: WOULD YOU RATHER DIE A HERO  OR LIVE LONG ENOUGH TO SEE YOURSELF BECOME THE VILLAIN?\nHEARS WYR: WOULD YOU RATHER DIE ON THE HINDENBURG  OR DIE ON THE TITANIC?\nHEARS WYR: WOULD YOU RATHER DIE SLOWLY BUT NOT MUCH PAIN  OR DIE FAST WITH A LOT OF PAIN?\nHEARS WYR: WOULD YOU RATHER DISCOVER SOMETHING GREAT AND SPREAD IT  OR DISCOVER SOMETHING EVIL AND PREVENT IT?\nHEARS WYR: WOULD YOU RATHER DISCOVER THE LOCH NESS MONSTER  OR DISCOVER SASQUATCH?\nHEARS WYR: WOULD YOU RATHER DRINK A CUP OF BLOOD  OR DRINK A CUP OF URINE?\nHEARS WYR: WOULD YOU RATHER DRINK A GALLON OF MUSTARD IN ONE SITTING  OR USE MUSTARD AS TOOTHPASTE FOR 3 WEEKS?\nHEARS WYR: WOULD YOU RATHER DRINK AND DRIVE  OR SMOKE AND FLY?\nHEARS WYR: WOULD YOU RATHER DRIVE A BRIGHT RED SMART CAR  OR BE SPANKED BY ROSIE O'DONNELL EVERY MORNING?\nHEARS WYR: WOULD YOU RATHER DROOL ABNORMALLY IN PUBLIC  OR AUDIBLY MOAN DURING EACH CONVERSATION YOU HAVE?\nHEARS WYR: WOULD YOU RATHER EAT 50 CHICKEN NUGGETS  OR EAT 6 BIG MACS?\nHEARS WYR: WOULD YOU RATHER EAT A BREAKFAST OF ONLY JELLY BEANS  OR EAT A BREAKFAST OF ONLY HOT WINGS?\nHEARS WYR: WOULD YOU RATHER EAT A CONTAINER OF BUTTER  OR DRINK A BOTTLE OF MAPLE SYRUP?\nHEARS WYR: WOULD YOU RATHER EAT A CUP OF BAKING SODA AND THEN DO A SHOT OF VINEGAR  OR EAT A PACK OF MENTOS AND THEN CHUG A DIET COKE?\nHEARS WYR: WOULD YOU RATHER EAT A PIE  OR EAT A GRAPE?\nHEARS WYR: WOULD YOU RATHER EAT A PINECONE  OR EAT AN ACORN?\nHEARS WYR: WOULD YOU RATHER EAT A QUARTER  OR EAT CHAPSTICK?\nHEARS WYR: WOULD YOU RATHER EAT A ZOMBIE  OR BE EATEN BY A ZOMBIE?\nHEARS WYR: WOULD YOU RATHER EAT FRUIT  OR EAT VEGETABLES?\nHEARS WYR: WOULD YOU RATHER EAT NUTELLA  OR EAT BACON?\nHEARS WYR: WOULD YOU RATHER EAT ONLY HUMAN REMAINS FOR THE REST OF YOUR LIFE  OR STARVE TO DEATH?\nHEARS WYR: WOULD YOU RATHER EAT ONLY SALAD FOR THE REST OF YOUR LIFE  OR EAT ONLY FRUITS FOR THE REST OF YOUR LIFE?\nHEARS WYR: WOULD YOU RATHER EAT RED LOBSTER BISCUITS  OR EAT OLIVE GARDEN BREADSTICKS?\nHEARS WYR: WOULD YOU RATHER EAT THE SAME THING 3 MEALS A DAY FOR THE REST OF YOUR LIFE  OR EAT WHATEVER YOU WANT BUT HAVE TO EAT A POOP SANDWICH ONCE A MONTH?\nHEARS WYR: WOULD YOU RATHER EAT YOUR FAVORITE DVD IN TWENTY MINUTES  OR EAT ONE HUNDRED TISSUES IN TWENTY MINUTES?\nHEARS WYR: WOULD YOU RATHER ENACT NET NEUTRALITY AS LAW  OR ENACT THE \"STOP ONLINE PIRACY ACT\" AS A LAW?\nHEARS WYR: WOULD YOU RATHER EVERY MOVIE YOU WATCH REPLACES THE LEAD ROLE WITH NICOLAS CAGE  OR EVERY SONG YOU HEAR IS PERFORMED BY NICKELBACK?\nHEARS WYR: WOULD YOU RATHER FACE GODZILLA  OR FACE KING KONG?\nHEARS WYR: WOULD YOU RATHER FIGHT A CROCODILE WITH A BOW  OR FIGHT AN ELEPHANT WITH A SHOTGUN?\nHEARS WYR: WOULD YOU RATHER FIGHT A WOLF WITH YOUR BARE HANDS  OR FIGHT A LARGE BEAR WITH A SWORD?\nHEARS WYR: WOULD YOU RATHER FIGHT ALL OF THE ORIGINAL POWER RANGERS IN THEIR MEGAZORD ROBOT  OR FIGHT OPTIMUS PRIME?\nHEARS WYR: WOULD YOU RATHER FIGHT HULK HOGAN  OR FIGHT DWAYNE \"THE ROCK\" JOHNSON?\nHEARS WYR: WOULD YOU RATHER FIGHT JACKIE CHAN  OR FIGHT JET LI?\nHEARS WYR: WOULD YOU RATHER FIGHT THE ENTIRE SMURF VILLAGE  OR FIGHT THE FULL COLLECTION OF CARE BEARS?\nHEARS WYR: WOULD YOU RATHER FIGHT THREE BULLS AT THE SAME TIME  OR FIGHT TEN BULLS ONE AT A TIME?\nHEARS WYR: WOULD YOU RATHER FIGHT VOLDEMORT  OR FIGHT FREDDY KRUEGER?\nHEARS WYR: WOULD YOU RATHER FIND $5  OR HAVE YOUR LOCAL WNBA TEAM WIN THE CHAMPIONSHIP?\nHEARS WYR: WOULD YOU RATHER FIND A BOOK ABOUT EVERYTHING ABOUT THE PAST  OR FIND A BOOK ABOUT EVERYTHING ABOUT THE FUTURE?\nHEARS WYR: WOULD YOU RATHER FIND OUT THAT YOU SWALLOWED A SPIDER IN YOUR SLEEP  OR FIND OUT THAT YOUR WAITER HAD SPIT IN YOUR MEAL?\nHEARS WYR: WOULD YOU RATHER FIND OUT YOUR GIRLFRIEND IS PREGNANT  (AS IN THE NEXT TEN SECONDS)  OR FIND OUT YOU CAN NEVER HAVE KIDS AGAIN?\nHEARS WYR: WOULD YOU RATHER FLY LIKE SUPERMAN  OR TRAVEL LIKE SPIDERMAN?\nHEARS WYR: WOULD YOU RATHER GET $20  OR GET FREQUENTLY COMPLIMENTED FOR ONE DAY?\nHEARS WYR: WOULD YOU RATHER GET A FREE APPETIZER WITH EVERY MEAL  OR GET A FREE DESSERT WITH EVERY MEAL?\nHEARS WYR: WOULD YOU RATHER GET A PAPERCUT ON YOUR HAND ONCE A WEEK  OR HAVE ONE FOOT FALL ASLEEP EVERY THIRD HOUR FOR 30 MINUTES?\nHEARS WYR: WOULD YOU RATHER GET AN ATOMIC WEDGIE  OR GET A SWIRLY?\nHEARS WYR: WOULD YOU RATHER GET HIT BY A BUS  OR WATCH A LOVED ONE GET HIT BY A BUS?\nHEARS WYR: WOULD YOU RATHER GET PAID TO READ EVERY BOOK  OR GET PAID TO WATCH EVERY TV SHOW?\nHEARS WYR: WOULD YOU RATHER GET PUNCHED IN THE MOUTH WITH A MOUTHFUL OF RAZOR BLADES  OR GET PUNCHED IN THE MOUTH WITH A MOUTHFUL OF NEEDLES?\nHEARS WYR: WOULD YOU RATHER GET RUN OVER BY A CAR AND DIE  OR KILL 5 SMALL CHILDREN WITH YOUR CAR?\nHEARS WYR: WOULD YOU RATHER GET SHOT  OR GET STABBED?\nHEARS WYR: WOULD YOU RATHER GET STUNG REPEATEDLY BY A JAPANESE HORNET  OR BE BITTEN ONCE BY A BLACK WIDOW SPIDER?\nHEARS WYR: WOULD YOU RATHER GET SWINE FLU  OR GET WEST NILE?\nHEARS WYR: WOULD YOU RATHER GO TO HEAVEN OR HELL  OR BE REBORN INTO A BETTER OR WORSE LIFE?\nHEARS WYR: WOULD YOU RATHER GO TOE TO TOE WITH MICHAEL MYERS  OR TRY TO TAKE DOWN FREDDY KRUEGER?\nHEARS WYR: WOULD YOU RATHER HANG OUT WITH POOH BEAR  OR HANG OUT WITH BALOO FROM THE JUNGLE BOOK?\nHEARS WYR: WOULD YOU RATHER HAVE $150 IN QUARTERS  OR HAVE $100 IN PAPER MONEY?\nHEARS WYR: WOULD YOU RATHER HAVE 2 MILLION YOUTUBE SUBSCRIBERS  OR HAVE 1 MILLION TWITTER FOLLOWERS?\nHEARS WYR: WOULD YOU RATHER HAVE 20 MILLION YOUTUBE SUBSCRIBERS  OR PRODUCE A BLOCKBUSTER ACTION MOVIE?\nHEARS WYR: WOULD YOU RATHER HAVE 300 HORSES  OR HAVE A CAR WITH 300 HORSE POWER?\nHEARS WYR: WOULD YOU RATHER HAVE 50% OF YOUR BODY BURNED  OR 100% OF YOUR BODY TATTOOED?\nHEARS WYR: WOULD YOU RATHER HAVE A BABY BOY  OR HAvE A BABY GIRL?\nHEARS WYR: WOULD YOU RATHER HAVE A BABY DRAGON  OR HAVE A BABY PHOENIX?\nHEARS WYR: WOULD YOU RATHER HAVE A BRITISH ACCENT  OR HAVE AN AUSTRALIAN ACCENT?\nHEARS WYR: WOULD YOU RATHER HAVE A CHILD IN 7TH GRADE AND RAISE IT  OR NEVER HAVE KIDS OR ADOPT?\nHEARS WYR: WOULD YOU RATHER HAVE A CONVERSATION WITH YODA FOR 10 MINUTES  OR PUNCH JAR JAR BINKS FOR AN HOUR?\nHEARS WYR: WOULD YOU RATHER HAVE A DRUNK PERSONAL DRIVER  OR HAVE A THIEVING MAID OR NANNY?\nHEARS WYR: WOULD YOU RATHER HAVE A FLYING CAR  OR HAVE A 1TBPS INTERNET CONNECTION?\nHEARS WYR: WOULD YOU RATHER HAVE A FORD  OR HAVE A CHEVY?\nHEARS WYR: WOULD YOU RATHER HAVE A GIANT BIRTHMARK COVERING 78% OF YOUR FACE  OR HAVE A TWO FOOT TAIL?\nHEARS WYR: WOULD YOU RATHER HAVE A HIGH SALARY IN A JOB YOU HATE  OR HAVE A LOW SALARY IN A JOB YOU LOVE?\nHEARS WYR: WOULD YOU RATHER HAVE A HOUSE MADE OF SPRAWLING UNDERGROUND ROOMS AND TUNNELS  OR HAVE A SMALL FLYING HOUSE?\nHEARS WYR: WOULD YOU RATHER HAVE A HUGE HEAD AND A SMALL NECK  OR HAVE A HUGE NECK AND A SMALL HEAD?\nHEARS WYR: WOULD YOU RATHER HAVE A LARGE PAINTING OF YOURSELF  OR HAVE A LIFE-SIZE SCULPTURE OF YOURSELF?\nHEARS WYR: WOULD YOU RATHER HAVE A MASSIVE HEAD COMPARED TO YOUR BODY  OR ALWAYS HAVE A BOWL CUT?\nHEARS WYR: WOULD YOU RATHER HAVE A MONSTER TRUCK  OR HAVE A CHARIOT WITH HORSES?\nHEARS WYR: WOULD YOU RATHER HAVE A SLIGHT LISP  OR HAVE A SLIGHT COCKEYE?\nHEARS WYR: WOULD YOU RATHER HAVE A STYLIST DO YOUR HAIR AND MAKEUP EVERY DAY  OR HAVE A FASHIONISTA PICK YOU A NEW OUTFIT EVERY DAY?\nHEARS WYR: WOULD YOU RATHER HAVE A TERRIBLE AUDITION ON AMERICAN IDOL  OR GET A RIDICULOUSLY EASY QUESTION WRONG ON WHO WANTS TO BE A MILLIONAIRE?\nHEARS WYR: WOULD YOU RATHER HAVE A VERY ATTRACTIVE SPOUSE THAT TREATS YOU BADLY  OR HAVE AN UGLY SPOUSE THAT ADORES YOU?\nHEARS WYR: WOULD YOU RATHER HAVE A WARDROBE COMPLETELY OF FLANNEL AND PLAID  AND HAVE A WARDROBE COMPLETELY OF DENIM?\nHEARS WYR: WOULD YOU RATHER HAVE ALL THE PHOBIAS KNOWN TO MANKIND  OR HAVE TO SLOWLY SKIN YOUR FAMILY AND PETS ALIVE?\nHEARS WYR: WOULD YOU RATHER HAVE ALL YOUR LIMBS CUT OFF BY A VERY DULL BUTTER KNIFE  OR HAVE TO GO TO EVERY SINGLE LOCAL WNBA GAME FOR THE REST OF YOUR LIFE?\nHEARS WYR: WOULD YOU RATHER HAVE COMICALLY LARGE FEET  OR HAVE A COMICALLY OVERSIZED HEAD?\nHEARS WYR: WOULD YOU RATHER HAVE EVERY SONG YOU EVER LISTEN TO TURN INTO NYAN CAT  OR HAVE EVERY MOVIE YOU EVER WATCH TURN INTO BADGER BADGER BADGER?\nHEARS WYR: WOULD YOU RATHER HAVE EXTREME NACROLEPSY  OR HAVE A BAD CASE OF TOURETTE'S?\nHEARS WYR: WOULD YOU RATHER HAVE GROWN UP WITHOUT A FATHER  OR HAVE GROWN UP WITHOUT A MOTHER?\nHEARS WYR: WOULD YOU RATHER HAVE HAIR COVERING YOUR ENTIRE BODY  OR BE COMPLETELY BALD?\nHEARS WYR: WOULD YOU RATHER HAVE HOLES PUT THROUGH BOTH HANDS AND BOTH FEET VIA NAILS AND A HAMMER  OR GO FOR 40 DAYS IN THE DESERT WITHOUT FOOD?\nHEARS WYR: WOULD YOU RATHER HAVE NO HANDS  OR HAVE A NAKED FAT GUY STALKING YOU AT ALL TIMES?\nHEARS WYR: WOULD YOU RATHER HAVE PAPARAZZI FOLLOW YOU AROUND  OR REVEAL A DIFFERENT SECRET ABOUT YOURSELF IN A WEEKLY NEWSPAPER COLUMN?\nHEARS WYR: WOULD YOU RATHER HAVE SEVENTEEN TESTICLES  OR HAVE ONE TESETICLE THE SIZE OF A COCONUT?\nHEARS WYR: WOULD YOU RATHER HAVE STRETCHABLE LEGS  OR HAVE STRETCHABLE ARMS?\nHEARS WYR: WOULD YOU RATHER HAVE SUPERNATURAL AGILITY  OR HAVE SUPERNATURAL STRENGTH AND INTELLIGENCE?\nHEARS WYR: WOULD YOU RATHER HAVE THE ABILITY TO PULL OUT OF YOUR POCKETS THE EXACT CHANGE NEEDED FOR ANY PURCHASE  OR HAVE THE ABILITY TO DISCREETLY READ MINDS?\nHEARS WYR: WOULD YOU RATHER HAVE THE ABILITY TO REWIND 24 HOURS THREE TIMES EACH YEAR  OR BE ABLE TO CONSCIOUSLY CONTROL YOUR DREAMS  AND REMEMBER THEM IN GREAT DETAILS?\nHEARS WYR: WOULD YOU RATHER HAVE THE COMPLETE BOX SET OF DEXTER  OR HAVE THE COMPLETE BOX SET OF BREAKING BAD?\nHEARS WYR: WOULD YOU RATHER HAVE THE CRUSH OF YOUR DREAMS  OR HAVE INFINITE AMOUNTS OF YOUR FAVORITE APPETIZER?\nHEARS WYR: WOULD YOU RATHER HAVE THE FIRST DIBS EVERY TIME  OR ALWAYS HAVE THE LAST LAUGH?\nHEARS WYR: WOULD YOU RATHER HAVE THE FIRST NAME REFRIGERATOR  OR HAVE THE FIRST NAME DISHWASHER?\nHEARS WYR: WOULD YOU RATHER HAVE THE JOB OF YOUR DREAMS AND ALWAYS BE BROKE  OR HAVE A JOB YOU DESPISE BUT LOADS OF WEALTH?\nHEARS WYR: WOULD YOU RATHER HAVE THE VOICE OF PEEWEE HERMAN AND DRESS PERFECTLY  OR HAVE THE VOICE OF MORGAN FREEMAN AND DRESS TERRIBLY?\nHEARS WYR: WOULD YOU RATHER HAVE THE VOICE OF THE OPPOSITE SEX  OR HAVE THE MUSCLE MASS AND BODYBUILD OF THE OPPOSITE SEX?\nHEARS WYR: WOULD YOU RATHER HAVE THREE NIPPLES  OR HAVE ONE NIPPLE?\nHEARS WYR: WOULD YOU RATHER HAVE TO EAT TREE BARK FOR ONE MEAL A DAY  OR HAVE TO POUR COLD MILK OVER EVERYTHING YOU EAT?\nHEARS WYR: WOULD YOU RATHER HAVE TO END EVERY SENTENCE WITH A RACIAL EPITHET  OR HAVE TO DROP TWO F-BOMBS IN EVERY SENTENCE?\nHEARS WYR: WOULD YOU RATHER HAVE TO KILL THREE OF YOUR NEIGHBORS' PETS  OR KILL ONE OF YOUR OWN?\nHEARS WYR: WOULD YOU RATHER HAVE TO SLEEP 3 HOURS EVERY DAY  OR HAVE TO SLEEP 15 HOURS EVERY DAY?\nHEARS WYR: WOULD YOU RATHER HAVE TO WEAR A FULL BODY,  RED LEOTARD ON YOUR WEDDING DAY  OR HAVE THE PERSON YOU ARE MARRYING THAT DAY WEAR THE FULL BODY,  RED LEOTARD?\nHEARS WYR: WOULD YOU RATHER HAVE TRIPLETS  OR BE A TRIPLET?\nHEARS WYR: WOULD YOU RATHER HAVE TWO SETS OF TWINS  OR QUADRUPLETS?\nHEARS WYR: WOULD YOU RATHER HAVE UNCONTROLLABLE EAR HAIR  OR HAVE UNCONTROLLABLE NOSE HAIR?\nHEARS WYR: WOULD YOU RATHER HAVE YOUR BEST DREAM AND THE WORST NIGHTMARE COME TRUE  OR NEVER HAVE ANY OF YOUR DREAMS COME TRUE?\nHEARS WYR: WOULD YOU RATHER HAVE YOUR CURRENT PET LIVE AS LONG AS YOU DO  OR BRING A PAST PET BACK TO LIFE?\nHEARS WYR: WOULD YOU RATHER HAVE YOUR ELBOW JOINTS FACING THE OPPOSITE DIRECTION  OR HAVE YOUR KNEES FACING BACKWARDS?\nHEARS WYR: WOULD YOU RATHER HAVE YOUR HANDS SWITCHED FOR DUSTPANS  OR BE SWEATING JAM INSTEAD OF SWEAT?\nHEARS WYR: WOULD YOU RATHER HAVE YOUR HOUSE BURNT BY A FIRE BREATHING DRAGON  OR HAVE YOUR HOUSE BLOWN DOWN BY THE BIG BAD WOLF?\nHEARS WYR: WOULD YOU RATHER HAVE YOUR LEFT LEG BE PAINLESSLY AMPUTATED  AND ONLY BE ALLOWED TO USE A PEG LEG AS A PROSTHETIC REPLACEMENT  OR HAVE ONE OF YOUR TOES BE AMPUTATED WITH A DIRTY CLEAVER EVERY YEAR  UNTIL YOU HAVE NONE LEFT?\nHEARS WYR: WOULD YOU RATHER HAVE YOUR NAME KNOWN FOREVER FOR DOING SOMETHING TERRIBLE  OR NEVER BE RECOGNIZED FOR ACCOMPLISHING SOMETHING WONDERFUL?\nHEARS WYR: WOULD YOU RATHER KICK A BABY FULL FORCE  OR KICK 2 BABY KOALAS TO DEATH?\nHEARS WYR: WOULD YOU RATHER KILL 5 PEOPLE WITH A KNIFE  OR SHOOT 10 PEOPLE TO DEATH?\nHEARS WYR: WOULD YOU RATHER KILL GODZILLA AND HAVE HALF THE CITY DESTROYED BECAUSE OF IT,  EVERYONE WILL KNOW YOU  OR KILL THE KRAKEN AND SAVE THE CITY FROM FUTURE CATASTROPHE  WITHOUT ANYONE KNOWING?\nHEARS WYR: WOULD YOU RATHER KILL SOMEONE AND HAVE NOBODY KNOW  OR NOT KILL SOMEONE BUT HAVE EVERYONE THINK YOU DID?\nHEARS WYR: WOULD YOU RATHER KNOW A FEW THINGS ABOUT EVERYTHING  OR KNOW EVERYTHING BUT ONLY ABOUT A FEW THINGS?\nHEARS WYR: WOULD YOU RATHER KNOW WHEN YOU WILL DIE  OR KNOW HOW YOU WILL DIE?\nHEARS WYR: WOULD YOU RATHER LAUGH UNCONTROLLABLY AT INSURANCE COMMERCIALS  OR BECOME WILDLY AROUSED AT CAR COMMERCIALS?\nHEARS WYR: WOULD YOU RATHER LEAP TALL BUILDINGS IN A SINGLE BOUND (LIKE SPIDERMAN)  OR BE ABLE TO RUN AS FAST AS THE FLASH?\nHEARS WYR: WOULD YOU RATHER LICK A PUBLIC BATHROOM FLOOR  OR LICK A PUBLIC BATHROOM STALL HANDLE?\nHEARS WYR: WOULD YOU RATHER LICK THE ARMPIT OF A SWEATY CAB DRIVER  OR EAT THE EARWAX OF AN OLD MAN WHO HAS NEVER CLEANED HIS EARS?\nHEARS WYR: WOULD YOU RATHER LIE EVERY TIME YOU ARE ASKED A QUESTON  OR TELL THE TRUTH EVERY TIME YOU ARE ASKED A QUESTION?\nHEARS WYR: WOULD YOU RATHER LIGHT YOUR HANDS ON FIRE FOR A MINUTE  OR LIGHT YOUR FEET ON FIRE FOR A MINUTE?\nHEARS WYR: WOULD YOU RATHER LISTEN TO EVERYTHING BUT YOUR FAVORITE MUSICIAN OR ARTIST  OR LISTEN TO ONLY YOUR FAVORITE MUSICIAN OR ARTIST?\nHEARS WYR: WOULD YOU RATHER LISTEN TO REBECCA BLACK  OR LISTEN TO JUSTIN BIEBER?\nHEARS WYR: WOULD YOU RATHER LISTEN TO THE MACARENA FOR FOUR HOURS STRAIGHT  OR LISTEN TO MAMBO NO. 5 FOR FOUR HOURS STRAIGHT?\nHEARS WYR: WOULD YOU RATHER LIVE AN AVERAGE LIFE AND BE FORGOTTEN IN TIME  OR GO DOWN IN HISTORY FOR SOMETHING TERRIBLE?\nHEARS WYR: WOULD YOU RATHER LIVE IN A GIANT PEACH  OR LIVE IN A GIANT SHOE?\nHEARS WYR: WOULD YOU RATHER LIVE IN A HOMELESS SHELTER WITH INTERNET ACCESS  OR LIVE IN AN AMAZING HOME ISOLATED FROM ANY OUTSIDE CONTACT?\nHEARS WYR: WOULD YOU RATHER LIVE IN A NUDIST COLONY  OR LIVE WITH THE AMISH?\nHEARS WYR: WOULD YOU RATHER LIVE IN A PENTHOUSE IN THE CITY  OR LIVE IN A MANSION IN THE COUNTRY?\nHEARS WYR: WOULD YOU RATHER LIVE IN A WORLD WHERE EVERYTHING IS WRITTEN IN COMIC SANS  OR LIVE IN A WORLD WHERE THE ONLY MUSIC THAT EXISTED WAS CALL ME MAYBE?\nHEARS WYR: WOULD YOU RATHER LIVE IN AN ABANDONED BOMB SHELTER  OR LIVE IN AN ISOLATED TOWER?\nHEARS WYR: WOULD YOU RATHER LIVE IN AN ANIME  OR LIVE IN A DISNEY CARTOON?\nHEARS WYR: WOULD YOU RATHER LIVE IN ANCIENT GREECE  OR LIVE IN ANCIENT EGYPT?\nHEARS WYR: WOULD YOU RATHER LIVE IN BOSTON  OR LIVE IN NEW YORK CITY?\nHEARS WYR: WOULD YOU RATHER LIVE IN THE PAST  OR LIVE IN THE FUTURE?\nHEARS WYR: WOULD YOU RATHER LIVE ON NORMALLY  OR HAVE EVERY WOULD YOU RATHER ON THIS MACHINE COME TRUE?\nHEARS WYR: WOULD YOU RATHER LIVE TO BE 120 AND ACCOMPLISH NOTHING NOTABLE  OR LIVE TO BE 50 AND WELL-KNOWN FOR WORLD-CHANGING ACCOMPLISHMENTS?\nHEARS WYR: WOULD YOU RATHER LIVE UNTIL 80 IN POVERTY  OR LIVE UNTIL 40 IN RICHES?\nHEARS WYR: WOULD YOU RATHER LOSE AN EYE AND A HAND  OR LOSE A LEG AND AN EAR?\nHEARS WYR: WOULD YOU RATHER LOSE YOUR FRONT TEETH IN A SKATEBOARDING ACCIDENT  OR BREAK YOUR HANDS ON A BIKE?\nHEARS WYR: WOULD YOU RATHER LOSE YOUR MIND  OR LOSE YOUR SIGNIFICANT OTHER?\nHEARS WYR: WOULD YOU RATHER MAKE OUT WITH GOLLUM  OR HOOK UP WITH BEETLEJUICE (FROM THE MOVIE)?\nHEARS WYR: WOULD YOU RATHER MAKE OUT WITH YOUR COUSIN  OR WEAR CUTOFF SHORTS YOUR WHOLE LIFE,  NEVER TAKING THEM OFF?\nHEARS WYR: WOULD YOU RATHER MARRY AT AGE TEN  OR NEVER MARRY AT ALL?\nHEARS WYR: WOULD YOU RATHER MASTER EVERY PROGRAMMING LANGUAGE  OR MASTER EVERY SPOKEN LANGUAGE?\nHEARS WYR: WOULD YOU RATHER NATURAL CHILDBIRTH  OR HAVE AN EPIDURAL?\nHEARS WYR: WOULD YOU RATHER NEVER BE ABLE TO COMPLIMENT  OR NEVER BE ABLE TO COMLPAIN?\nHEARS WYR: WOULD YOU RATHER NEVER BE ABLE TO LOOK IN THE MIRROR AGAIN  OR ALWAYS GET DRESSED IN COMPLETE DARKNESS?\nHEARS WYR: WOULD YOU RATHER NEVER BE ABLE TO WEAR SHOES  OR NEVER BE ABLE TO TOUCH ANYTHING RED?\nHEARS WYR: WOULD YOU RATHER NEVER EAT PIZZA AGAIN  OR NEVER DRINK ANOTHER SODA?\nHEARS WYR: WOULD YOU RATHER NEVER HAVE TO GROCERY SHOP AGAIN  OR NEVER HAVE TO DO LAUNDRY AGAIN?\nHEARS WYR: WOULD YOU RATHER NEVER LISTEN TO MUSIC AGAIN  OR NEVER PLAY VIDEO GAMES AGAIN?\nHEARS WYR: WOULD YOU RATHER NEVER WATCH BASEBALL AGAIN  OR NEVER WATCH FOOTBALL AGAIN?\nHEARS WYR: WOULD YOU RATHER NON-STOP PEEING FOR THE REST OF YOUR LIFE  OR NON-STOP CRYING FOR THE REST OF YOUR LIFE?\nHEARS WYR: WOULD YOU RATHER NOT BE ABLE TO STOP BEING SERIOUS  OR NOT BE ABLE TO STOP JOKING?\nHEARS WYR: WOULD YOU RATHER NOT BE ABLE TO TASTE  OR NOT BE ABLE TO SMELL?\nHEARS WYR: WOULD YOU RATHER NOT BE ABLE TO WEAR CLOTHES  OR NOT BE ABLE TO SPEAK?\nHEARS WYR: WOULD YOU RATHER NOT BRUSH YOUR TEETH FOR A MONTH  OR NOT SHOWER FOR A MONTH?\nHEARS WYR: WOULD YOU RATHER ONLY BE ABLE TO LAUGH AT BLONDE JOKES  OR NOT BE ABLE TO UNDERSTAND SARCASM?\nHEARS WYR: WOULD YOU RATHER ONLY BE ABLE TO LAUGH AT VIOLENTLY RACIST JOKES  OR ONLY BE ABLE TO LAUGH AT INTRICATE STAR TREK JOKES?\nHEARS WYR: WOULD YOU RATHER ONLY BE ABLE TO SEE THE WORLD IN A SHADE OF RED  OR BARELY HEAR PEOPLE WHEN THEY SPEAK?\nHEARS WYR: WOULD YOU RATHER ONLY BE ABLE TO SPEAK VIA A TRANSLATOR  OR ONLY SPEAK WHEN ASKED A QUESTION?\nHEARS WYR: WOULD YOU RATHER ONLY BE ABLE TO TELEPORT TO PLACES YOU'VE ALREADY BEEN  OR ONLY BE ABLE TO TELEPORT TO PLACES YOU'VE NEVER BEEN BEFORE?\nHEARS WYR: WOULD YOU RATHER ONLY DRINK BLACK COFFEE  OR ONLY EAT DRY CEREAL?\nHEARS WYR: WOULD YOU RATHER ONLY DRINK CARBONATED BEVERAGES  OR NEVER DRINK CARBONATED BEVERAGES?\nHEARS WYR: WOULD YOU RATHER ONLY EAT BREAKFAST CEREAL  OR ONLY EAT PASTA?\nHEARS WYR: WOULD YOU RATHER ONLY HAVE ACCESS TO YOUTUBE ON THE INTERNET  OR ONLY HAVE ACCESS TO GAMES ON THE INTERNET?\nHEARS WYR: WOULD YOU RATHER ONLY READ ROMANCE NOVELS  OR ONLY READ TEXTBOOKS?\nHEARS WYR: WOULD YOU RATHER ONLY SMELL LIKE POOP  OR ONLY SMELL POOP?\nHEARS WYR: WOULD YOU RATHER ONLY SPEAK IN HAIKU  OR ONLY SPEAK IN SONG LYRICS?\nHEARS WYR: WOULD YOU RATHER ONLY SPEAK IN WORDS THAT BEGIN WITH H  OR NOT BE ABLE TO SAY ANY WORDS THAT HAVE THE LETTER E IN THEM?\nHEARS WYR: WOULD YOU RATHER ONLY SPEAK IN QUESTIONS  OR ONLY SPEAK IN MOVIE QUOTES?\nHEARS WYR: WOULD YOU RATHER ONLY USE WINDOWS  OR ONLY USE MACINTOSH?\nHEARS WYR: WOULD YOU RATHER ONLY WEAR REVEALING HOT PINK CLOTHES  OR ALWAYS HAVE TO WEAR SOCKS AND SANDALS?\nHEARS WYR: WOULD YOU RATHER OPEN A CAN OF WHOOP-ASS ON A FOOL  OR PITY A FOOL?\nHEARS WYR: WOULD YOU RATHER OVERDOSE ON EVERY DRUG AT THE SAME TIME  OR FALL OFF A 100 STORY BUILDING?\nHEARS WYR: WOULD YOU RATHER OWN 10,000 MR. POTATO HEADS  OR OWN 10,000 BOBBLE HEADS?\nHEARS WYR: WOULD YOU RATHER OWN A MINI HORSE  OR OWN A REGULAR HORSE?\nHEARS WYR: WOULD YOU RATHER PEE YOUR PANTS ONCE A DAY AT A RANDOM TIME  OR POOP YOUR PANTS ONCE A DAY AT A RANDOM TIME?\nHEARS WYR: WOULD YOU RATHER PERFORM PETTY THIEVERING FOR A LIVING  OR PERFORM GRAND LARCENY FOR A LIVING?\nHEARS WYR: WOULD YOU RATHER PLAY BEIRUT (BEERPONG)  OR PLAY FLIP-CUP?\nHEARS WYR: WOULD YOU RATHER PLAY QUARTERBACK  OR PLAY LINEBACKER?\nHEARS WYR: WOULD YOU RATHER POOP RAINBOWS  OR VOMIT RAINBOWS?\nHEARS WYR: WOULD YOU RATHER PREVENT 9-11  OR PREVENT THE DEATHS OF THREE PEOPLE YOU CHOOSE?\nHEARS WYR: WOULD YOU RATHER PULL ALL OF YOUR TOENAILS OUT  OR PULL ALL OF YOUR HAIR OUT?\nHEARS WYR: WOULD YOU RATHER PUNCH A PILGRIM  OR EAT AN AVOCADO?\nHEARS WYR: WOULD YOU RATHER PUNCH EVERY TRICK OR TREATER THAT KNOCKS ON YOUR DOOR IN THE FACE  OR ANSWER THE DOOR FOR TRICK OR TREATERS COMPLETELY NAKED?\nHEARS WYR: WOULD YOU RATHER PUT A TOOTHPICK UNDER EACH TOENAIL AND KICK A WALL  OR BE SCALPED?\nHEARS WYR: WOULD YOU RATHER RAISE A FAMILY WITH SAMUEL L. JACKSON  OR RAISE A FAMILY WITH VIN DIESEL?\nHEARS WYR: WOULD YOU RATHER REACH YOUR IDEAL SALARY  OR REACH YOUR IDEAL WEIGHT?\nHEARS WYR: WOULD YOU RATHER RETURN A PUNT IN AN NFL GAME  OR SPEND 90 SECONDS IN THE RING WITH MIKE TYSON IN HIS PRIME?\nHEARS WYR: WOULD YOU RATHER RIDE IN A HOT AIR BALLOON  OR RIDE IN A HOVERCRAFT?\nHEARS WYR: WOULD YOU RATHER SAVE 2 FAMILY MEMBERS  OR SAVE 10,000 STRANGERS?\nHEARS WYR: WOULD YOU RATHER SAVE ABRAHAM LINCOLN  OR SAVE JFK?\nHEARS WYR: WOULD YOU RATHER SAVE THE LIBRARY OF ALEXANDRIA FROM BURNING  OR KNOW WHAT HAPPENED TO ATLANTIS?\nHEARS WYR: WOULD YOU RATHER SAVE THE WORLD BUT NOBODY KNOWS  OR SAVE THE WORLD BUT DIE AS A HERO IN THE PROCESS?\nHEARS WYR: WOULD YOU RATHER SAVE TUPAC'S LIFE  OR SEE JESUS FOR 2 HOURS?\nHEARS WYR: WOULD YOU RATHER SEE HOW OR WHAT CREATED CIVILIZATION  OR SEE HOW OR WHAT ENDS CIVILIZATION?\nHEARS WYR: WOULD YOU RATHER SEE HOW YOU DIE  OR SEE WHO YOU WILL MARRY?\nHEARS WYR: WOULD YOU RATHER SEE THE FUTURE  OR CHANGE THE PAST?\nHEARS WYR: WOULD YOU RATHER SING EVERYTHING YOU SAY  OR DANCE ALL YOUR MOVEMENTS?\nHEARS WYR: WOULD YOU RATHER SIT ON A COLD TOILET SEAT  OR SIT ON A WARM TOILET SEAT?\nHEARS WYR: WOULD YOU RATHER SKIP SUMMER  OR SKIP WINTER?\nHEARS WYR: WOULD YOU RATHER SKITTLES  OR M&M'S?\nHEARS WYR: WOULD YOU RATHER SLAM YOUR HAND IN EVERY DOOR  OR FALL DOWN EVERY FLIGHT OF STAIRS?\nHEARS WYR: WOULD YOU RATHER SLAM YOUR HAND ON TOP OF A THUMBTACK WITH A HALF INCH PIN  OR SHOOT YOURSELF IN THE TOP OF THE FOOT WITH A NAIL GUN?\nHEARS WYR: WOULD YOU RATHER SLEEP IN A ROOM A LITTLE TOO WARM  OR SLEEP IN A ROOM A LITTLE TOO COLD?\nHEARS WYR: WOULD YOU RATHER SLEEP IN A TANNING BED FOR A MONTH  OR SLEEP IN A SMALL SUITCASE FOR A MONTH?\nHEARS WYR: WOULD YOU RATHER SLEEP ON A PILLOW WITH A BLOOD STAIN  OR SLEEP ON A REALLY HARD AND UNCOMFORTABLE PILLOW?\nHEARS WYR: WOULD YOU RATHER SNORT GHOST CHILI JUICES  OR SNORT LIQUID NITROGEN?\nHEARS WYR: WOULD YOU RATHER SNOW FOR THE REST OF YOUR LIFE  OR RAIN FOR THE REST OF YOUR LIFE?\nHEARS WYR: WOULD YOU RATHER SOIL YOURSELF AND HAVE NOBODY KNOW  OR NOT SOIL YOURSELF,  BUT EVERYONE THINKS YOU DID?\nHEARS WYR: WOULD YOU RATHER SPEAK EVERY LANGUAGE EXCEPT THE LANGUAGE OF THE COUNTRY YOU'RE CURRENTLY IN  OR SPEAK ONLY THE LANGUAGE OF THE COUNTRY YOU'RE IN,  BUT KNOW THE MEANING OF EVERY SINGLE WORD IN THAT LANGUAGE\nHEARS WYR: WOULD YOU RATHER SPEND A DAY WITH TAYLOR SWIFT  OR SPEND A DAY WITH BEYONCE?\nHEARS WYR: WOULD YOU RATHER SPEND A YEAR ALONE IN A DEEP SEA SUBMARINE  OR SPEND A YEAR ALONE IN A SPACE STATION?\nHEARS WYR: WOULD YOU RATHER SPEND ONE NIGHT SPENT PASSIONTELY WITH ROSIE O'DONNELL  OR HAVE YOUR TWO FRONT TEETH PULLED OUT?\nHEARS WYR: WOULD YOU RATHER STAND ON RED HOT,  BURNING COALS FOR 30 SECONDS WITHOUT MOVING  OR SHUT YOUR HAND IN A WAFFLE IRON FOR TWO MINUTES?\nHEARS WYR: WOULD YOU RATHER STAR IN A CARTOON MOVIE  OR STAR IN A LIVE ACTION MOVIE?\nHEARS WYR: WOULD YOU RATHER STAR IN SAVED BY THE BELL  OR STAR IN BOY MEETS WORLD?\nHEARS WYR: WOULD YOU RATHER STAR IN WICKED  OR STAR IN LION KING?\nHEARS Wyr: WOULD YOU RATHER STARE AT THE SUN FOR 5 SECONDS  AFTER BEING IN A DARK ROOM FOR 5 HOURS  OR HAVE ONE EYE REPLACED WITH A GLASS EYE REPLACED FOR THE REST OF YOUR LIFE?\nHEARS WYR: WOULD YOU RATHER START YOUR OWN BUSINESS WHICH IS DOOMED TO FAIL  OR WORK FOR OTHER PEOPLE AT LOW SALARIES?\nHEARS WYR: WOULD YOU RATHER STEAL AN ELDERLY WOMAN'S PURSE  OR TELL 10 ORPHANS THAT CHRISTMAS IS CANCELLED?\nHEARS WYR: WOULD YOU RATHER STOP USING YOUTUBE  OR STOP USING FACEBOOK?\nHEARS WYR: WOULD YOU RATHER SUCK A HOBO'S TOE FOR 2 MINUTES  OR BE IN A CAGE WITH A HONEY BADGER AND LION FOR 20 SECONDS?\nHEARS WYR: WOULD YOU RATHER SUPER SMASH BROS  OR THE LEGEND OF ZELDA HYRULE WARRIORS?\nHEARS WYR: WOULD YOU RATHER SWALLOW THREE JAWBREAKERS  OR SWALLOW A FOOT LONG CANDY CANE?\nHEARS WYR: WOULD YOU RATHER SWEAR IN EVERY SENTENCE FOREVER  OR CONSTANTLY HAVE YOUR HAND DOWN YOUR TROUSERS?\nHEARS WYR: WOULD YOU RATHER SWIM IN A POOL OF POOP  OR GET YOUR HEAD STUCK IN AN ELEPHANT'S REAR END?\nHEARS WYR: WOULD YOU RATHER TAKE A COLD SHOWER EVERY DAY  OR TAKE ONLY HOT SHOWERS JUST ONCE EVERY TWO WEEKS?\nHEARS WYR: WOULD YOU RATHER TAKE A PICTURE  OR HAVE YOUR PICTURE TAKEN?\nHEARS WYR: WOULD YOU RATHER TAKE A SIZZLING HOT SHOWER  OR AN ICE COLD FREEZING SHOWER?\nHEARS WYR: WOULD YOU RATHER TAKE THE CINNAMON CHALLENGE  OR TAKE THE GALLON CHALLENGE?\nHEARS WYR: WOULD YOU RATHER TALK ONLY IN AN AUTOTUNED VOICE  OR TALK IN A STEREOTYPICAL GRANDMA VOICE?\nHEARS WYR: WOULD YOU RATHER TASTE THE SAME FLAVOR OF FOOD  OR TASTE NOTHING EVER AGAIN?\nHEARS WYR: WOULD YOU RATHER TEA  OR COFFEE?\nHEARS WYR: WOULD YOU RATHER TEACH SPANISH  OR TEACH MATH?\nHEARS WYR: WOULD YOU RATHER TELL YOUR MOST EMBARRASSING SECRET TO THE 10 PEOPLE IT WOULD MATTER TO THE MOST  OR EAT 5,000 LICORICE JELLY BEANS AS FAST AS YOU CAN?\nHEARS WYR: WOULD YOU RATHER UNEARTH AND LOOT A CORPSE,  FINDING A ROLEX  OR CHEAT IN A COMPETITION,  WINNING A ROLEX?\nHEARS WYR: WOULD YOU RATHER USE ONLY COMIC SANS  OR USE ONLY PAPYRUS?\nHEARS WYR: WOULD YOU RATHER VACATION IN NEW YORK CITY  OR VACATION IN TOKYO?\nHEARS WYR: WOULD YOU RATHER WAKE UP IN A BATHTUB FULL OF ICE MISSING A KIDNEY  OR WAKE UP IN A PUBLIC BATHROOM WITH A HANDFUL OF SINGLES AND A REALLY LAZY EYE?\nHEARS WYR: WOULD YOU RATHER WALK AROUND THE MALL NAKED  OR WALK AROUND SCHOOL OR WORKPLACE NAKED?\nHEARS WYR: WOULD YOU RATHER WATCH AN UNINTERRUPTED WNBA DOUBLE HEADER  OR LISTEN TO AN ENTIRE NICKELBACK CD IN ONE SITTING?\nHEARS WYR: WOULD YOU RATHER WATCH ARE YOU AFRAID OF THE DARK  OR READ GOOSEBUMPS?\nHEARS WYR: WOULD YOU RATHER WATCH LOST  OR WATCH THE OFFICE?\nHEARS WYR: WOULD YOU RATHER WATCH ONLY DRAMAS FOR THE REST OF YOUR LIFE  OR WATCH ONLY COMEDIES FOR THE REST OF YOUR LIFE?\nHEARS WYR: WOULD YOU RATHER WATCH THE BIG BANG THEORY  OR WATCH THE OFFICE?\nHEARS WYR: WOULD YOU RATHER WATCH THE SANDLOT  OR WATCH THE GOONIES?\nHEARS WYR: WOULD YOU RATHER WATCH YOUR PARENTS BE MURDERED IN FRONT OF YOU  OR MURDER THE PARENTS OF ANOTHER FAMILY IN FRONT OF THEIR CHILDREN?\nHEARS WYR: WOULD YOU RATHER WEAR HIGH HEELS  OR WEAR A DRESS?\nHEARS WYR: WOULD YOU RATHER WEAR ONLY SKIN TIGHT CLOTHING  OR WEAR CLOTHES THAT ARE MUCH TOO BIG?\nHEARS WYR: WOULD YOU RATHER WEAR PANTS TOO HIGH  OR WEAR PANTS TOO LOW?\nHEARS WYR: WOULD YOU RATHER WEAR SUMMER CLOTHES IN THE WINTER  OR WEAR WINTER CLOTHES IN THE SUMMER?\nHEARS WYR: WOULD YOU RATHER WIN A 1-DAY SHOPPING SPREE TO ANY STORE  OR WIN A 2-WEEK VACATION TO ANY DESTINAITON?\nHEARS WYR: WOULD YOU RATHER WIN AN OSCAR  OR WIN THE NOBEL PRIZE?\nHEARS WYR: WOULD YOU RATHER WIN THE LOTTERY  OR LIVE TWICE AS LONG?\nHEARS WYR: WOULD YOU RATHER WORK 10 HOURS A DAY FOUR DAYS A WEEK  OR WORK 8 HOURS A DAY FIVE DAYS A WEEK?\nHEARS WYR: WOULD YOU RATHER WORK A MINIMUM WAGE JOB FOR THE REST OF YOUR LIFE  OR LIVE IN THE WILDERNESS FOR THE REST OF YOUR LIFE?\nHEARS WYR: WOULD YOU RATHER WORK AT APERTURE SCIENCE  OR WORK AT BLACK MESA?\nHEARS WYR: WOULD YOU RATHER WORK FOR APPLE AND KNOW ALL OF THEIR SECRETS  OR WORK FOR GOOGLE AND KNOW ALL THEIR SECRETS?\nHEARS WYR: WOULD YOU RATHER WRESTLE AN ALLIGATOR  OR WRESTLE A BEAR?\nHEARS WYR: WOULD YOU RATHER YOUR PARTNER HAVE A HOMOSEXUAL AFFAIR  OR YOUR PARTNER HAVE A HETEROSEXUAL AFFAIR?\nHEARS WYR: YOU CAN ONLY USE ONE OF THE TWO,  WOULD YOU RATHER REDDIT  OR YOUTUBE?\nHEARS WYR: YOU'RE PLAYING CONNECT FOUR AGAINST AN EMOTIONALLY UNSTABLE MAN  WITH AN EXPLOSIVE TEMPER,  WOULD YOU RATHER TAKE HIM DOWN  OR LET HIM WIN?","info":"Say \"WYR\" for a would you rather question.\n\nFor the latest version, visit https://manyland.com/ageflex"}}