{"base":"INTERACT","creator":"597129a5f1c7101214c7c269","id":"652eaa9e6ff6a004489cef68","name":"test","prop":{"textSize":558,"attr":[18,5,1,6],"textData":"REACHES AND THEY don't HAVE ATTACHED *: /HARMS 100\nREACHES AND THEY HAVE ATTACHED .0: /HARMS 100\nREACHES AND THEY HAVE ATTACHED .1: /HARMS 100\nREACHES AND THEY HAVE ATTACHED .2: /HARMS 100\nREACHES AND THEY HAVE ATTACHED .3: /HARMS 100\nREACHES AND THEY HAVE ATTACHED .4: /HARMS 100\nREACHES AND THEY HAVE ATTACHED .5: /HARMS 100\nREACHES AND THEY HAVE ATTACHED .6: /HARMS 100\nREACHES AND THEY HAVE ATTACHED .7: /HARMS 100\nREACHES AND THEY HAVE ATTACHED .8: /HARMS 100\nREACHES AND THEY HAVE ATTACHED .9: /HARMS 100\nREACHES AND THEY HAVE ATTACHED .10.: /HARMS 100","checksNears":true}}