{"base":"INTERACT","creator":"597129a5f1c7101214c7c269","id":"659263935bb9a5149cf5cd67","name":"box seat","prop":{"textSize":720,"attr":[8,6,1,5],"textData":"SOMEONE SITS ON BOX SEAT AND THEY don't HAVE ATTACHED *: /NU /HARMS 100\nsomeone sits on box seat and they have attached .0.:\nsomeone sits on box seat and they have attached .1m.:\nsomeone sits on box seat and they have attached .2m.:\nsomeone sits on box seat and they have attached .3m.:\nsomeone sits on box seat and they have attached .4m.:\nsomeone sits on box seat and they have attached .5m.:\nsomeone sits on box seat and they have attached .6m.:\nsomeone sits on box seat and they have attached .7m.:\nsomeone sits on box seat and they have attached .8m.:\nsomeone sits on box seat and they have attached .9m.:\nsomeone sits on box seat and they have attached .10m.:\nsomeone sits on box seat and they have attached .11m.:","reactsTo":["someone_sits_on"],"thingRefs":[["644157a31b82a4045553d6fb","nu"]],"clonedFrom":"618805b24c3b0624a7687367"}}