{"x":-3,"y":-1,"iix":["54c7527984aec6227d5dcadf","5eab5bfce0d8197b0dd4ea9a","5dcde7cb92032e10c1cad0bd"],"ps":[[29,31,0,0,0,0],[31,31,1,0,0,0],[31,30,1,0,0,0],[31,29,1,0,0,0],[31,28,1,0,0,0],[31,27,1,0,0,0],[27,31,2,0,0,0],[26,31,2,0,0,0]],"i":{"b":["DECOBIG","DYNATHING","DECOVBIG"],"p":[null,{"attr":[1,8],"text":"0.0s: cell 1 opacity .0, cell 2 opacity .0\n0.1-0.2s: cell 1 opacity 0.1, left 2, cell 2 opacity 0.2, right 2\n0.2-0.3s: cell 1 right 5, cell 2 left 1\n0.3-0.4s: cell 1 right 1, cell 2 right 1\n0.4-0.5s: cell 1 left 1, cell 2 down 2\n0.5-0.6s: cell 1 up 2, cell 2 left 1, cell 1 opacity .0, cell 2 opacity .0\n0.6s: restart"},{"clonedFrom":"5d54b10245219a15dbef3731","changerId":"5d60664a82e5e131d9e663af"}],"n":["tree 3","nope","blurry treetop with flowers"],"dr":[0,0,0]}}