{"x":2,"y":0,"iix":["60cba5057267296f1b63fa32","60cc58c5e7282424ea57fb7f","60cc58fc5f18516f1a8b99ae","60cba57456f80504fd447d2a","585fa2bd3171fe4113510e4f"],"ps":[[0,3,0,0,0,0],[1,3,0,0,0,0],[2,3,0,0,0,0],[3,3,0,0,0,0],[2,2,1,0,0,0],[1,2,1,0,0,0],[0,2,1,0,0,0],[3,2,1,0,0,0],[3,1,2,0,0,0],[2,1,2,0,0,0],[0,1,2,0,0,0],[1,1,2,0,0,0],[4,3,3,0,0,0],[4,2,4,0,0,0],[4,1,4,0,0,0],[4,0,4,0,0,0]],"i":{"b":["SOLID","DECOBG","DECO","FILLLIGHT","SOLID"],"p":[{"attr":[1],"clonedFrom":"60c3dd5c3452120f79187007"},{"attr":[1],"clonedFrom":"60cba671b8728524e4a3ffe2"},{"attr":[1,3],"clonedFrom":"60cba6c87267296f1b63fa3a"},{"rgb":"48,44,46","attr":[4,5]},{"attr":[1]}],"n":["deck","fence","fence","filling","invisible solid"],"dr":[0,0,0,0,0]}}