{"base":"INTERACT","creator":"52c092982525f47c4d000052","id":"545001ba420c8c834dc189b8","name":"bomb","prop":{"textSize":339,"thingRefs":[["53c84cc125d9d1116a72ca9b","explosion"],["544e8fab6592dfbf64f9527e","explosion dust"]],"checksNears":true,"textData":"reaches: boom! /explode /harms 1 /plays explosion /places audio-free 15s EXPLOSION DUST 0 -2, EXPLOSION DUST -1 -1, EXPLOSION DUST 0 -1, EXPLOSION DUST 1 -1, EXPLOSION DUST -2 0, EXPLOSION DUST -1 0, EXPLOSION DUST 0 0, EXPLOSION DUST 1 0, EXPLOSION DUST 2 0, EXPLOSION DUST -1 1, EXPLOSION DUST 0 1, EXPLOSION DUST 1 1, EXPLOSION DUST 0 2","attr":[5,1,6,13,10]}}