{"base":"CHANGER","creator":"5003d713a0b60c386b0000a1","id":"5501f5b6d916e9e642b23716","name":"burner","prop":{"textSize":1654,"attr":[1],"textData":"function change(creation) { \n    convertToFullColor(creation);\n    creation = burnHoles(creation);\n    return creation;\n}\n\nfunction burnHoles(creation) {\n    var width = creation.cells[0].length; \n    var height = creation.cells[0][0].length; \n    var maxColor = 255;\n\n    var padding = 4;\n   \n    for (var c = 0; c < creation.cells.length; c++) { \n        var cell = creation.cells[c];\n        var maxHoles = getRandomInt(3, 5);\n        for (var holeI = 1; holeI <= maxHoles; holeI++) {\n            var x = getRandomInt(0 + padding, width - padding);\n            var y = getRandomInt(0 + padding, height - padding);\n            \n            for (var i = 1; i <= 30; i++) {\n                var rX = fuzzy(x, 2);\n                var rY = fuzzy(y, 2);\n                var pixel = cell[rX][rY];\n                \n                if (cell[rX][rY].alpha > 0) {\n                \n                    cell[rX][rY] = {\n                            red: pixel.red * .9,\n                            green: pixel.green * .8,\n                            blue: pixel.blue * .8,\n                            alpha: pixel.alpha};\n                            \n                    cell[rX][rY] = colorToLimit(cell[rX][rY]);\n                    \n                }\n                \n            }\n\n        }\n    } \n    return creation;\n}\n\nfunction colorToLimit(color) {\n    return {\n            red: toLimit(color.red, 0, 255),\n            green: toLimit(color.green, 0, 255),\n            blue: toLimit(color.blue, 0, 255),\n            alpha: toLimit(color.alpha, 0, 1)\n            }\n}\n\nfunction fuzzy(value, amount) {\n    return getRandomInt(value - amount, value + amount);\n}\n"}}