{"base":"CHANGER","creator":"524389354b5ac3d87c000047","id":"55107bd5dbe55653295c40c1","name":"sharp shrinker machine","prop":{"textSize":1615,"attr":[1],"textData":"function change(creation) { \n    creation = shrink(creation);\n    creation.name = prefixName(creation, 'shrunk');\n    return creation;\n}\n\nfunction shrink(creation) {\n    var shrunk = cloneObject(creation);\n    shrunk = clearCells(shrunk);\n    var cellCount = creation.cells.length; \n    var width = creation.cells[0].length; \n    var height = creation.cells[0][0].length; \n    var shrinkScale = .75; \n    for (var cell = 0; cell < cellCount; cell++) { \n        for (var x = 0; x < width; x++) { \n            for (var y = 0; y < height; y++) { \n                var source = creation.cells[cell][x][y];\n                var shrunkX = Math.floor(x * shrinkScale +  width * (1 - shrinkScale) / 2);\n                var shrunkY = Math.floor(y * shrinkScale + height * (1 - shrinkScale) / 2);\n                shrunk.cells[cell][shrunkX][shrunkY] = source;\n            } \n        } \n    } \n    creation\n    return shrunk;\n}\n\n \nfunction prefixName(creation, prefix) { \n    var name = creation.name; \n    if ( name.indexOf(prefix) === -1 && \n            (prefix + ' ' + name).length <= creation.info.nameMaxLength ) { \n        name = prefix + ' ' + name; \n    } \n    return name; \n} \n\nfunction clearCells(creation) {\n    var cellCount = creation.cells.length; \n    var width = creation.cells[0].length; \n    var height = creation.cells[0][0].length; \n    for (var cell = 0; cell < cellCount; cell++) { \n        for (var x = 0; x < width; x++) { \n            for (var y = 0; y < height; y++) { \n                creation.cells[cell][x][y] = creation.info.transparentIndex;\n            } \n        } \n    } \n    return creation;\n}","clonedFrom":"55018c6bfe6750b40b58aa6f"}}