{"base":"CHANGER","creator":"56b64aea02cce37a0fb9de20","id":"571bd512f68af22f13041c6a","name":"palette cleaner","prop":{"textSize":995,"textData":"function change(creation) { \n    return Clean(creation); \n}\n\nfunction Clean(creation) {\n    var colorIsUsed = [];\n    for (var i = 0; i < creation.colors.length; i++) { \n        if (colorIsUsed[i] === undefined) {\n            colorIsUsed[i] = getColorIsUsed(creation, i);\n        }\n        if (colorIsUsed[i] === false) {\n            creation.colors[i].red = 255;\n            creation.colors[i].green = 255;\n            creation.colors[i].blue = 255;\n        }\n    } \n    return creation;\n}\n\nfunction getColorIsUsed(creation, colorIndex) {\n    var isUsed = false;\n    \n    var cells = creation.cells;   \n    var width = cells[0].length;    \n    var height = cells[0][0].length;  \n    \n    for (var cell = 0; cell < cells.length && !isUsed; cell++) {    \n        for (var x = 0; x < width && !isUsed; x++) {    \n            for (var y = 0; y < height && !isUsed; y++) {    \n                isUsed = creation.cells[cell][x][y] == colorIndex;\n            }\n        }\n    }\n    \n    return isUsed;\n}","clonedFrom":"55047152397687bd0ed8b616"}}