{"base":"DYNATHING","creator":"571fa8ea665e171c13dbbc9d","id":"59cf5855cb293d6c13ae3f2e","name":"elevator","prop":{"attr":[1],"text":"0S: cells show, cells rotate -45, cells up 6, cell 1 left 12, cell 2 left 12, cell 3 left 12, cell 4 left 12, cell 5 right 12, cell 6 right 12, cell 8 right 12, cell 7 right 12\n0S: cell 9 rotate 45, cell 9 down 6, cell 3 up 38, cell 2 up 76, cell 1 up 114, cell 8 up 114, cell 7 up 76, cell 6 up 38, cell 9 grab\n0-5S: cell 9 up 152\n5S: cell 9 ungrab\n5-10S: cell 9 down 152\n10S: restart\n\n","clonedFrom":"586eaff0881b6f421422dca5"}}