{"base":"CHANGER","creator":"524389354b5ac3d87c000047","id":"5b9bd207fded6205540071fa","name":"shrink","prop":{"textSize":951,"attr":[1],"textData":"function change(creation) { \n    creation = shrink(creation);\n    return creation;\n}\n\nfunction shrink(creation) {\n    var shrunk = cloneObject(creation);\n    var cellCount = creation.cells.length; \n    var width = creation.cells[0].length; \n    var height = creation.cells[0][0].length; \n    var shrinkScale = .5; \n    for(var cell in creation.cells){\n        clearCell(shrunk.cells[cell]);\n        for (var x = 0; x < width; x++) { \n            for (var y = 0; y < height; y++) { \n                var source = creation.cells[cell][x][y];\n                var shrunkX = Math.floor(x * shrinkScale);\n                var shrunkY = Math.floor(y * shrinkScale);\n                shrunk.cells[cell][shrunkX][shrunkY] = source;\n            } \n        } \n    }\n    return shrunk;\n}\n\nfunction clearCell(cell) {\n    for (var x = 0; x < cell.length; x++) { \n        for (var y = 0; y < cell[x].length; y++) { \n            cell[x][y] = 11;\n        } \n    }\n     \n}","clonedFrom":"55018c6bfe6750b40b58aa6f","changerId":"5aa74e2088ebc755135260a0"}}