{"base":"CHANGER","creator":"524389354b5ac3d87c000047","id":"5caa9644946e411ab3e21c5f","name":"rotate 10deg","prop":{"textSize":2107,"attr":[1],"textData":"function change(creation) {  \n    var activeCell = creation.cells[creation.info.selectedCell];\n    rotate(activeCell, {\n        centerx: activeCell.length >> 1,\n        centery: activeCell.length >> 1,\n        angle: 15\n    });\n    \n    return creation;\n}\n\nfunction rotate(cell, params){\n    var p, n, x, y, readX, readY, deltaX, deltaY, drawX, drawY;\n    var sourceDat;\n    var center = {\n        x : cell.length >> 1,\n        y : cell.length >> 1\n    };\n    var angle = -Math.PI / 6;\n    for(p in params){\n        switch(p){\n            case 'centerx':\n                center.x = params[p];\n                break;\n            case 'centery':\n                center.y = params[p];\n                break;\n            case 'radians':\n                angle = params[p];\n                break;\n            case 'angle':\n            case 'degrees':\n                angle = params[p] * Math.PI / 180;\n                break;\n        }\n    }\n    \n    // hrm - probably should've used cloneObject, but then I can't pass the single cell into this function:\n    sourceDat = [];\n    for(x = 0; x < cell.length; x++){\n        sourceDat[x] = [];\n        for(y = 0; y < cell.length; y++){\n            sourceDat[x][y] = cell[x][y];\n        }\n    }\n    \n    /* we use -angle because we'll use it\n    to rotate our reading points relative \n    to our drawing points. */    \n    var cosine = Math.cos(-angle);\n    var sine = Math.sin(-angle);\n    \n    for(drawX = 0; drawX < cell.length; drawX++){\n        for(drawY = 0; drawY < cell.length; drawY++){\n            deltaX = drawX - center.x;\n            deltaY = drawY - center.y;\n            readX = center.x + cosine * deltaX - sine * deltaY;\n            readY = center.y + sine * deltaX + cosine * deltaY;\n            readX = Math.round(readX);\n            readY = Math.round(readY);\n            if(\n              readX >= 0 && readX < cell.length &&\n              readY >= 0 && readY < cell.length\n            ){\n                cell[drawX][drawY] = sourceDat[readX][readY];\n            }else{\n                cell[drawX][drawY] = 11;\n            }\n\n        }    \n    }\n}\n","clonedFrom":"5502aa36ca9c40b251503509"}}