{"base":"DYNATHING","creator":"5e6891000e30541c4c75b62b","id":"5f7c5673dfa69a2a19a32ef3","name":"? dynamic","prop":{"attr":[2,4],"text":"0: cell 1 show, pivot 14 26\n0-0.1: cell 1 rotate 30\n0.1-0.2: cell 1 rotate 10\n0.2-0.3: cell 1 rotate 5\n0.4-0.5: cell 1 rotate -5\n0.5-0.6: cell 1 rotate -10\n0.6-0.7: cell 1 rotate -30\n0.7-0.8: cell 1 rotate -30\n0.8-0.9: cell 1 rotate -10\n0.9-1: cell 1 rotate -5\n1.1-1.2: cell 1 rotate 5\n1.2-1.3: cell 1 rotate 10\n1.3-1.4: cell 1 rotate 30\n1.4: restart"}}