{"base":"CHANGER","creator":"524389354b5ac3d87c000047","id":"61119f92d969852017253429","name":"palette scrubber","prop":{"textSize":4300,"attr":[1],"textData":"function change(creation) {\n    var colorList = []\n    var colorIndex = 0;\n    var indexList = [];\n    var finalColors = [];\n    var foundColor;\n    var n, x, y, c, red, green, blue, alpha\n\n    var cells = creation.cells;\n    var width = cells[0].length;\n    var height = cells[0][0].length;\n    var tolerance = 1;\n    \n    for(c = 0; c < cells.length; c++){\n        indexList[c] = [];\n        for(x = 0; x < width; x++) {\n            indexList[c][x] = [];\n            for(y = 0; y < height; y++) {\n                red = creation.colors[cells[c][x][y]].red;\n                green = creation.colors[cells[c][x][y]].green;\n                blue = creation.colors[cells[c][x][y]].blue;\n                alpha = Math.round(creation.colors[cells[c][x][y]].alpha * 100) / 100;\n                if(alpha == 0){\n                    foundColor = 1;\n                    indexList[c][x][y] = 11;\n                }else{\n                    foundColor = 0;\n                }\n                for(var roffset = -tolerance; roffset <= tolerance && !foundColor; roffset++){\n                    if(colorList[red + roffset] != undefined){\n                        for(var goffset = -tolerance; goffset <= tolerance && !foundColor; goffset++){\n                            if(colorList[red + roffset][green + goffset] != undefined){\n                                for(var boffset = -tolerance; boffset <= tolerance && !foundColor; boffset++){\n                                    if(colorList[red + roffset][green + goffset][blue + boffset] != undefined){\n                                        for(var aoffset = -tolerance / 20; aoffset <= tolerance / 20 && !foundColor; aoffset += tolerance / 20){\n                                            if(colorList[red + roffset][green + goffset][blue + boffset][alpha + aoffset] != undefined){\n                                                console.log('@@@@@@@@@:' + alpha + aoffset);\n                                                foundColor = 1;\n                                                indexList[c][x][y] = colorList[red + roffset][green + goffset][blue + boffset][alpha + aoffset];\n                                            }\n                                        }\n                                    }\n                                }\n                            }\n                        }\n                    }\n                }\n    \n                \n                if(!foundColor){\n                    console.log('creating new colour: ' + red + ':' + green + ':' + blue + ':' + alpha);\n                    indexList[c][x][y] = colorIndex;\n                    if(colorList[red] == undefined) colorList[red] = [];\n                    if(colorList[red][green] == undefined) colorList[red][green] = [];\n                    if(colorList[red][green][blue] == undefined) colorList[red][green][blue] = [];\n                    if(colorList[red][green][blue][alpha] == undefined) colorList[red][green][blue][alpha] = colorIndex;\n                    finalColors[colorIndex] = { 'red' : red, 'green' : green, 'blue' : blue, 'alpha' : alpha };\n                    //console.log('finalColors[' + colorIndex + '] = { ' + red + ' : red, ' + green + ' : green, ' + blue + ' : blue, ' + alpha + ' : alpha };');\n                    colorIndex++;\n                    if(colorIndex == 11) colorIndex++;\n                }\n            }\n        }\n    }\n    console.log('foo 1');\n    // rebuild the palette\n    for(n = 0; n < creation.colors.length; n++){\n        if(n == 11) continue;\n        creation.colors[n] = {\n            red : 255,\n            green : 255,\n            blue : 255,\n            alpha : 1\n        };\n    }\n    \n    console.log('foo 2');\n    for(n in finalColors){\n        creation.colors[n] = {\n            red : finalColors[n].red,\n            green : finalColors[n].green,\n            blue : finalColors[n].blue,\n            alpha : finalColors[n].alpha\n        };  \n    }\n    console.log('foo 3');\n    \n    // and write the new colour indices to the map\n    console.log(width + 'x' + height);\n    console.log('alpha');\n    for(c = 0; c < cells.length; c++){\n    for(x = 0; x < width; x++){\n        for(y = 0; y < height; y++){\n            cells[c][x][y] = indexList[c][x][y];\n        }\n    }\n    }\n\n    \n    creation.cells = cells;\n    return creation;\n}","clonedFrom":"55007504f87afd261db2c06a","changerId":"608c5793304b0e08134989f4"}}