{"base":"CHANGER","creator":"524389354b5ac3d87c000047","id":"61154e6fa14d99140e8fb4de","name":"shrink","prop":{"textSize":1007,"attr":[1],"textData":"function change(creation) { \n    creation = shrink(creation);\n    return creation;\n}\n\nfunction shrink(creation) {\n    var shrunk = cloneObject(creation);\n    var cellCount = creation.cells.length; \n    var width = creation.cells[0].length; \n    var height = creation.cells[0][0].length; \n    var shrinkScale = 19 / 29; \n    \n    for(var n = 0; n < creation.cells.length; n++){\n    \n    clearCell(shrunk.cells[n]);\n    for (var x = 0; x < width; x++) { \n        for (var y = 0; y < height; y++) { \n            var source = creation.cells[n][x][y];\n            var shrunkX = Math.floor(x * shrinkScale +  width * (1 - shrinkScale) / 2);\n            var shrunkY = Math.floor(y * shrinkScale + height * (1 - shrinkScale) / 2);\n            shrunk.cells[n][shrunkX][shrunkY] = source;\n        } \n    } \n    \n    }\n    return shrunk;\n}\n\nfunction clearCell(cell) {\n    for (var x = 0; x < cell.length; x++) { \n        for (var y = 0; y < cell[x].length; y++) { \n            cell[x][y] = 11;\n        } \n    }\n     \n}","clonedFrom":"55018c6bfe6750b40b58aa6f"}}