{"base":"INTERACT","creator":"5daa5d4307a2a305fbaba6ca","id":"62bf98fe4233100265e25486","name":"ring monitor int","prop":{"textSize":249,"attr":[1,6,2,3,8],"textData":"hears reset rings: they don't possess rings\n\nREACHES AND THEY MOVE LEFT: /THROWS 90 100\nREACHES AND THEY MOVE RIGHT: /THROWS 90 100\nREACHES AND THEY MOVE UP: /THROWS 90 100\n\nREACHES AND THEY MOVE DOWN: /+10 their rings /break /BUMPS ABSOLUTE 270 35\n","checksNears":true,"thingRefs":[["62bc67484233100265e2411b","rings"],["62bf978392a19d0263bc5bfb","break"]]}}