{"base":"INTERACT","creator":"626805727c73d90456f63e56","id":"63536c0a4c911b05a8d8319d","name":"honeybear","prop":{"textSize":352,"attr":[8,1,2],"textData":"what would u like?\n\ni like bears \n\nam i a bear or a honey thingie?\n\nour fwood here is yummy \n\nhears hi or hello: nice to meet u :] \n\nhears ew or what: fuck u \n\nhears eye or the eye: oh yeah.. /waits 1.40 ..our maintenance te1m is f8xing th1t! /waits 1.40  n9 !n33d to w944y! ab97t 5ha5 \n\ngets cocoa:  **help me i'm being poss- /waits 2.0  i'm g99d!!!11"}}