{"base":"CHANGER","creator":"575c68a9d0540b111304f229","id":"63f1bf9c65dbea05a14d5c25","name":"photodouble","prop":{"textSize":76835,"attr":[1],"textData":"function change(creation) {\n    return draw(creation);\n}\n\nfunction draw(creation){\n    convertToFullColor(creation);\n\n    var cells = creation.cells;\n    var width = cells[0].length;\n    var height = cells[0][0].length;\n    var x, y;        \n    \n    if(cells.length != 9){\n        creation.feedback = \"Requires a 3x3 grid of cells.\";\n        return creation;\n    }\n\n    for(var n = 0; n < 9; n++){\n        var cellx = n % 3;\n        var celly = Math.floor(n / 3);\n        for (var x = 0; x < width; x++) {\n            for (var y = 0; y < height; y++) {\n                cells[n][x][y] = colour(\n                    x, y, cellx, celly\n                );\n            }\n        }\n    }\n\n\n    return creation;\n}\n\nfunction colour(x, y, cellx, celly){\n    var colourtext = getdata(x + cellx * 29, y + celly * 29);\n    var result = /^#?([a-f\\d]{2})([a-f\\d]{2})([a-f\\d]{2})$/i.exec(colourtext);\n    return result ? {\n        red: parseInt(result[1], 16),\n        green: parseInt(result[2], 16),\n        blue: parseInt(result[3], 16),\n        alpha: 1\n    } : null;   \n}\n\nfunction getdata(x, y){\n    var rval = [\n    \"#4d7aa3\",\"#4d7aa3\",\"#4d7aa3\",\"#4d7aa3\",\"#4b80b0\",\"#4b80b0\",\"#4b80b0\",\"#4b80b0\",\"#4b80b0\",\"#4b80b0\",\"#4b80b0\",\"#4b80b0\",\"#4b80b0\",\"#4b80b0\",\"#4b80b0\",\"#4b80b0\",\"#4b80b0\",\"#4b80b0\",\"#4b80b0\",\"#4b80b0\",\"#5689b8\",\"#4a88bd\",\"#4a88bd\",\"#4a88bd\",\"#4a88bd\",\"#4a88bd\",\"#4a88bd\",\"#4a88bd\",\"#4a88bd\",\"#4a88bd\",\"#4a88bd\",\"#4a88bd\",\"#4a88bd\",\"#4a88bd\",\"#4a88bd\",\"#4a88bd\",\"#4a88bd\",\"#4a88bd\",\"#4a88bd\",\"#4a88bd\",\"#4a88bd\",\"#4a88bd\",\"#4a88bd\",\"#4a88bd\",\"#4a88bd\",\"#4a88bd\",\"#4a88bd\",\"#4a88bd\",\"#4a88bd\",\"#4a88bd\",\"#4a88bd\",\"#4a88bd\",\"#4a88bd\",\"#4a88bd\",\"#4a88bd\",\"#4a88bd\",\"#4a88bd\",\"#4a88bd\",\"#4a88bd\",\"#4a88bd\",\"#4a88bd\",\"#4a88bd\",\"#4a88bd\",\"#4a88bd\",\"#4a88bd\",\"#4a88bd\",\"#5689b8\",\"#4b80b0\",\"#5689b8\",\"#4b80b0\",\"#4b80b0\",\"#4b80b0\",\"#5689b8\",\"#5689b8\",\"#4b80b0\",\"#4b80b0\",\"#4b80b0\",\"#4b80b0\",\"#4b80b0\",\"#4b80b0\",\"#4b80b0\",\"#4b80b0\",\"#4d7aa3\",\"#4d7aa3\",\"#4d7aa3\",\"#4d7aa3\",\"#4d7aa3\",\"#4d7aa3\",\"#4d7aa3\",\"#4d7aa3\",\"#4d7aa3\",\"#4b80b0\",\"#4b80b0\",\"#4b80b0\",\"#4b80b0\",\"#4b80b0\",\"#4b80b0\",\"#4b80b0\",\"#4b80b0\",\"#4b80b0\",\"#4b80b0\",\"#4b80b0\",\"#4b80b0\",\"#4b80b0\",\"#4b80b0\",\"#4b80b0\",\"#4b80b0\",\"#5689b8\",\"#4a88bd\",\"#4a88bd\",\"#4a88bd\",\"#4a88bd\",\"#4a88bd\",\"#4a88bd\",\"#4a88bd\",\"#4a88bd\",\"#4a88bd\",\"#4a88bd\",\"#4a88bd\",\"#4a88bd\",\"#4a88bd\",\"#4a88bd\",\"#4a88bd\",\"#4a88bd\",\"#4a88bd\",\"#4a88bd\",\"#4a88bd\",\"#4a88bd\",\"#4a88bd\",\"#4a88bd\",\"#4a88bd\",\"#4a88bd\",\"#4a88bd\",\"#4a88bd\",\"#4a88bd\",\"#4a88bd\",\"#4a88bd\",\"#4a88bd\",\"#4a88bd\",\"#4a88bd\",\"#4a88bd\",\"#4a88bd\",\"#4a88bd\",\"#4a88bd\",\"#4a88bd\",\"#4a88bd\",\"#4a88bd\",\"#4a88bd\",\"#4a88bd\",\"#4a88bd\",\"#4a88bd\",\"#4a88bd\",\"#4a88bd\",\"#5689b8\",\"#4b80b0\",\"#5689b8\",\"#4b80b0\",\"#4b80b0\",\"#4b80b0\",\"#5689b8\",\"#5689b8\",\"#4b80b0\",\"#4b80b0\",\"#4b80b0\",\"#4b80b0\",\"#4b80b0\",\"#4b80b0\",\"#4b80b0\",\"#4b80b0\",\"#4b80b0\",\"#4d7aa3\",\"#4d7aa3\",\"#4d7aa3\",\"#4d7aa3\",\"#4d7aa3\",\"#4d7aa3\",\"#4d7aa3\",\"#4d7aa3\",\"#4b80b0\",\"#4b80b0\",\"#4b80b0\",\"#4b80b0\",\"#4b80b0\",\"#4b80b0\",\"#4b80b0\",\"#4b80b0\",\"#4b80b0\",\"#4b80b0\",\"#4b80b0\",\"#4b80b0\",\"#4b80b0\",\"#4b80b0\",\"#4b80b0\",\"#4b80b0\",\"#5689b8\",\"#4a88bd\",\"#4a88bd\",\"#4a88bd\",\"#4a88bd\",\"#4a88bd\",\"#4a88bd\",\"#4a88bd\",\"#4a88bd\",\"#4a88bd\",\"#4a88bd\",\"#4a88bd\",\"#4a88bd\",\"#4a88bd\",\"#4a88bd\",\"#4a88bd\",\"#4a88bd\",\"#4a88bd\",\"#4a88bd\",\"#4a88bd\",\"#4a88bd\",\"#4a88bd\",\"#4a88bd\",\"#4a88bd\",\"#5689b8\",\"#5689b8\",\"#5689b8\",\"#4b80b0\",\"#4b80b0\",\"#4b80b0\",\"#4b80b0\",\"#4a88bd\",\"#5689b8\",\"#4a88bd\",\"#4a88bd\",\"#4a88bd\",\"#4a88bd\",\"#4a88bd\",\"#4a88bd\",\"#4a88bd\",\"#4a88bd\",\"#4a88bd\",\"#4a88bd\",\"#4a88bd\",\"#4a88bd\",\"#4a88bd\",\"#5689b8\",\"#4b80b0\",\"#5689b8\",\"#4b80b0\",\"#4b80b0\",\"#4b80b0\",\"#5689b8\",\"#5689b8\",\"#5689b8\",\"#4b80b0\",\"#4b80b0\",\"#4b80b0\",\"#4b80b0\",\"#4b80b0\",\"#4b80b0\",\"#4b80b0\",\"#4b80b0\",\"#4d7aa3\",\"#4d7aa3\",\"#4d7aa3\",\"#4d7aa3\",\"#4d7aa3\",\"#4d7aa3\",\"#4d7aa3\",\"#4d7aa3\",\"#4b80b0\",\"#4b80b0\",\"#4b80b0\",\"#4b80b0\",\"#4b80b0\",\"#4b80b0\",\"#4b80b0\",\"#5689b8\",\"#4b80b0\",\"#4b80b0\",\"#4b80b0\",\"#4b80b0\",\"#4b80b0\",\"#4b80b0\",\"#4b80b0\",\"#4b80b0\",\"#4a88bd\",\"#4a88bd\",\"#4a88bd\",\"#4a88bd\",\"#4a88bd\",\"#4a88bd\",\"#4a88bd\",\"#4a88bd\",\"#4a88bd\",\"#4a88bd\",\"#4a88bd\",\"#4a88bd\",\"#4a88bd\",\"#4a88bd\",\"#4a88bd\",\"#4a88bd\",\"#4a88bd\",\"#4a88bd\",\"#4a88bd\",\"#4a88bd\",\"#4a88bd\",\"#4a88bd\",\"#4b80b0\",\"#4d7aa3\",\"#586574\",\"#5c4a47\",\"#5c4a47\",\"#5c4a47\",\"#84615a\",\"#75605a\",\"#6e798e\",\"#6e798e\",\"#5689b8\",\"#4a88bd\",\"#4a88bd\",\"#4a88bd\",\"#4a88bd\",\"#4a88bd\",\"#4a88bd\",\"#4a88bd\",\"#4a88bd\",\"#4a88bd\",\"#4a88bd\",\"#4a88bd\",\"#4a88bd\",\"#4a88bd\",\"#5689b8\",\"#4b80b0\",\"#5689b8\",\"#4b80b0\",\"#4b80b0\",\"#4b80b0\",\"#5689b8\",\"#5689b8\",\"#5689b8\",\"#4b80b0\",\"#4b80b0\",\"#4b80b0\",\"#4b80b0\",\"#4b80b0\",\"#4b80b0\",\"#4b80b0\",\"#4b80b0\",\"#4d7aa3\",\"#4d7aa3\",\"#4d7aa3\",\"#4d7aa3\",\"#4d7aa3\",\"#4d7aa3\",\"#4d7aa3\",\"#4d7aa3\",\"#4b80b0\",\"#4b80b0\",\"#4b80b0\",\"#4b80b0\",\"#4b80b0\",\"#4b80b0\",\"#4b80b0\",\"#5689b8\",\"#5689b8\",\"#5689b8\",\"#5689b8\",\"#5689b8\",\"#4b80b0\",\"#4a88bd\",\"#4a88bd\",\"#4a88bd\",\"#4a88bd\",\"#4a88bd\",\"#4a88bd\",\"#4a88bd\",\"#4a88bd\",\"#4a88bd\",\"#4a88bd\",\"#4a88bd\",\"#4a88bd\",\"#4a88bd\",\"#4a88bd\",\"#4a88bd\",\"#4a88bd\",\"#4a88bd\",\"#4a88bd\",\"#4a88bd\",\"#4a88bd\",\"#4a88bd\",\"#4a88bd\",\"#4a88bd\",\"#4a88bd\",\"#4b80b0\",\"#424e57\",\"#674139\",\"#6c3d2d\",\"#7d4b39\",\"#8d5544\",\"#a9705e\",\"#a9705e\",\"#b97e6b\",\"#c58e7c\",\"#b69e97\",\"#8897b1\",\"#4b80b0\",\"#5689b8\",\"#4a88bd\",\"#4a88bd\",\"#4a88bd\",\"#4a88bd\",\"#4a88bd\",\"#4a88bd\",\"#4a88bd\",\"#4a88bd\",\"#4a88bd\",\"#4a88bd\",\"#4a88bd\",\"#5689b8\",\"#5689b8\",\"#5689b8\",\"#4b80b0\",\"#4b80b0\",\"#4b80b0\",\"#4b80b0\",\"#4b80b0\",\"#5689b8\",\"#4b80b0\",\"#4b80b0\",\"#4b80b0\",\"#4b80b0\",\"#4b80b0\",\"#4d7aa3\",\"#4b80b0\",\"#4d7aa3\",\"#4b80b0\",\"#4d7aa3\",\"#4d7aa3\",\"#4d7aa3\",\"#4d7aa3\",\"#4d7aa3\",\"#4d7aa3\",\"#4d7aa3\",\"#4b80b0\",\"#4b80b0\",\"#4b80b0\",\"#4b80b0\",\"#4b80b0\",\"#4b80b0\",\"#4b80b0\",\"#5689b8\",\"#5689b8\",\"#5689b8\",\"#5689b8\",\"#5689b8\",\"#4b80b0\",\"#4a88bd\",\"#4a88bd\",\"#4a88bd\",\"#4a88bd\",\"#4a88bd\",\"#4a88bd\",\"#4a88bd\",\"#4a88bd\",\"#4a88bd\",\"#4a88bd\",\"#4a88bd\",\"#4a88bd\",\"#4a88bd\",\"#4a88bd\",\"#4a88bd\",\"#4a88bd\",\"#4a88bd\",\"#4a88bd\",\"#4a88bd\",\"#4a88bd\",\"#4a88bd\",\"#4a88bd\",\"#4a88bd\",\"#4b80b0\",\"#424e57\",\"#674139\",\"#6c3d2d\",\"#7d4b39\",\"#9c6351\",\"#a9705e\",\"#b97e6b\",\"#c58e7c\",\"#c58e7c\",\"#c58e7c\",\"#d09c89\",\"#b69e97\",\"#b69e97\",\"#5689b8\",\"#4a88bd\",\"#4a88bd\",\"#4a88bd\",\"#4a88bd\",\"#4a88bd\",\"#4a88bd\",\"#4a88bd\",\"#4a88bd\",\"#4a88bd\",\"#4a88bd\",\"#4a88bd\",\"#5689b8\",\"#5689b8\",\"#5689b8\",\"#4b80b0\",\"#4b80b0\",\"#4b80b0\",\"#4b80b0\",\"#4b80b0\",\"#4b80b0\",\"#4b80b0\",\"#4b80b0\",\"#4b80b0\",\"#4b80b0\",\"#4b80b0\",\"#4d7aa3\",\"#4b80b0\",\"#4d7aa3\",\"#4b80b0\",\"#4d7aa3\",\"#4d7aa3\",\"#4d7aa3\",\"#4d7aa3\",\"#4d7aa3\",\"#4d7aa3\",\"#4d7aa3\",\"#4b80b0\",\"#4b80b0\",\"#4b80b0\",\"#4b80b0\",\"#4b80b0\",\"#4b80b0\",\"#4b80b0\",\"#5689b8\",\"#5689b8\",\"#5689b8\",\"#5689b8\",\"#5689b8\",\"#4b80b0\",\"#4a88bd\",\"#4a88bd\",\"#4a88bd\",\"#4a88bd\",\"#4a88bd\",\"#4a88bd\",\"#4a88bd\",\"#4a88bd\",\"#4a88bd\",\"#4a88bd\",\"#4a88bd\",\"#4a88bd\",\"#4a88bd\",\"#4a88bd\",\"#4a88bd\",\"#4a88bd\",\"#4a88bd\",\"#4a88bd\",\"#4a88bd\",\"#4a88bd\",\"#4a88bd\",\"#4a88bd\",\"#5689b8\",\"#586574\",\"#502e29\",\"#6c3d2d\",\"#7d4b39\",\"#9c6351\",\"#a9705e\",\"#b97e6b\",\"#b97e6b\",\"#c58e7c\",\"#c58e7c\",\"#d09c89\",\"#d09c89\",\"#d09c89\",\"#d09c89\",\"#8897b1\",\"#638ab3\",\"#4a88bd\",\"#4a88bd\",\"#4a88bd\",\"#4a88bd\",\"#4a88bd\",\"#4a88bd\",\"#4a88bd\",\"#4a88bd\",\"#4a88bd\",\"#4a88bd\",\"#5689b8\",\"#5689b8\",\"#5689b8\",\"#4b80b0\",\"#4b80b0\",\"#4b80b0\",\"#4b80b0\",\"#4b80b0\",\"#4b80b0\",\"#4b80b0\",\"#4b80b0\",\"#4b80b0\",\"#4b80b0\",\"#4b80b0\",\"#4b80b0\",\"#4b80b0\",\"#4d7aa3\",\"#4b80b0\",\"#4d7aa3\",\"#4d7aa3\",\"#4d7aa3\",\"#4d7aa3\",\"#4d7aa3\",\"#4d7aa3\",\"#4d7aa3\",\"#4b80b0\",\"#4b80b0\",\"#4b80b0\",\"#4b80b0\",\"#4b80b0\",\"#4b80b0\",\"#4b80b0\",\"#5689b8\",\"#5689b8\",\"#5689b8\",\"#5689b8\",\"#5689b8\",\"#4b80b0\",\"#4a88bd\",\"#4a88bd\",\"#4a88bd\",\"#4a88bd\",\"#4a88bd\",\"#4a88bd\",\"#4a88bd\",\"#4a88bd\",\"#4a88bd\",\"#4a88bd\",\"#4a88bd\",\"#4a88bd\",\"#4a88bd\",\"#4a88bd\",\"#4a88bd\",\"#4a88bd\",\"#4a88bd\",\"#4a88bd\",\"#4a88bd\",\"#4a88bd\",\"#4a88bd\",\"#4a88bd\",\"#4d7aa3\",\"#413738\",\"#6c3d2d\",\"#7d4b39\",\"#9c6351\",\"#a9705e\",\"#b97e6b\",\"#c58e7c\",\"#c58e7c\",\"#d09c89\",\"#d09c89\",\"#d09c89\",\"#dab19e\",\"#d09c89\",\"#d09c89\",\"#d7beb1\",\"#8897b1\",\"#5689b8\",\"#4a88bd\",\"#4a88bd\",\"#4a88bd\",\"#4a88bd\",\"#4a88bd\",\"#4a88bd\",\"#4a88bd\",\"#4a88bd\",\"#4a88bd\",\"#5689b8\",\"#5689b8\",\"#5689b8\",\"#4b80b0\",\"#4b80b0\",\"#4b80b0\",\"#4b80b0\",\"#4b80b0\",\"#4b80b0\",\"#4b80b0\",\"#4b80b0\",\"#4b80b0\",\"#4b80b0\",\"#4b80b0\",\"#4b80b0\",\"#4b80b0\",\"#4b80b0\",\"#4d7aa3\",\"#4d7aa3\",\"#4d7aa3\",\"#4d7aa3\",\"#4d7aa3\",\"#4d7aa3\",\"#4d7aa3\",\"#4d7aa3\",\"#4b80b0\",\"#4b80b0\",\"#4b80b0\",\"#4b80b0\",\"#4b80b0\",\"#4b80b0\",\"#4b80b0\",\"#5689b8\",\"#5689b8\",\"#5689b8\",\"#5689b8\",\"#5689b8\",\"#4b80b0\",\"#4a88bd\",\"#4a88bd\",\"#4a88bd\",\"#4a88bd\",\"#4a88bd\",\"#4a88bd\",\"#4a88bd\",\"#4a88bd\",\"#4a88bd\",\"#4a88bd\",\"#4a88bd\",\"#4a88bd\",\"#4a88bd\",\"#4a88bd\",\"#4a88bd\",\"#4a88bd\",\"#4a88bd\",\"#4a88bd\",\"#4a88bd\",\"#4a88bd\",\"#4a88bd\",\"#4a88bd\",\"#424e57\",\"#674139\",\"#7d4b39\",\"#8d5544\",\"#9c6351\",\"#b97e6b\",\"#b97e6b\",\"#c58e7c\",\"#d09c89\",\"#d09c89\",\"#d09c89\",\"#d09c89\",\"#dab19e\",\"#dab19e\",\"#dab19e\",\"#dab19e\",\"#c7c3c2\",\"#638ab3\",\"#5689b8\",\"#4a88bd\",\"#5689b8\",\"#4a88bd\",\"#4a88bd\",\"#4a88bd\",\"#4a88bd\",\"#5689b8\",\"#4a88bd\",\"#4a88bd\",\"#5689b8\",\"#4a88bd\",\"#4b80b0\",\"#4b80b0\",\"#4b80b0\",\"#4b80b0\",\"#4a88bd\",\"#4a88bd\",\"#4b80b0\",\"#4b80b0\",\"#4b80b0\",\"#4b80b0\",\"#4b80b0\",\"#4d7aa3\",\"#4b80b0\",\"#4b80b0\",\"#4d7aa3\",\"#4d7aa3\",\"#4d7aa3\",\"#4d7aa3\",\"#4d7aa3\",\"#4d7aa3\",\"#4d7aa3\",\"#4d7aa3\",\"#4b80b0\",\"#4b80b0\",\"#4b80b0\",\"#4b80b0\",\"#4b80b0\",\"#4b80b0\",\"#4b80b0\",\"#5689b8\",\"#5689b8\",\"#5689b8\",\"#5689b8\",\"#5689b8\",\"#4b80b0\",\"#4a88bd\",\"#4a88bd\",\"#4a88bd\",\"#4a88bd\",\"#4a88bd\",\"#4a88bd\",\"#4a88bd\",\"#4a88bd\",\"#4a88bd\",\"#4a88bd\",\"#4a88bd\",\"#4a88bd\",\"#4a88bd\",\"#4a88bd\",\"#4a88bd\",\"#4a88bd\",\"#4a88bd\",\"#4a88bd\",\"#4a88bd\",\"#4a88bd\",\"#4a88bd\",\"#4d7aa3\",\"#413738\",\"#674139\",\"#8d5544\",\"#9c6351\",\"#a9705e\",\"#b97e6b\",\"#c58e7c\",\"#c58e7c\",\"#d09c89\",\"#d09c89\",\"#d09c89\",\"#dab19e\",\"#dab19e\",\"#dab19e\",\"#dab19e\",\"#eacebf\",\"#e3d6cd\",\"#aab1bf\",\"#5689b8\",\"#4a88bd\",\"#5689b8\",\"#4a88bd\",\"#4a88bd\",\"#4a88bd\",\"#4a88bd\",\"#5689b8\",\"#4a88bd\",\"#4a88bd\",\"#4a88bd\",\"#4a88bd\",\"#4b80b0\",\"#4b80b0\",\"#4b80b0\",\"#4b80b0\",\"#4a88bd\",\"#4a88bd\",\"#4b80b0\",\"#4b80b0\",\"#4b80b0\",\"#4b80b0\",\"#4b80b0\",\"#4d7aa3\",\"#4b80b0\",\"#4b80b0\",\"#4d7aa3\",\"#4d7aa3\",\"#4d7aa3\",\"#4d7aa3\",\"#4d7aa3\",\"#4d7aa3\",\"#4d7aa3\",\"#4d7aa3\",\"#4b80b0\",\"#4b80b0\",\"#4b80b0\",\"#4b80b0\",\"#4b80b0\",\"#4b80b0\",\"#4b80b0\",\"#5689b8\",\"#5689b8\",\"#4b80b0\",\"#4b80b0\",\"#4b80b0\",\"#4b80b0\",\"#4a88bd\",\"#4a88bd\",\"#4a88bd\",\"#4a88bd\",\"#4a88bd\",\"#4a88bd\",\"#4a88bd\",\"#4a88bd\",\"#4a88bd\",\"#4a88bd\",\"#4a88bd\",\"#4a88bd\",\"#4a88bd\",\"#4a88bd\",\"#4a88bd\",\"#4a88bd\",\"#4a88bd\",\"#4a88bd\",\"#4a88bd\",\"#4a88bd\",\"#4a88bd\",\"#586574\",\"#463129\",\"#674139\",\"#8d5544\",\"#a9705e\",\"#b97e6b\",\"#b97e6b\",\"#c58e7c\",\"#d09c89\",\"#d09c89\",\"#d09c89\",\"#dab19e\",\"#dab19e\",\"#dab19e\",\"#dab19e\",\"#eacebf\",\"#eacebf\",\"#e3d6cd\",\"#c7c3c2\",\"#638ab3\",\"#4a88bd\",\"#5689b8\",\"#4a88bd\",\"#4a88bd\",\"#4a88bd\",\"#4a88bd\",\"#5689b8\",\"#4a88bd\",\"#4a88bd\",\"#4a88bd\",\"#4a88bd\",\"#4a88bd\",\"#4b80b0\",\"#4a88bd\",\"#4a88bd\",\"#4a88bd\",\"#4a88bd\",\"#5689b8\",\"#4b80b0\",\"#4b80b0\",\"#4b80b0\",\"#4b80b0\",\"#4d7aa3\",\"#4b80b0\",\"#4b80b0\",\"#4d7aa3\",\"#4d7aa3\",\"#4d7aa3\",\"#4d7aa3\",\"#4d7aa3\",\"#4d7aa3\",\"#4d7aa3\",\"#4d7aa3\",\"#4b80b0\",\"#4b80b0\",\"#4b80b0\",\"#4b80b0\",\"#4b80b0\",\"#4b80b0\",\"#4b80b0\",\"#5689b8\",\"#5689b8\",\"#5689b8\",\"#4b80b0\",\"#4b80b0\",\"#4b80b0\",\"#4a88bd\",\"#4a88bd\",\"#4a88bd\",\"#4a88bd\",\"#4a88bd\",\"#4a88bd\",\"#4a88bd\",\"#4a88bd\",\"#4a88bd\",\"#4a88bd\",\"#4a88bd\",\"#4a88bd\",\"#4a88bd\",\"#4a88bd\",\"#4a88bd\",\"#4a88bd\",\"#4a88bd\",\"#4a88bd\",\"#4a88bd\",\"#4a88bd\",\"#4b80b0\",\"#353c45\",\"#332018\",\"#674139\",\"#875948\",\"#a9705e\",\"#b97e6b\",\"#b97e6b\",\"#c58e7c\",\"#d09c89\",\"#d09c89\",\"#d09c89\",\"#dab19e\",\"#dab19e\",\"#dab19e\",\"#dab19e\",\"#eacebf\",\"#e3d6cd\",\"#ecdeca\",\"#e3d6cd\",\"#638ab3\",\"#4a88bd\",\"#4a88bd\",\"#4a88bd\",\"#4a88bd\",\"#4a88bd\",\"#4a88bd\",\"#5689b8\",\"#4a88bd\",\"#4a88bd\",\"#4a88bd\",\"#4a88bd\",\"#4a88bd\",\"#5689b8\",\"#4a88bd\",\"#5689b8\",\"#5689b8\",\"#5689b8\",\"#5689b8\",\"#4b80b0\",\"#4b80b0\",\"#4b80b0\",\"#4b80b0\",\"#4b80b0\",\"#4b80b0\",\"#4b80b0\",\"#4b80b0\",\"#4d7aa3\",\"#4d7aa3\",\"#4d7aa3\",\"#4d7aa3\",\"#4d7aa3\",\"#4d7aa3\",\"#4d7aa3\",\"#4b80b0\",\"#4b80b0\",\"#4b80b0\",\"#4b80b0\",\"#4b80b0\",\"#4b80b0\",\"#4b80b0\",\"#5689b8\",\"#5689b8\",\"#5689b8\",\"#5689b8\",\"#4b80b0\",\"#4b80b0\",\"#4a88bd\",\"#4a88bd\",\"#4a88bd\",\"#4a88bd\",\"#4a88bd\",\"#4a88bd\",\"#4a88bd\",\"#4a88bd\",\"#4a88bd\",\"#4a88bd\",\"#4a88bd\",\"#4a88bd\",\"#4a88bd\",\"#4a88bd\",\"#4a88bd\",\"#4a88bd\",\"#4a88bd\",\"#4a88bd\",\"#4a88bd\",\"#5689b8\",\"#4d7aa3\",\"#2a2020\",\"#2a2020\",\"#502e29\",\"#754e44\",\"#9c6351\",\"#b97e6b\",\"#b97e6b\",\"#c58e7c\",\"#d09c89\",\"#d09c89\",\"#d09c89\",\"#d09c89\",\"#d09c89\",\"#dab19e\",\"#dab19e\",\"#eacebf\",\"#eacebf\",\"#e3d6cd\",\"#e3d6cd\",\"#8897b1\",\"#4a88bd\",\"#4a88bd\",\"#4a88bd\",\"#4a88bd\",\"#4a88bd\",\"#4a88bd\",\"#5689b8\",\"#4a88bd\",\"#4a88bd\",\"#4a88bd\",\"#4a88bd\",\"#4a88bd\",\"#5689b8\",\"#4a88bd\",\"#5689b8\",\"#5689b8\",\"#5689b8\",\"#5689b8\",\"#4b80b0\",\"#4b80b0\",\"#4b80b0\",\"#4b80b0\",\"#4b80b0\",\"#4b80b0\",\"#4b80b0\",\"#4b80b0\",\"#4d7aa3\",\"#4d7aa3\",\"#4d7aa3\",\"#4d7aa3\",\"#4d7aa3\",\"#4d7aa3\",\"#4d7aa3\",\"#4b80b0\",\"#4b80b0\",\"#4b80b0\",\"#4b80b0\",\"#4b80b0\",\"#4b80b0\",\"#4b80b0\",\"#5689b8\",\"#5689b8\",\"#5689b8\",\"#5689b8\",\"#4b80b0\",\"#4b80b0\",\"#4a88bd\",\"#4a88bd\",\"#4a88bd\",\"#4a88bd\",\"#4a88bd\",\"#4a88bd\",\"#4a88bd\",\"#4a88bd\",\"#4a88bd\",\"#4a88bd\",\"#4a88bd\",\"#4a88bd\",\"#4a88bd\",\"#4a88bd\",\"#4a88bd\",\"#4a88bd\",\"#4a88bd\",\"#4a88bd\",\"#5689b8\",\"#586574\",\"#353c45\",\"#332018\",\"#2a2020\",\"#2a2020\",\"#3a1d18\",\"#754e44\",\"#a9705e\",\"#b97e6b\",\"#c58e7c\",\"#d09c89\",\"#d09c89\",\"#d09c89\",\"#d09c89\",\"#a87d6d\",\"#c39c89\",\"#dab19e\",\"#d7beb1\",\"#d7beb1\",\"#e3d6cd\",\"#e3d6cd\",\"#8897b1\",\"#5689b8\",\"#5689b8\",\"#5689b8\",\"#4a88bd\",\"#4a88bd\",\"#5689b8\",\"#5689b8\",\"#4a88bd\",\"#4a88bd\",\"#4a88bd\",\"#4a88bd\",\"#4a88bd\",\"#4a88bd\",\"#4a88bd\",\"#5689b8\",\"#5689b8\",\"#5689b8\",\"#5689b8\",\"#4b80b0\",\"#4b80b0\",\"#4b80b0\",\"#4b80b0\",\"#4b80b0\",\"#4b80b0\",\"#4b80b0\",\"#4b80b0\",\"#4d7aa3\",\"#4d7aa3\",\"#4d7aa3\",\"#4d7aa3\",\"#4d7aa3\",\"#4d7aa3\",\"#4d7aa3\",\"#4b80b0\",\"#4b80b0\",\"#4b80b0\",\"#4b80b0\",\"#4b80b0\",\"#4b80b0\",\"#4b80b0\",\"#5689b8\",\"#5689b8\",\"#5689b8\",\"#5689b8\",\"#4b80b0\",\"#4b80b0\",\"#4a88bd\",\"#4a88bd\",\"#4a88bd\",\"#4a88bd\",\"#4a88bd\",\"#4a88bd\",\"#4a88bd\",\"#4a88bd\",\"#4a88bd\",\"#4a88bd\",\"#4a88bd\",\"#4a88bd\",\"#4a88bd\",\"#4a88bd\",\"#4a88bd\",\"#4a88bd\",\"#4a88bd\",\"#4a88bd\",\"#4b80b0\",\"#353c45\",\"#502e29\",\"#463129\",\"#2a2020\",\"#2a2020\",\"#332018\",\"#332018\",\"#3a1d18\",\"#502e29\",\"#463129\",\"#84615a\",\"#a87d6d\",\"#c39c89\",\"#dab19e\",\"#dab19e\",\"#dab19e\",\"#d7beb1\",\"#d7beb1\",\"#e3d6cd\",\"#eacebf\",\"#e3d6cd\",\"#8897b1\",\"#638ab3\",\"#5689b8\",\"#5689b8\",\"#5689b8\",\"#5689b8\",\"#5689b8\",\"#4a88bd\",\"#5689b8\",\"#5689b8\",\"#5689b8\",\"#5689b8\",\"#5689b8\",\"#4a88bd\",\"#4a88bd\",\"#5689b8\",\"#5689b8\",\"#5689b8\",\"#5689b8\",\"#4b80b0\",\"#4b80b0\",\"#4b80b0\",\"#4b80b0\",\"#4b80b0\",\"#4b80b0\",\"#4b80b0\",\"#4b80b0\",\"#4d7aa3\",\"#4d7aa3\",\"#4d7aa3\",\"#4d7aa3\",\"#4d7aa3\",\"#4d7aa3\",\"#4d7aa3\",\"#4b80b0\",\"#4b80b0\",\"#4b80b0\",\"#4b80b0\",\"#4b80b0\",\"#4b80b0\",\"#4b80b0\",\"#5689b8\",\"#5689b8\",\"#5689b8\",\"#5689b8\",\"#4b80b0\",\"#4b80b0\",\"#4a88bd\",\"#4a88bd\",\"#4a88bd\",\"#4a88bd\",\"#4a88bd\",\"#4a88bd\",\"#4a88bd\",\"#4a88bd\",\"#4a88bd\",\"#4a88bd\",\"#4a88bd\",\"#4a88bd\",\"#4a88bd\",\"#4a88bd\",\"#4a88bd\",\"#4a88bd\",\"#4a88bd\",\"#4a88bd\",\"#4d7aa3\",\"#413738\",\"#4f291d\",\"#3a1d18\",\"#332018\",\"#332018\",\"#332018\",\"#332018\",\"#2a2020\",\"#2a2020\",\"#413738\",\"#463129\",\"#463129\",\"#5c4a47\",\"#9b7f78\",\"#b69e97\",\"#d7beb1\",\"#eacebf\",\"#e3d6cd\",\"#e3d6cd\",\"#e3d6cd\",\"#e3d6cd\",\"#9aa7c1\",\"#638ab3\",\"#5689b8\",\"#5689b8\",\"#5689b8\",\"#5689b8\",\"#5689b8\",\"#5689b8\",\"#5689b8\",\"#5689b8\",\"#5689b8\",\"#5689b8\",\"#5689b8\",\"#5689b8\",\"#5689b8\",\"#5689b8\",\"#5689b8\",\"#5689b8\",\"#5689b8\",\"#4b80b0\",\"#4b80b0\",\"#4b80b0\",\"#4b80b0\",\"#4d7aa3\",\"#4b80b0\",\"#4d7aa3\",\"#4b80b0\",\"#4d7aa3\",\"#4d7aa3\",\"#4d7aa3\",\"#4d7aa3\",\"#4d7aa3\",\"#4d7aa3\",\"#4d7aa3\",\"#4b80b0\",\"#4b80b0\",\"#4b80b0\",\"#4b80b0\",\"#4b80b0\",\"#4b80b0\",\"#4b80b0\",\"#5689b8\",\"#5689b8\",\"#5689b8\",\"#5689b8\",\"#4b80b0\",\"#4b80b0\",\"#4b80b0\",\"#4a88bd\",\"#4b80b0\",\"#4a88bd\",\"#4a88bd\",\"#4a88bd\",\"#4a88bd\",\"#4a88bd\",\"#4a88bd\",\"#4a88bd\",\"#4a88bd\",\"#4a88bd\",\"#4a88bd\",\"#4a88bd\",\"#4a88bd\",\"#4a88bd\",\"#4a88bd\",\"#4a88bd\",\"#4d7aa3\",\"#413738\",\"#4f291d\",\"#462218\",\"#3e2315\",\"#332018\",\"#332018\",\"#332018\",\"#332018\",\"#332018\",\"#332018\",\"#3e2315\",\"#463129\",\"#5c4a47\",\"#75605a\",\"#75605a\",\"#75605a\",\"#9b7f78\",\"#b69e97\",\"#d7beb1\",\"#e3d6cd\",\"#e3d6cd\",\"#9aa7c1\",\"#638ab3\",\"#5689b8\",\"#5689b8\",\"#5689b8\",\"#5689b8\",\"#5689b8\",\"#5689b8\",\"#5689b8\",\"#5689b8\",\"#5689b8\",\"#5689b8\",\"#5689b8\",\"#5689b8\",\"#5689b8\",\"#5689b8\",\"#5689b8\",\"#5689b8\",\"#5689b8\",\"#5689b8\",\"#4b80b0\",\"#4d7aa3\",\"#4d7aa3\",\"#4d7aa3\",\"#4d7aa3\",\"#4d7aa3\",\"#4d7aa3\",\"#4d7aa3\",\"#4d7aa3\",\"#4d7aa3\",\"#4d7aa3\",\"#4d7aa3\",\"#4d7aa3\",\"#4d7aa3\",\"#4b80b0\",\"#4b80b0\",\"#4b80b0\",\"#4b80b0\",\"#4b80b0\",\"#4b80b0\",\"#4b80b0\",\"#5689b8\",\"#5689b8\",\"#5689b8\",\"#5689b8\",\"#4b80b0\",\"#4b80b0\",\"#4a88bd\",\"#4a88bd\",\"#4b80b0\",\"#4a88bd\",\"#4a88bd\",\"#4a88bd\",\"#4a88bd\",\"#4a88bd\",\"#4a88bd\",\"#4a88bd\",\"#4a88bd\",\"#4a88bd\",\"#4a88bd\",\"#4a88bd\",\"#4a88bd\",\"#4a88bd\",\"#4a88bd\",\"#4a88bd\",\"#4d7aa3\",\"#413738\",\"#4f291d\",\"#3e2315\",\"#3e2315\",\"#502e29\",\"#332018\",\"#332018\",\"#463129\",\"#332018\",\"#3e2315\",\"#3e2315\",\"#3e2315\",\"#463129\",\"#5c4a47\",\"#75605a\",\"#75605a\",\"#75605a\",\"#75605a\",\"#463129\",\"#463129\",\"#75605a\",\"#6e798e\",\"#638ab3\",\"#5689b8\",\"#5689b8\",\"#5689b8\",\"#5689b8\",\"#5689b8\",\"#5689b8\",\"#5689b8\",\"#5689b8\",\"#5689b8\",\"#5689b8\",\"#5689b8\",\"#5689b8\",\"#5689b8\",\"#5689b8\",\"#5689b8\",\"#5689b8\",\"#5689b8\",\"#5689b8\",\"#5689b8\",\"#5689b8\",\"#4d7aa3\",\"#4d7aa3\",\"#4d7aa3\",\"#4d7aa3\",\"#4d7aa3\",\"#4d7aa3\",\"#4b80b0\",\"#4d7aa3\",\"#4d7aa3\",\"#4d7aa3\",\"#4d7aa3\",\"#4d7aa3\",\"#4b80b0\",\"#4b80b0\",\"#4b80b0\",\"#4b80b0\",\"#4b80b0\",\"#4b80b0\",\"#4b80b0\",\"#5689b8\",\"#5689b8\",\"#5689b8\",\"#5689b8\",\"#4b80b0\",\"#4b80b0\",\"#4a88bd\",\"#4a88bd\",\"#4a88bd\",\"#4a88bd\",\"#4a88bd\",\"#4a88bd\",\"#4a88bd\",\"#4a88bd\",\"#4a88bd\",\"#4a88bd\",\"#4a88bd\",\"#4a88bd\",\"#4a88bd\",\"#4a88bd\",\"#4a88bd\",\"#4a88bd\",\"#4a88bd\",\"#4a88bd\",\"#4d7aa3\",\"#2a2020\",\"#4f291d\",\"#462218\",\"#4f291d\",\"#502e29\",\"#3a1d18\",\"#2a2020\",\"#332018\",\"#3e2315\",\"#3e2315\",\"#3e2315\",\"#3e2315\",\"#332018\",\"#5c4a47\",\"#75605a\",\"#75605a\",\"#5c4a47\",\"#463129\",\"#332018\",\"#463129\",\"#413738\",\"#586574\",\"#638ab3\",\"#7494bf\",\"#5689b8\",\"#5689b8\",\"#7494bf\",\"#5689b8\",\"#5689b8\",\"#5689b8\",\"#5689b8\",\"#5689b8\",\"#5689b8\",\"#5689b8\",\"#5689b8\",\"#5689b8\",\"#5689b8\",\"#5689b8\",\"#5689b8\",\"#5689b8\",\"#5689b8\",\"#5689b8\",\"#5689b8\",\"#4d7aa3\",\"#4d7aa3\",\"#4d7aa3\",\"#4d7aa3\",\"#4d7aa3\",\"#4d7aa3\",\"#4d7aa3\",\"#638ab3\",\"#4d7aa3\",\"#4d7aa3\",\"#4d7aa3\",\"#4d7aa3\",\"#4b80b0\",\"#4b80b0\",\"#4b80b0\",\"#4b80b0\",\"#4b80b0\",\"#4b80b0\",\"#4b80b0\",\"#5689b8\",\"#5689b8\",\"#5689b8\",\"#5689b8\",\"#5689b8\",\"#4b80b0\",\"#4a88bd\",\"#4a88bd\",\"#4a88bd\",\"#4a88bd\",\"#4a88bd\",\"#4a88bd\",\"#4a88bd\",\"#4a88bd\",\"#4a88bd\",\"#4a88bd\",\"#4a88bd\",\"#4a88bd\",\"#4a88bd\",\"#4a88bd\",\"#4a88bd\",\"#4a88bd\",\"#4a88bd\",\"#4a88bd\",\"#4d7aa3\",\"#2a2020\",\"#3e2315\",\"#3e2315\",\"#4f291d\",\"#4f291d\",\"#502e29\",\"#2a2020\",\"#332018\",\"#3e2315\",\"#3e2315\",\"#532a18\",\"#3e2315\",\"#332018\",\"#5c4a47\",\"#5c4a47\",\"#75605a\",\"#413738\",\"#2a2020\",\"#463129\",\"#463129\",\"#332018\",\"#353c45\",\"#638ab3\",\"#638ab3\",\"#7494bf\",\"#5689b8\",\"#7494bf\",\"#7494bf\",\"#5689b8\",\"#5689b8\",\"#5689b8\",\"#5689b8\",\"#5689b8\",\"#5689b8\",\"#5689b8\",\"#5689b8\",\"#5689b8\",\"#5689b8\",\"#5689b8\",\"#5689b8\",\"#5689b8\",\"#638ab3\",\"#5689b8\",\"#4d7aa3\",\"#4d7aa3\",\"#4d7aa3\",\"#4d7aa3\",\"#638ab3\",\"#638ab3\",\"#638ab3\",\"#638ab3\",\"#4d7aa3\",\"#4d7aa3\",\"#4d7aa3\",\"#4d7aa3\",\"#4b80b0\",\"#4b80b0\",\"#4b80b0\",\"#4b80b0\",\"#4b80b0\",\"#4b80b0\",\"#4b80b0\",\"#5689b8\",\"#5689b8\",\"#5689b8\",\"#5689b8\",\"#5689b8\",\"#4b80b0\",\"#4a88bd\",\"#4a88bd\",\"#4a88bd\",\"#4a88bd\",\"#4a88bd\",\"#4a88bd\",\"#4a88bd\",\"#4a88bd\",\"#4a88bd\",\"#4a88bd\",\"#4a88bd\",\"#4a88bd\",\"#4a88bd\",\"#4a88bd\",\"#4a88bd\",\"#4a88bd\",\"#4a88bd\",\"#4a88bd\",\"#586574\",\"#463129\",\"#3e2315\",\"#3e2315\",\"#4f291d\",\"#4f291d\",\"#4f291d\",\"#332018\",\"#463129\",\"#332018\",\"#3e2315\",\"#3e2315\",\"#3e2315\",\"#463129\",\"#463129\",\"#674139\",\"#5c4a47\",\"#2a2020\",\"#413738\",\"#463129\",\"#3e2315\",\"#3e2315\",\"#413738\",\"#6e798e\",\"#638ab3\",\"#7494bf\",\"#638ab3\",\"#638ab3\",\"#638ab3\",\"#638ab3\",\"#638ab3\",\"#5689b8\",\"#5689b8\",\"#5689b8\",\"#5689b8\",\"#5689b8\",\"#5689b8\",\"#5689b8\",\"#638ab3\",\"#638ab3\",\"#5689b8\",\"#5689b8\",\"#5689b8\",\"#638ab3\",\"#638ab3\",\"#638ab3\",\"#638ab3\",\"#638ab3\",\"#638ab3\",\"#638ab3\",\"#8897b1\",\"#8897b1\",\"#4d7aa3\",\"#4d7aa3\",\"#4d7aa3\",\"#4d7aa3\",\"#4b80b0\",\"#4b80b0\",\"#4b80b0\",\"#4b80b0\",\"#4b80b0\",\"#4b80b0\",\"#5689b8\",\"#5689b8\",\"#5689b8\",\"#5689b8\",\"#5689b8\",\"#5689b8\",\"#4b80b0\",\"#4a88bd\",\"#4a88bd\",\"#4a88bd\",\"#4a88bd\",\"#4a88bd\",\"#4a88bd\",\"#4a88bd\",\"#4a88bd\",\"#4a88bd\",\"#4a88bd\",\"#4a88bd\",\"#4a88bd\",\"#4a88bd\",\"#4a88bd\",\"#4a88bd\",\"#4a88bd\",\"#4a88bd\",\"#638ab3\",\"#413738\",\"#4f291d\",\"#332018\",\"#3e2315\",\"#4f291d\",\"#4f291d\",\"#4f291d\",\"#593526\",\"#502e29\",\"#3e2315\",\"#332018\",\"#332018\",\"#463129\",\"#674139\",\"#593526\",\"#a87d6d\",\"#9b7f78\",\"#2a2020\",\"#5c4a47\",\"#3e2315\",\"#3e2315\",\"#3e2315\",\"#2a2020\",\"#6e798e\",\"#638ab3\",\"#7494bf\",\"#638ab3\",\"#638ab3\",\"#638ab3\",\"#638ab3\",\"#5689b8\",\"#5689b8\",\"#5689b8\",\"#5689b8\",\"#5689b8\",\"#5689b8\",\"#5689b8\",\"#5689b8\",\"#638ab3\",\"#5689b8\",\"#5689b8\",\"#5689b8\",\"#5689b8\",\"#638ab3\",\"#638ab3\",\"#638ab3\",\"#638ab3\",\"#638ab3\",\"#849bbe\",\"#8897b1\",\"#8897b1\",\"#8897b1\",\"#4d7aa3\",\"#4d7aa3\",\"#4d7aa3\",\"#4d7aa3\",\"#4b80b0\",\"#4b80b0\",\"#4b80b0\",\"#4b80b0\",\"#4b80b0\",\"#4b80b0\",\"#4b80b0\",\"#5689b8\",\"#5689b8\",\"#4b80b0\",\"#4b80b0\",\"#4b80b0\",\"#4b80b0\",\"#4a88bd\",\"#4a88bd\",\"#4a88bd\",\"#4a88bd\",\"#4a88bd\",\"#4a88bd\",\"#4a88bd\",\"#4a88bd\",\"#4a88bd\",\"#4a88bd\",\"#4a88bd\",\"#4a88bd\",\"#4a88bd\",\"#4a88bd\",\"#4a88bd\",\"#4a88bd\",\"#5689b8\",\"#6e798e\",\"#502e29\",\"#4f291d\",\"#332018\",\"#3e2315\",\"#4f291d\",\"#4f291d\",\"#4f291d\",\"#593526\",\"#754e44\",\"#502e29\",\"#463129\",\"#463129\",\"#463129\",\"#502e29\",\"#593526\",\"#c58e7c\",\"#b69e97\",\"#413738\",\"#5c4a47\",\"#3e2315\",\"#3e2315\",\"#3e2315\",\"#413738\",\"#6e798e\",\"#638ab3\",\"#7494bf\",\"#638ab3\",\"#638ab3\",\"#638ab3\",\"#638ab3\",\"#638ab3\",\"#5689b8\",\"#5689b8\",\"#5689b8\",\"#5689b8\",\"#5689b8\",\"#5689b8\",\"#5689b8\",\"#638ab3\",\"#638ab3\",\"#5689b8\",\"#5689b8\",\"#5689b8\",\"#638ab3\",\"#638ab3\",\"#638ab3\",\"#8897b1\",\"#8897b1\",\"#8897b1\",\"#9aa7c1\",\"#9aa7c1\",\"#aab1bf\",\"#4d7aa3\",\"#4d7aa3\",\"#4d7aa3\",\"#4d7aa3\",\"#4b80b0\",\"#4b80b0\",\"#4b80b0\",\"#4b80b0\",\"#4b80b0\",\"#4b80b0\",\"#4b80b0\",\"#5689b8\",\"#5689b8\",\"#4b80b0\",\"#5689b8\",\"#5689b8\",\"#5689b8\",\"#5689b8\",\"#5689b8\",\"#5689b8\",\"#4a88bd\",\"#4a88bd\",\"#4a88bd\",\"#4a88bd\",\"#4a88bd\",\"#4a88bd\",\"#4a88bd\",\"#4a88bd\",\"#4a88bd\",\"#4a88bd\",\"#4a88bd\",\"#4a88bd\",\"#4a88bd\",\"#638ab3\",\"#424e57\",\"#593526\",\"#3e2315\",\"#332018\",\"#3e2315\",\"#4f291d\",\"#4f291d\",\"#603325\",\"#6c3d2d\",\"#875948\",\"#956655\",\"#875948\",\"#674139\",\"#603325\",\"#674139\",\"#6c3d2d\",\"#d09c89\",\"#b69e97\",\"#2a2020\",\"#5c4a47\",\"#3a1d18\",\"#3e2315\",\"#332018\",\"#424e57\",\"#638ab3\",\"#7494bf\",\"#7494bf\",\"#7494bf\",\"#638ab3\",\"#7494bf\",\"#7494bf\",\"#638ab3\",\"#7494bf\",\"#7494bf\",\"#638ab3\",\"#5689b8\",\"#638ab3\",\"#638ab3\",\"#638ab3\",\"#638ab3\",\"#638ab3\",\"#638ab3\",\"#638ab3\",\"#638ab3\",\"#638ab3\",\"#638ab3\",\"#849bbe\",\"#8897b1\",\"#9aa7c1\",\"#9aa7c1\",\"#aab1bf\",\"#aab1bf\",\"#b9becb\",\"#4d7aa3\",\"#4d7aa3\",\"#4d7aa3\",\"#4d7aa3\",\"#4b80b0\",\"#4b80b0\",\"#4b80b0\",\"#4b80b0\",\"#4b80b0\",\"#4b80b0\",\"#4b80b0\",\"#5689b8\",\"#5689b8\",\"#4b80b0\",\"#4b80b0\",\"#5689b8\",\"#5689b8\",\"#5689b8\",\"#5689b8\",\"#5689b8\",\"#5689b8\",\"#4a88bd\",\"#4a88bd\",\"#4a88bd\",\"#4a88bd\",\"#4a88bd\",\"#4a88bd\",\"#4a88bd\",\"#4a88bd\",\"#4a88bd\",\"#4a88bd\",\"#4a88bd\",\"#4a88bd\",\"#4d7aa3\",\"#413738\",\"#4f291d\",\"#3e2315\",\"#332018\",\"#3e2315\",\"#4f291d\",\"#4f291d\",\"#603325\",\"#754e44\",\"#956655\",\"#956655\",\"#8d5544\",\"#6c3d2d\",\"#6c3d2d\",\"#7d4b39\",\"#875948\",\"#dab19e\",\"#d7beb1\",\"#5c4a47\",\"#463129\",\"#463129\",\"#332018\",\"#413738\",\"#6e798e\",\"#7494bf\",\"#7494bf\",\"#7494bf\",\"#7494bf\",\"#7494bf\",\"#7494bf\",\"#7494bf\",\"#638ab3\",\"#7494bf\",\"#7494bf\",\"#638ab3\",\"#638ab3\",\"#638ab3\",\"#638ab3\",\"#638ab3\",\"#638ab3\",\"#638ab3\",\"#638ab3\",\"#638ab3\",\"#638ab3\",\"#7494bf\",\"#8897b1\",\"#8897b1\",\"#9aa7c1\",\"#aab1bf\",\"#b9becb\",\"#c7c3c2\",\"#b9becb\",\"#b9becb\",\"#4d7aa3\",\"#4d7aa3\",\"#4d7aa3\",\"#4d7aa3\",\"#4b80b0\",\"#4b80b0\",\"#4b80b0\",\"#4b80b0\",\"#4b80b0\",\"#4b80b0\",\"#4b80b0\",\"#5689b8\",\"#5689b8\",\"#4b80b0\",\"#4b80b0\",\"#5689b8\",\"#5689b8\",\"#5689b8\",\"#5689b8\",\"#5689b8\",\"#5689b8\",\"#4a88bd\",\"#4a88bd\",\"#4a88bd\",\"#4a88bd\",\"#4a88bd\",\"#4a88bd\",\"#4a88bd\",\"#4a88bd\",\"#4a88bd\",\"#4a88bd\",\"#4a88bd\",\"#638ab3\",\"#586574\",\"#502e29\",\"#4f291d\",\"#3e2315\",\"#332018\",\"#3e2315\",\"#4f291d\",\"#4f291d\",\"#593526\",\"#7d4b39\",\"#875948\",\"#7d4b39\",\"#6c3d2d\",\"#6c3d2d\",\"#6c3d2d\",\"#6c3d2d\",\"#a9705e\",\"#dab19e\",\"#d7beb1\",\"#b69e97\",\"#9b7f78\",\"#75605a\",\"#75605a\",\"#586574\",\"#849bbe\",\"#7494bf\",\"#7494bf\",\"#7494bf\",\"#7494bf\",\"#7494bf\",\"#7494bf\",\"#7494bf\",\"#7494bf\",\"#638ab3\",\"#5689b8\",\"#7494bf\",\"#7494bf\",\"#638ab3\",\"#638ab3\",\"#638ab3\",\"#638ab3\",\"#638ab3\",\"#638ab3\",\"#7494bf\",\"#7494bf\",\"#849bbe\",\"#8897b1\",\"#9aa7c1\",\"#aab1bf\",\"#b9becb\",\"#c7c3c2\",\"#c7c3c2\",\"#c7c3c2\",\"#c7c3c2\",\"#4d7aa3\",\"#4d7aa3\",\"#4d7aa3\",\"#4d7aa3\",\"#4b80b0\",\"#4b80b0\",\"#4b80b0\",\"#4b80b0\",\"#4b80b0\",\"#4b80b0\",\"#4b80b0\",\"#5689b8\",\"#5689b8\",\"#4b80b0\",\"#4b80b0\",\"#5689b8\",\"#5689b8\",\"#5689b8\",\"#5689b8\",\"#5689b8\",\"#4a88bd\",\"#4a88bd\",\"#4a88bd\",\"#4a88bd\",\"#4a88bd\",\"#4a88bd\",\"#4a88bd\",\"#4a88bd\",\"#4a88bd\",\"#4a88bd\",\"#5689b8\",\"#638ab3\",\"#586574\",\"#463129\",\"#603325\",\"#502e29\",\"#3a1d18\",\"#332018\",\"#3e2315\",\"#3e2315\",\"#4f291d\",\"#593526\",\"#593526\",\"#674139\",\"#674139\",\"#674139\",\"#674139\",\"#674139\",\"#674139\",\"#956655\",\"#dab19e\",\"#dab19e\",\"#c58e7c\",\"#dab19e\",\"#d7beb1\",\"#b69e97\",\"#6e798e\",\"#7494bf\",\"#7494bf\",\"#7494bf\",\"#7494bf\",\"#7494bf\",\"#7494bf\",\"#7494bf\",\"#7494bf\",\"#7494bf\",\"#7494bf\",\"#7494bf\",\"#7494bf\",\"#7494bf\",\"#638ab3\",\"#638ab3\",\"#638ab3\",\"#7494bf\",\"#7494bf\",\"#7494bf\",\"#7494bf\",\"#849bbe\",\"#8897b1\",\"#9aa7c1\",\"#aab1bf\",\"#c7c3c2\",\"#c7c3c2\",\"#c7c3c2\",\"#c7c3c2\",\"#e3d6cd\",\"#e3d6cd\",\"#4d7aa3\",\"#4d7aa3\",\"#4d7aa3\",\"#4d7aa3\",\"#4b80b0\",\"#4b80b0\",\"#4b80b0\",\"#4d7aa3\",\"#4d7aa3\",\"#5689b8\",\"#5689b8\",\"#5689b8\",\"#5689b8\",\"#5689b8\",\"#5689b8\",\"#5689b8\",\"#5689b8\",\"#5689b8\",\"#4b80b0\",\"#4b80b0\",\"#4a88bd\",\"#4a88bd\",\"#4a88bd\",\"#5689b8\",\"#4a88bd\",\"#4a88bd\",\"#5689b8\",\"#5689b8\",\"#5689b8\",\"#5689b8\",\"#638ab3\",\"#586574\",\"#2a2020\",\"#502e29\",\"#603325\",\"#4f291d\",\"#3a1d18\",\"#3a1d18\",\"#3a1d18\",\"#3a1d18\",\"#502e29\",\"#463129\",\"#4f291d\",\"#593526\",\"#674139\",\"#754e44\",\"#754e44\",\"#754e44\",\"#754e44\",\"#674139\",\"#875948\",\"#956655\",\"#a87d6d\",\"#c39c89\",\"#dab19e\",\"#9b7f78\",\"#8897b1\",\"#9aa7c1\",\"#849bbe\",\"#7494bf\",\"#7494bf\",\"#7494bf\",\"#7494bf\",\"#7494bf\",\"#7494bf\",\"#7494bf\",\"#7494bf\",\"#7494bf\",\"#7494bf\",\"#7494bf\",\"#638ab3\",\"#7494bf\",\"#7494bf\",\"#7494bf\",\"#7494bf\",\"#849bbe\",\"#849bbe\",\"#9aa7c1\",\"#9aa7c1\",\"#aab1bf\",\"#c7c3c2\",\"#c7c3c2\",\"#e3d6cd\",\"#e3d6cd\",\"#e3d6cd\",\"#e3d6cd\",\"#e3d6cd\",\"#4d7aa3\",\"#4d7aa3\",\"#4d7aa3\",\"#4d7aa3\",\"#4b80b0\",\"#4b80b0\",\"#638ab3\",\"#638ab3\",\"#4d7aa3\",\"#5689b8\",\"#5689b8\",\"#5689b8\",\"#5689b8\",\"#5689b8\",\"#5689b8\",\"#5689b8\",\"#5689b8\",\"#5689b8\",\"#4b80b0\",\"#5689b8\",\"#4a88bd\",\"#4a88bd\",\"#5689b8\",\"#5689b8\",\"#638ab3\",\"#638ab3\",\"#7494bf\",\"#849bbe\",\"#9aa7c1\",\"#6e798e\",\"#424e57\",\"#2a2020\",\"#3a1d18\",\"#4f291d\",\"#603325\",\"#4f291d\",\"#3a1d18\",\"#3a1d18\",\"#3a1d18\",\"#3a1d18\",\"#3a1d18\",\"#463129\",\"#593526\",\"#674139\",\"#603325\",\"#6c3d2d\",\"#7d4b39\",\"#875948\",\"#956655\",\"#875948\",\"#956655\",\"#a87d6d\",\"#a87d6d\",\"#a87d6d\",\"#a87d6d\",\"#8897b1\",\"#9aa7c1\",\"#aab1bf\",\"#9aa7c1\",\"#9aa7c1\",\"#849bbe\",\"#849bbe\",\"#849bbe\",\"#7494bf\",\"#7494bf\",\"#7494bf\",\"#7494bf\",\"#7494bf\",\"#7494bf\",\"#7494bf\",\"#7494bf\",\"#7494bf\",\"#7494bf\",\"#7494bf\",\"#849bbe\",\"#8897b1\",\"#9aa7c1\",\"#9aa7c1\",\"#aab1bf\",\"#c7c3c2\",\"#c7c3c2\",\"#e3d6cd\",\"#e3d6cd\",\"#e3d6cd\",\"#e3d6cd\",\"#ecdeca\",\"#e3d6cd\",\"#4d7aa3\",\"#4d7aa3\",\"#4d7aa3\",\"#4d7aa3\",\"#4b80b0\",\"#849bbe\",\"#aab1bf\",\"#9aa7c1\",\"#638ab3\",\"#4b80b0\",\"#4b80b0\",\"#4b80b0\",\"#5689b8\",\"#5689b8\",\"#5689b8\",\"#5689b8\",\"#5689b8\",\"#5689b8\",\"#5689b8\",\"#5689b8\",\"#638ab3\",\"#849bbe\",\"#aab1bf\",\"#b9becb\",\"#c7c3c2\",\"#c7c3c2\",\"#c7c3c2\",\"#c7c3c2\",\"#75605a\",\"#502e29\",\"#502e29\",\"#3e2315\",\"#4f291d\",\"#4f291d\",\"#603325\",\"#4f291d\",\"#3a1d18\",\"#3a1d18\",\"#3a1d18\",\"#3a1d18\",\"#332018\",\"#463129\",\"#674139\",\"#875948\",\"#8d5544\",\"#7d4b39\",\"#7d4b39\",\"#875948\",\"#875948\",\"#875948\",\"#956655\",\"#a87d6d\",\"#a87d6d\",\"#a87d6d\",\"#a87d6d\",\"#8897b1\",\"#9aa7c1\",\"#aab1bf\",\"#b9becb\",\"#b9becb\",\"#9aa7c1\",\"#aab1bf\",\"#9aa7c1\",\"#849bbe\",\"#7494bf\",\"#7494bf\",\"#7494bf\",\"#7494bf\",\"#7494bf\",\"#7494bf\",\"#7494bf\",\"#7494bf\",\"#849bbe\",\"#8897b1\",\"#8897b1\",\"#9aa7c1\",\"#aab1bf\",\"#aab1bf\",\"#c7c3c2\",\"#c7c3c2\",\"#e3d6cd\",\"#e3d6cd\",\"#ecdeca\",\"#ecdeca\",\"#ecdeca\",\"#ecdeca\",\"#e3d6cd\",\"#4d7aa3\",\"#4d7aa3\",\"#4d7aa3\",\"#4d7aa3\",\"#4d7aa3\",\"#aab1bf\",\"#e3d6cd\",\"#c7c3c2\",\"#8897b1\",\"#638ab3\",\"#5689b8\",\"#5689b8\",\"#5689b8\",\"#5689b8\",\"#5689b8\",\"#5689b8\",\"#5689b8\",\"#5689b8\",\"#5689b8\",\"#638ab3\",\"#9aa7c1\",\"#b9becb\",\"#e3d6cd\",\"#e3d6cd\",\"#e3d6cd\",\"#e3d6cd\",\"#9b7f78\",\"#413738\",\"#3e2315\",\"#3e2315\",\"#4f291d\",\"#4f291d\",\"#4f291d\",\"#603325\",\"#4f291d\",\"#4f291d\",\"#502e29\",\"#3a1d18\",\"#3a1d18\",\"#3a1d18\",\"#332018\",\"#463129\",\"#674139\",\"#8d5544\",\"#8d5544\",\"#8d5544\",\"#a9705e\",\"#a9705e\",\"#a87d6d\",\"#b97e6b\",\"#a9705e\",\"#a87d6d\",\"#a9705e\",\"#a87d6d\",\"#a87d6d\",\"#8897b1\",\"#849bbe\",\"#9aa7c1\",\"#9aa7c1\",\"#aab1bf\",\"#b9becb\",\"#b9becb\",\"#b9becb\",\"#9aa7c1\",\"#7494bf\",\"#7494bf\",\"#7494bf\",\"#7494bf\",\"#7494bf\",\"#7494bf\",\"#849bbe\",\"#849bbe\",\"#849bbe\",\"#9aa7c1\",\"#9aa7c1\",\"#aab1bf\",\"#aab1bf\",\"#b9becb\",\"#c7c3c2\",\"#e3d6cd\",\"#e3d6cd\",\"#ecdeca\",\"#ecdeca\",\"#ecdeca\",\"#ecdeca\",\"#ecdeca\",\"#e3d6cd\",\"#4d7aa3\",\"#4d7aa3\",\"#4d7aa3\",\"#4d7aa3\",\"#4d7aa3\",\"#9aa7c1\",\"#c7c3c2\",\"#e3d6cd\",\"#b9becb\",\"#849bbe\",\"#638ab3\",\"#638ab3\",\"#5689b8\",\"#5689b8\",\"#5689b8\",\"#5689b8\",\"#638ab3\",\"#5689b8\",\"#5689b8\",\"#849bbe\",\"#b9becb\",\"#e3d6cd\",\"#e3d6cd\",\"#e3d6cd\",\"#c7c3c2\",\"#4d5150\",\"#2a2020\",\"#2a2020\",\"#2a2020\",\"#3a1d18\",\"#4f291d\",\"#4f291d\",\"#4f291d\",\"#4f291d\",\"#4f291d\",\"#4f291d\",\"#462218\",\"#3e2315\",\"#332018\",\"#332018\",\"#332018\",\"#332018\",\"#674139\",\"#875948\",\"#875948\",\"#875948\",\"#9c6351\",\"#b97e6b\",\"#d09c89\",\"#dab19e\",\"#eacebf\",\"#dab19e\",\"#c58e7c\",\"#a87d6d\",\"#b69e97\",\"#8897b1\",\"#849bbe\",\"#8897b1\",\"#8897b1\",\"#8897b1\",\"#9aa7c1\",\"#9aa7c1\",\"#9aa7c1\",\"#9aa7c1\",\"#849bbe\",\"#849bbe\",\"#849bbe\",\"#849bbe\",\"#849bbe\",\"#849bbe\",\"#849bbe\",\"#849bbe\",\"#9aa7c1\",\"#9aa7c1\",\"#aab1bf\",\"#aab1bf\",\"#c7c3c2\",\"#c7c3c2\",\"#c7c3c2\",\"#e3d6cd\",\"#e3d6cd\",\"#e3d6cd\",\"#ecdeca\",\"#ecdeca\",\"#ecdeca\",\"#ecdeca\",\"#e3d6cd\",\"#4d7aa3\",\"#4d7aa3\",\"#4d7aa3\",\"#4d7aa3\",\"#4d7aa3\",\"#8897b1\",\"#c7c3c2\",\"#e3d6cd\",\"#e3d6cd\",\"#aab1bf\",\"#638ab3\",\"#638ab3\",\"#638ab3\",\"#638ab3\",\"#5689b8\",\"#5689b8\",\"#5689b8\",\"#638ab3\",\"#849bbe\",\"#aab1bf\",\"#c7c3c2\",\"#cebaba\",\"#c7c3c2\",\"#b69e97\",\"#5c4a47\",\"#2a2020\",\"#2a2020\",\"#2a2020\",\"#2a2020\",\"#2a2020\",\"#332018\",\"#3e2315\",\"#4f291d\",\"#4f291d\",\"#4f291d\",\"#4f291d\",\"#4f291d\",\"#3e2315\",\"#332018\",\"#332018\",\"#332018\",\"#3a1d18\",\"#502e29\",\"#754e44\",\"#875948\",\"#875948\",\"#7d4b39\",\"#7d4b39\",\"#875948\",\"#a87d6d\",\"#c39c89\",\"#c39c89\",\"#c58e7c\",\"#a87d6d\",\"#c39c89\",\"#6e798e\",\"#8897b1\",\"#849bbe\",\"#849bbe\",\"#849bbe\",\"#849bbe\",\"#849bbe\",\"#849bbe\",\"#849bbe\",\"#849bbe\",\"#849bbe\",\"#849bbe\",\"#849bbe\",\"#849bbe\",\"#849bbe\",\"#9aa7c1\",\"#849bbe\",\"#9aa7c1\",\"#aab1bf\",\"#aab1bf\",\"#b9becb\",\"#c7c3c2\",\"#e3d6cd\",\"#e3d6cd\",\"#e3d6cd\",\"#e3d6cd\",\"#e3d6cd\",\"#ecdeca\",\"#ecdeca\",\"#ecdeca\",\"#ecdeca\",\"#ecdeca\",\"#4d7aa3\",\"#4b80b0\",\"#4d7aa3\",\"#4d7aa3\",\"#4d7aa3\",\"#638ab3\",\"#c7c3c2\",\"#e3d6cd\",\"#e3d6cd\",\"#c7c3c2\",\"#8897b1\",\"#638ab3\",\"#638ab3\",\"#638ab3\",\"#638ab3\",\"#5689b8\",\"#5689b8\",\"#7494bf\",\"#9aa7c1\",\"#b9becb\",\"#b9becb\",\"#cebaba\",\"#b69e97\",\"#463129\",\"#3e2315\",\"#332018\",\"#332018\",\"#2a2020\",\"#2a2020\",\"#353c45\",\"#413738\",\"#502e29\",\"#4f291d\",\"#4f291d\",\"#4f291d\",\"#4f291d\",\"#4f291d\",\"#462218\",\"#3a1d18\",\"#3a1d18\",\"#3a1d18\",\"#3a1d18\",\"#502e29\",\"#674139\",\"#754e44\",\"#754e44\",\"#956655\",\"#956655\",\"#956655\",\"#875948\",\"#84615a\",\"#a87d6d\",\"#c58e7c\",\"#a87d6d\",\"#c39c89\",\"#413738\",\"#6e798e\",\"#8897b1\",\"#8897b1\",\"#849bbe\",\"#849bbe\",\"#849bbe\",\"#849bbe\",\"#849bbe\",\"#849bbe\",\"#849bbe\",\"#849bbe\",\"#8897b1\",\"#849bbe\",\"#9aa7c1\",\"#9aa7c1\",\"#9aa7c1\",\"#9aa7c1\",\"#aab1bf\",\"#b9becb\",\"#b9becb\",\"#c7c3c2\",\"#e3d6cd\",\"#e3d6cd\",\"#e3d6cd\",\"#e3d6cd\",\"#e3d6cd\",\"#ecdeca\",\"#ecdeca\",\"#ecdeca\",\"#ecdeca\",\"#ecdeca\",\"#4d7aa3\",\"#4d7aa3\",\"#4d7aa3\",\"#4d7aa3\",\"#638ab3\",\"#9aa7c1\",\"#e3d6cd\",\"#e3d6cd\",\"#e3d6cd\",\"#e3d6cd\",\"#b9becb\",\"#9aa7c1\",\"#8897b1\",\"#849bbe\",\"#638ab3\",\"#638ab3\",\"#5689b8\",\"#7494bf\",\"#9aa7c1\",\"#9aa7c1\",\"#aab1bf\",\"#9b7f78\",\"#463129\",\"#593526\",\"#4f291d\",\"#4f291d\",\"#3a1d18\",\"#332018\",\"#2a2020\",\"#353c45\",\"#353c45\",\"#5c4a47\",\"#754e44\",\"#603325\",\"#4f291d\",\"#462218\",\"#462218\",\"#462218\",\"#462218\",\"#3a1d18\",\"#3a1d18\",\"#3a1d18\",\"#502e29\",\"#674139\",\"#754e44\",\"#875948\",\"#84615a\",\"#956655\",\"#a87d6d\",\"#9b7f78\",\"#a87d6d\",\"#a87d6d\",\"#a87d6d\",\"#a87d6d\",\"#c39c89\",\"#75605a\",\"#75605a\",\"#aab1bf\",\"#8897b1\",\"#8897b1\",\"#849bbe\",\"#849bbe\",\"#849bbe\",\"#849bbe\",\"#849bbe\",\"#849bbe\",\"#9aa7c1\",\"#9aa7c1\",\"#9aa7c1\",\"#9aa7c1\",\"#9aa7c1\",\"#9aa7c1\",\"#aab1bf\",\"#b9becb\",\"#b9becb\",\"#c7c3c2\",\"#e3d6cd\",\"#e3d6cd\",\"#e3d6cd\",\"#e3d6cd\",\"#e3d6cd\",\"#e3d6cd\",\"#ecdeca\",\"#ecdeca\",\"#ecdeca\",\"#ecdeca\",\"#e3d6cd\",\"#4d7aa3\",\"#4d7aa3\",\"#638ab3\",\"#638ab3\",\"#8897b1\",\"#c7c3c2\",\"#e3d6cd\",\"#e3d6cd\",\"#e3d6cd\",\"#e3d6cd\",\"#e3d6cd\",\"#e3d6cd\",\"#b9becb\",\"#b9becb\",\"#849bbe\",\"#638ab3\",\"#5689b8\",\"#5689b8\",\"#638ab3\",\"#638ab3\",\"#6e798e\",\"#413738\",\"#593526\",\"#4f291d\",\"#4f291d\",\"#4f291d\",\"#4f291d\",\"#502e29\",\"#463129\",\"#353c45\",\"#353c45\",\"#424e57\",\"#5c4a47\",\"#754e44\",\"#603325\",\"#462218\",\"#462218\",\"#462218\",\"#462218\",\"#462218\",\"#3a1d18\",\"#3a1d18\",\"#3a1d18\",\"#502e29\",\"#754e44\",\"#754e44\",\"#84615a\",\"#956655\",\"#956655\",\"#a87d6d\",\"#a87d6d\",\"#a87d6d\",\"#a87d6d\",\"#c58e7c\",\"#c39c89\",\"#c39c89\",\"#5c4a47\",\"#b69e97\",\"#c7c3c2\",\"#8897b1\",\"#849bbe\",\"#849bbe\",\"#849bbe\",\"#849bbe\",\"#849bbe\",\"#849bbe\",\"#849bbe\",\"#9aa7c1\",\"#9aa7c1\",\"#aab1bf\",\"#aab1bf\",\"#b9becb\",\"#b9becb\",\"#c7c3c2\",\"#c7c3c2\",\"#e3d6cd\",\"#e3d6cd\",\"#e3d6cd\",\"#e3d6cd\",\"#ecdeca\",\"#ecdeca\",\"#ecdeca\",\"#ecdeca\",\"#ecdeca\",\"#ecdeca\",\"#ecdeca\",\"#e3d6cd\",\"#4d7aa3\",\"#4d7aa3\",\"#638ab3\",\"#8897b1\",\"#b9becb\",\"#e3d6cd\",\"#e3d6cd\",\"#e3d6cd\",\"#e3d6cd\",\"#e3d6cd\",\"#e3d6cd\",\"#e3d6cd\",\"#c7c3c2\",\"#b9becb\",\"#8897b1\",\"#638ab3\",\"#5689b8\",\"#638ab3\",\"#5689b8\",\"#638ab3\",\"#4d5150\",\"#502e29\",\"#502e29\",\"#4f291d\",\"#4f291d\",\"#4f291d\",\"#603325\",\"#593526\",\"#754e44\",\"#413738\",\"#353c45\",\"#424e57\",\"#4d5150\",\"#75605a\",\"#754e44\",\"#532a18\",\"#4f291d\",\"#462218\",\"#462218\",\"#462218\",\"#462218\",\"#3a1d18\",\"#3a1d18\",\"#3e2315\",\"#593526\",\"#754e44\",\"#84615a\",\"#84615a\",\"#956655\",\"#956655\",\"#a87d6d\",\"#956655\",\"#a87d6d\",\"#d09c89\",\"#c39c89\",\"#c39c89\",\"#9b7f78\",\"#4d5150\",\"#c7c3c2\",\"#c7c3c2\",\"#8897b1\",\"#849bbe\",\"#849bbe\",\"#849bbe\",\"#849bbe\",\"#849bbe\",\"#9aa7c1\",\"#9aa7c1\",\"#9aa7c1\",\"#aab1bf\",\"#b9becb\",\"#b9becb\",\"#c7c3c2\",\"#c7c3c2\",\"#e3d6cd\",\"#e3d6cd\",\"#e3d6cd\",\"#e3d6cd\",\"#e3d6cd\",\"#ecdeca\",\"#ecdeca\",\"#ecdeca\",\"#ecdeca\",\"#ecdeca\",\"#ecdeca\",\"#ecdeca\",\"#e3d6cd\",\"#4d7aa3\",\"#638ab3\",\"#638ab3\",\"#9aa7c1\",\"#e3d6cd\",\"#e3d6cd\",\"#e3d6cd\",\"#c7c3c2\",\"#c7c3c2\",\"#c7c3c2\",\"#e3d6cd\",\"#e3d6cd\",\"#c7c3c2\",\"#b9becb\",\"#8897b1\",\"#638ab3\",\"#638ab3\",\"#638ab3\",\"#7494bf\",\"#586574\",\"#502e29\",\"#502e29\",\"#502e29\",\"#4f291d\",\"#4f291d\",\"#4f291d\",\"#4f291d\",\"#603325\",\"#8d5544\",\"#84615a\",\"#413738\",\"#424e57\",\"#424e57\",\"#4d5150\",\"#754e44\",\"#6c3d2d\",\"#532a18\",\"#4f291d\",\"#4f291d\",\"#462218\",\"#502e29\",\"#462218\",\"#3a1d18\",\"#462218\",\"#593526\",\"#593526\",\"#674139\",\"#754e44\",\"#84615a\",\"#84615a\",\"#84615a\",\"#956655\",\"#c39c89\",\"#d09c89\",\"#c58e7c\",\"#c39c89\",\"#c39c89\",\"#5c4a47\",\"#75605a\",\"#e3d6cd\",\"#cebaba\",\"#8897b1\",\"#849bbe\",\"#849bbe\",\"#849bbe\",\"#849bbe\",\"#9aa7c1\",\"#9aa7c1\",\"#aab1bf\",\"#aab1bf\",\"#c7c3c2\",\"#c7c3c2\",\"#c7c3c2\",\"#c7c3c2\",\"#e3d6cd\",\"#e3d6cd\",\"#e3d6cd\",\"#e3d6cd\",\"#e3d6cd\",\"#ecdeca\",\"#ecdeca\",\"#ecdeca\",\"#ecdeca\",\"#ecdeca\",\"#ecdeca\",\"#ecdeca\",\"#e3d6cd\",\"#638ab3\",\"#638ab3\",\"#8897b1\",\"#aab1bf\",\"#c7c3c2\",\"#c7c3c2\",\"#aab1bf\",\"#aab1bf\",\"#aab1bf\",\"#aab1bf\",\"#aab1bf\",\"#b9becb\",\"#b9becb\",\"#b9becb\",\"#b9becb\",\"#8897b1\",\"#849bbe\",\"#7494bf\",\"#6e798e\",\"#502e29\",\"#593526\",\"#502e29\",\"#4f291d\",\"#502e29\",\"#4f291d\",\"#4f291d\",\"#593526\",\"#754e44\",\"#a9705e\",\"#a9705e\",\"#754e44\",\"#413738\",\"#424e57\",\"#424e57\",\"#5c4a47\",\"#84615a\",\"#6c3d2d\",\"#532a18\",\"#4f291d\",\"#4f291d\",\"#4f291d\",\"#502e29\",\"#593526\",\"#593526\",\"#4f291d\",\"#593526\",\"#4f291d\",\"#593526\",\"#593526\",\"#674139\",\"#7d4b39\",\"#c39c89\",\"#c39c89\",\"#d09c89\",\"#b97e6b\",\"#d09c89\",\"#d09c89\",\"#9b7f78\",\"#4d5150\",\"#b69e97\",\"#cebaba\",\"#9aa7c1\",\"#849bbe\",\"#849bbe\",\"#9aa7c1\",\"#9aa7c1\",\"#9aa7c1\",\"#aab1bf\",\"#aab1bf\",\"#b9becb\",\"#c7c3c2\",\"#c7c3c2\",\"#c7c3c2\",\"#e3d6cd\",\"#e3d6cd\",\"#e3d6cd\",\"#e3d6cd\",\"#e3d6cd\",\"#ecdeca\",\"#ecdeca\",\"#ecdeca\",\"#ecdeca\",\"#ecdeca\",\"#ecdeca\",\"#ecdeca\",\"#ecdeca\",\"#e3d6cd\",\"#638ab3\",\"#8897b1\",\"#b9becb\",\"#aab1bf\",\"#aab1bf\",\"#aab1bf\",\"#9aa7c1\",\"#9aa7c1\",\"#9aa7c1\",\"#9aa7c1\",\"#9aa7c1\",\"#9aa7c1\",\"#aab1bf\",\"#b9becb\",\"#c7c3c2\",\"#c7c3c2\",\"#c7c3c2\",\"#b9becb\",\"#6e798e\",\"#502e29\",\"#603325\",\"#4f291d\",\"#4f291d\",\"#462218\",\"#4f291d\",\"#4f291d\",\"#4f291d\",\"#6c3d2d\",\"#7d4b39\",\"#8d5544\",\"#7d4b39\",\"#463129\",\"#353c45\",\"#424e57\",\"#4d5150\",\"#5c4a47\",\"#875948\",\"#754e44\",\"#754e44\",\"#875948\",\"#6c3d2d\",\"#593526\",\"#593526\",\"#674139\",\"#674139\",\"#4f291d\",\"#4f291d\",\"#502e29\",\"#502e29\",\"#593526\",\"#956655\",\"#c39c89\",\"#c58e7c\",\"#c58e7c\",\"#a9705e\",\"#c58e7c\",\"#c58e7c\",\"#84615a\",\"#413738\",\"#5c4a47\",\"#b69e97\",\"#c7c3c2\",\"#8897b1\",\"#9aa7c1\",\"#9aa7c1\",\"#9aa7c1\",\"#9aa7c1\",\"#aab1bf\",\"#b9becb\",\"#b9becb\",\"#c7c3c2\",\"#c7c3c2\",\"#c7c3c2\",\"#e3d6cd\",\"#e3d6cd\",\"#e3d6cd\",\"#ecdeca\",\"#ecdeca\",\"#ecdeca\",\"#ecdeca\",\"#ecdeca\",\"#ecdeca\",\"#ecdeca\",\"#ecdeca\",\"#ecdeca\",\"#ecdeca\",\"#ecdeca\",\"#638ab3\",\"#8897b1\",\"#aab1bf\",\"#aab1bf\",\"#9aa7c1\",\"#9aa7c1\",\"#9aa7c1\",\"#9aa7c1\",\"#9aa7c1\",\"#9aa7c1\",\"#9aa7c1\",\"#9aa7c1\",\"#9aa7c1\",\"#aab1bf\",\"#c7c3c2\",\"#e3d6cd\",\"#e3d6cd\",\"#e3d6cd\",\"#75605a\",\"#603325\",\"#603325\",\"#4f291d\",\"#4f291d\",\"#4f291d\",\"#532a18\",\"#4f291d\",\"#6c3d2d\",\"#956655\",\"#a9705e\",\"#b97e6b\",\"#a9705e\",\"#754e44\",\"#463129\",\"#4d5150\",\"#4d5150\",\"#4d5150\",\"#75605a\",\"#956655\",\"#a9705e\",\"#956655\",\"#956655\",\"#956655\",\"#956655\",\"#875948\",\"#7d4b39\",\"#754e44\",\"#674139\",\"#593526\",\"#593526\",\"#754e44\",\"#a87d6d\",\"#a87d6d\",\"#875948\",\"#7d4b39\",\"#8d5544\",\"#8d5544\",\"#6c3d2d\",\"#674139\",\"#463129\",\"#4d5150\",\"#9b7f78\",\"#b69e97\",\"#aab1bf\",\"#8897b1\",\"#9aa7c1\",\"#9aa7c1\",\"#aab1bf\",\"#aab1bf\",\"#b9becb\",\"#c7c3c2\",\"#c7c3c2\",\"#c7c3c2\",\"#e3d6cd\",\"#e3d6cd\",\"#e3d6cd\",\"#e3d6cd\",\"#ecdeca\",\"#ecdeca\",\"#ecdeca\",\"#ecdeca\",\"#ecdeca\",\"#ecdeca\",\"#ecdeca\",\"#ecdeca\",\"#ecdeca\",\"#ecdeca\",\"#ecdeca\",\"#638ab3\",\"#638ab3\",\"#9aa7c1\",\"#9aa7c1\",\"#849bbe\",\"#849bbe\",\"#849bbe\",\"#849bbe\",\"#8897b1\",\"#9aa7c1\",\"#9aa7c1\",\"#9aa7c1\",\"#9aa7c1\",\"#9aa7c1\",\"#b9becb\",\"#cebaba\",\"#cebaba\",\"#b69e97\",\"#674139\",\"#532a18\",\"#532a18\",\"#6c3d2d\",\"#7d4b39\",\"#6c3d2d\",\"#6c3d2d\",\"#8d5544\",\"#9c6351\",\"#a9705e\",\"#a9705e\",\"#b97e6b\",\"#b97e6b\",\"#8d5544\",\"#6c3d2d\",\"#413738\",\"#424e57\",\"#4d5150\",\"#4d5150\",\"#84615a\",\"#9c6351\",\"#9c6351\",\"#9c6351\",\"#9c6351\",\"#9c6351\",\"#8d5544\",\"#8d5544\",\"#875948\",\"#875948\",\"#6c3d2d\",\"#603325\",\"#6c3d2d\",\"#7d4b39\",\"#6c3d2d\",\"#6c3d2d\",\"#7d4b39\",\"#a9705e\",\"#9c6351\",\"#875948\",\"#956655\",\"#754e44\",\"#413738\",\"#4d5150\",\"#b69e97\",\"#d7beb1\",\"#d7beb1\",\"#cebaba\",\"#aab1bf\",\"#aab1bf\",\"#b9becb\",\"#c7c3c2\",\"#c7c3c2\",\"#c7c3c2\",\"#c7c3c2\",\"#e3d6cd\",\"#e3d6cd\",\"#e3d6cd\",\"#e3d6cd\",\"#ecdeca\",\"#ecdeca\",\"#ecdeca\",\"#ecdeca\",\"#ecdeca\",\"#ecdeca\",\"#ecdeca\",\"#ecdeca\",\"#ecdeca\",\"#ecdeca\",\"#ecdeca\",\"#638ab3\",\"#638ab3\",\"#7494bf\",\"#7494bf\",\"#7494bf\",\"#7494bf\",\"#7494bf\",\"#7494bf\",\"#849bbe\",\"#8897b1\",\"#9aa7c1\",\"#8897b1\",\"#9aa7c1\",\"#9aa7c1\",\"#aab1bf\",\"#9b7f78\",\"#674139\",\"#593526\",\"#593526\",\"#593526\",\"#532a18\",\"#6c3d2d\",\"#875948\",\"#9c6351\",\"#8d5544\",\"#8d5544\",\"#8d5544\",\"#a9705e\",\"#a9705e\",\"#b97e6b\",\"#b97e6b\",\"#9b5c4c\",\"#7d4b39\",\"#674139\",\"#413738\",\"#4d5150\",\"#424e57\",\"#5c4a47\",\"#875948\",\"#9c6351\",\"#9b5c4c\",\"#9c6351\",\"#9c6351\",\"#9c6351\",\"#956655\",\"#956655\",\"#875948\",\"#7d4b39\",\"#6c3d2d\",\"#603325\",\"#603325\",\"#603325\",\"#7d4b39\",\"#956655\",\"#b97e6b\",\"#b97e6b\",\"#a87d6d\",\"#a87d6d\",\"#a87d6d\",\"#75605a\",\"#4d5150\",\"#9b7f78\",\"#d09c89\",\"#d09c89\",\"#dab19e\",\"#d7beb1\",\"#b69e97\",\"#aab1bf\",\"#c7c3c2\",\"#c7c3c2\",\"#c7c3c2\",\"#c7c3c2\",\"#e3d6cd\",\"#e3d6cd\",\"#e3d6cd\",\"#ecdeca\",\"#ecdeca\",\"#ecdeca\",\"#ecdeca\",\"#ecdeca\",\"#ecdeca\",\"#ecdeca\",\"#ecdeca\",\"#ecdeca\",\"#ecdeca\",\"#ecdeca\",\"#ecdeca\",\"#638ab3\",\"#638ab3\",\"#7494bf\",\"#638ab3\",\"#638ab3\",\"#7494bf\",\"#849bbe\",\"#7494bf\",\"#7494bf\",\"#849bbe\",\"#8897b1\",\"#8897b1\",\"#8897b1\",\"#6e798e\",\"#463129\",\"#502e29\",\"#593526\",\"#603325\",\"#603325\",\"#4f291d\",\"#4f291d\",\"#6c3d2d\",\"#875948\",\"#875948\",\"#8d5544\",\"#8d5544\",\"#875948\",\"#a9705e\",\"#a9705e\",\"#b97e6b\",\"#b97e6b\",\"#9b5c4c\",\"#9b5c4c\",\"#9c6351\",\"#674139\",\"#353c45\",\"#424e57\",\"#4d5150\",\"#5c4a47\",\"#875948\",\"#9c6351\",\"#9b5c4c\",\"#875948\",\"#956655\",\"#956655\",\"#956655\",\"#956655\",\"#956655\",\"#6c3d2d\",\"#603325\",\"#603325\",\"#603325\",\"#7d4b39\",\"#956655\",\"#b97e6b\",\"#a87d6d\",\"#a87d6d\",\"#a87d6d\",\"#a87d6d\",\"#9b7f78\",\"#413738\",\"#5c4a47\",\"#a87d6d\",\"#d09c89\",\"#d09c89\",\"#c39c89\",\"#d7beb1\",\"#cebaba\",\"#cebaba\",\"#c7c3c2\",\"#c7c3c2\",\"#c7c3c2\",\"#e3d6cd\",\"#e3d6cd\",\"#ecdeca\",\"#ecdeca\",\"#ecdeca\",\"#ecdeca\",\"#ecdeca\",\"#ecdeca\",\"#ecdeca\",\"#ecdeca\",\"#ecdeca\",\"#ecdeca\",\"#ecdeca\",\"#ecdeca\",\"#ecdeca\",\"#638ab3\",\"#638ab3\",\"#7494bf\",\"#7494bf\",\"#7494bf\",\"#7494bf\",\"#849bbe\",\"#849bbe\",\"#7494bf\",\"#7494bf\",\"#849bbe\",\"#8897b1\",\"#586574\",\"#502e29\",\"#593526\",\"#593526\",\"#593526\",\"#4f291d\",\"#4f291d\",\"#4f291d\",\"#4f291d\",\"#7d4b39\",\"#875948\",\"#7d4b39\",\"#7d4b39\",\"#8d5544\",\"#875948\",\"#a9705e\",\"#a9705e\",\"#b97e6b\",\"#b97e6b\",\"#9c6351\",\"#9b5c4c\",\"#9b5c4c\",\"#956655\",\"#463129\",\"#424e57\",\"#424e57\",\"#4d5150\",\"#5c4a47\",\"#956655\",\"#9c6351\",\"#9c6351\",\"#9c6351\",\"#956655\",\"#a9705e\",\"#a9705e\",\"#956655\",\"#a87d6d\",\"#7d4b39\",\"#603325\",\"#603325\",\"#6c3d2d\",\"#875948\",\"#a9705e\",\"#a87d6d\",\"#a87d6d\",\"#956655\",\"#a87d6d\",\"#a87d6d\",\"#5c4a47\",\"#413738\",\"#84615a\",\"#b97e6b\",\"#c58e7c\",\"#d09c89\",\"#d09c89\",\"#dab19e\",\"#eacebf\",\"#cebaba\",\"#c7c3c2\",\"#e3d6cd\",\"#e3d6cd\",\"#e3d6cd\",\"#ecdeca\",\"#ecdeca\",\"#ecdeca\",\"#ecdeca\",\"#ecdeca\",\"#ecdeca\",\"#ecdeca\",\"#ecdeca\",\"#ecdeca\",\"#ecdeca\",\"#ecdeca\",\"#ecdeca\",\"#ecdeca\",\"#638ab3\",\"#638ab3\",\"#7494bf\",\"#7494bf\",\"#7494bf\",\"#7494bf\",\"#849bbe\",\"#7494bf\",\"#7494bf\",\"#849bbe\",\"#8897b1\",\"#4d5150\",\"#674139\",\"#603325\",\"#603325\",\"#532a18\",\"#4f291d\",\"#4f291d\",\"#4f291d\",\"#4f291d\",\"#603325\",\"#7d4b39\",\"#7d4b39\",\"#7d4b39\",\"#7d4b39\",\"#875948\",\"#9c6351\",\"#a9705e\",\"#b97e6b\",\"#b97e6b\",\"#b97e6b\",\"#9c6351\",\"#9c6351\",\"#9c6351\",\"#9c6351\",\"#875948\",\"#413738\",\"#424e57\",\"#4d5150\",\"#4d5150\",\"#75605a\",\"#956655\",\"#9c6351\",\"#875948\",\"#956655\",\"#956655\",\"#a9705e\",\"#a87d6d\",\"#a87d6d\",\"#a87d6d\",\"#754e44\",\"#603325\",\"#603325\",\"#7d4b39\",\"#875948\",\"#a87d6d\",\"#956655\",\"#956655\",\"#a87d6d\",\"#a87d6d\",\"#84615a\",\"#413738\",\"#5c4a47\",\"#a87d6d\",\"#a9705e\",\"#c58e7c\",\"#d09c89\",\"#d09c89\",\"#d7beb1\",\"#e3d6cd\",\"#cebaba\",\"#d7beb1\",\"#e3d6cd\",\"#e3d6cd\",\"#ecdeca\",\"#ecdeca\",\"#ecdeca\",\"#ecdeca\",\"#ecdeca\",\"#ecdeca\",\"#ecdeca\",\"#ecdeca\",\"#ecdeca\",\"#ecdeca\",\"#ecdeca\",\"#ecdeca\",\"#ecdeca\",\"#638ab3\",\"#7494bf\",\"#849bbe\",\"#849bbe\",\"#849bbe\",\"#7494bf\",\"#849bbe\",\"#7494bf\",\"#849bbe\",\"#6e798e\",\"#5c4a47\",\"#674139\",\"#603325\",\"#603325\",\"#593526\",\"#4f291d\",\"#4f291d\",\"#4f291d\",\"#4f291d\",\"#4f291d\",\"#603325\",\"#6c3d2d\",\"#6c3d2d\",\"#7d4b39\",\"#8d5544\",\"#9c6351\",\"#9c6351\",\"#a9705e\",\"#b97e6b\",\"#b97e6b\",\"#a9705e\",\"#a9705e\",\"#a9705e\",\"#a9705e\",\"#a9705e\",\"#956655\",\"#754e44\",\"#4d5150\",\"#4d5150\",\"#4d5150\",\"#4d5150\",\"#956655\",\"#956655\",\"#956655\",\"#956655\",\"#956655\",\"#a9705e\",\"#a9705e\",\"#a9705e\",\"#a87d6d\",\"#a87d6d\",\"#754e44\",\"#603325\",\"#6c3d2d\",\"#7d4b39\",\"#956655\",\"#956655\",\"#956655\",\"#a87d6d\",\"#a87d6d\",\"#a87d6d\",\"#5c4a47\",\"#4d5150\",\"#9b7f78\",\"#b97e6b\",\"#a9705e\",\"#d09c89\",\"#dab19e\",\"#dab19e\",\"#eacebf\",\"#e3d6cd\",\"#c7c3c2\",\"#e3d6cd\",\"#e3d6cd\",\"#e3d6cd\",\"#e3d6cd\",\"#e3d6cd\",\"#eacebf\",\"#eacebf\",\"#ecdeca\",\"#ecdeca\",\"#ecdeca\",\"#ecdeca\",\"#ecdeca\",\"#ecdeca\",\"#ecdeca\",\"#ecdeca\",\"#7494bf\",\"#849bbe\",\"#849bbe\",\"#849bbe\",\"#849bbe\",\"#849bbe\",\"#849bbe\",\"#849bbe\",\"#8897b1\",\"#5c4a47\",\"#674139\",\"#603325\",\"#603325\",\"#603325\",\"#593526\",\"#4f291d\",\"#4f291d\",\"#4f291d\",\"#4f291d\",\"#593526\",\"#603325\",\"#6c3d2d\",\"#7d4b39\",\"#7d4b39\",\"#8d5544\",\"#9c6351\",\"#9c6351\",\"#a9705e\",\"#b97e6b\",\"#b97e6b\",\"#a9705e\",\"#9c6351\",\"#9c6351\",\"#9c6351\",\"#9c6351\",\"#9c6351\",\"#956655\",\"#463129\",\"#4d5150\",\"#424e57\",\"#424e57\",\"#84615a\",\"#a9705e\",\"#9c6351\",\"#956655\",\"#a9705e\",\"#a87d6d\",\"#a9705e\",\"#a9705e\",\"#a87d6d\",\"#a87d6d\",\"#a87d6d\",\"#6c3d2d\",\"#6c3d2d\",\"#7d4b39\",\"#956655\",\"#956655\",\"#956655\",\"#a87d6d\",\"#956655\",\"#a87d6d\",\"#75605a\",\"#353c45\",\"#75605a\",\"#b97e6b\",\"#b97e6b\",\"#b97e6b\",\"#c39c89\",\"#c39c89\",\"#d7beb1\",\"#eacebf\",\"#e3d6cd\",\"#d7beb1\",\"#e3d6cd\",\"#e3d6cd\",\"#e3d6cd\",\"#e3d6cd\",\"#e3d6cd\",\"#eacebf\",\"#ecdeca\",\"#ecdeca\",\"#ecdeca\",\"#ecdeca\",\"#ecdeca\",\"#ecdeca\",\"#ecdeca\",\"#ecdeca\",\"#7494bf\",\"#849bbe\",\"#849bbe\",\"#849bbe\",\"#849bbe\",\"#849bbe\",\"#849bbe\",\"#8897b1\",\"#586574\",\"#603325\",\"#6c3d2d\",\"#603325\",\"#603325\",\"#532a18\",\"#4f291d\",\"#4f291d\",\"#4f291d\",\"#4f291d\",\"#603325\",\"#593526\",\"#603325\",\"#6c3d2d\",\"#7d4b39\",\"#8d5544\",\"#8d5544\",\"#9c6351\",\"#a9705e\",\"#a9705e\",\"#b97e6b\",\"#b97e6b\",\"#a9705e\",\"#9c6351\",\"#9c6351\",\"#9c6351\",\"#9c6351\",\"#9c6351\",\"#956655\",\"#84615a\",\"#413738\",\"#424e57\",\"#424e57\",\"#4d5150\",\"#956655\",\"#956655\",\"#956655\",\"#956655\",\"#956655\",\"#a87d6d\",\"#a87d6d\",\"#c58e7c\",\"#c58e7c\",\"#c39c89\",\"#7d4b39\",\"#7d4b39\",\"#875948\",\"#956655\",\"#956655\",\"#956655\",\"#a87d6d\",\"#956655\",\"#a9705e\",\"#84615a\",\"#413738\",\"#4d5150\",\"#9b7f78\",\"#a87d6d\",\"#b97e6b\",\"#a87d6d\",\"#a87d6d\",\"#a87d6d\",\"#d7beb1\",\"#eacebf\",\"#e3d6cd\",\"#e3d6cd\",\"#e3d6cd\",\"#e3d6cd\",\"#e3d6cd\",\"#e3d6cd\",\"#ecdeca\",\"#ecdeca\",\"#ecdeca\",\"#ecdeca\",\"#ecdeca\",\"#ecdeca\",\"#ecdeca\",\"#ecdeca\",\"#ecdeca\",\"#7494bf\",\"#849bbe\",\"#849bbe\",\"#849bbe\",\"#849bbe\",\"#8897b1\",\"#8897b1\",\"#6e798e\",\"#502e29\",\"#603325\",\"#6c3d2d\",\"#6c3d2d\",\"#603325\",\"#532a18\",\"#4f291d\",\"#4f291d\",\"#4f291d\",\"#593526\",\"#593526\",\"#593526\",\"#6c3d2d\",\"#7d4b39\",\"#8d5544\",\"#8d5544\",\"#9c6351\",\"#9c6351\",\"#a9705e\",\"#a9705e\",\"#b97e6b\",\"#a9705e\",\"#9c6351\",\"#9b5c4c\",\"#9b5c4c\",\"#9c6351\",\"#a9705e\",\"#a9705e\",\"#9c6351\",\"#9c6351\",\"#674139\",\"#4d5150\",\"#424e57\",\"#424e57\",\"#75605a\",\"#956655\",\"#956655\",\"#956655\",\"#956655\",\"#a9705e\",\"#a9705e\",\"#a87d6d\",\"#c58e7c\",\"#c39c89\",\"#956655\",\"#6c3d2d\",\"#875948\",\"#956655\",\"#956655\",\"#956655\",\"#a9705e\",\"#956655\",\"#a87d6d\",\"#956655\",\"#5c4a47\",\"#4d5150\",\"#5c4a47\",\"#a87d6d\",\"#a9705e\",\"#a87d6d\",\"#a87d6d\",\"#a87d6d\",\"#c58e7c\",\"#dab19e\",\"#eacebf\",\"#d7beb1\",\"#e3d6cd\",\"#e3d6cd\",\"#e3d6cd\",\"#e3d6cd\",\"#ecdeca\",\"#ecdeca\",\"#ecdeca\",\"#ecdeca\",\"#ecdeca\",\"#ecdeca\",\"#ecdeca\",\"#ecdeca\",\"#ecdeca\",\"#849bbe\",\"#849bbe\",\"#8897b1\",\"#8897b1\",\"#849bbe\",\"#849bbe\",\"#8897b1\",\"#5c4a47\",\"#502e29\",\"#603325\",\"#6c3d2d\",\"#603325\",\"#532a18\",\"#532a18\",\"#4f291d\",\"#4f291d\",\"#4f291d\",\"#603325\",\"#603325\",\"#6c3d2d\",\"#7d4b39\",\"#7d4b39\",\"#8d5544\",\"#9c6351\",\"#9b5c4c\",\"#9c6351\",\"#a9705e\",\"#b97e6b\",\"#b97e6b\",\"#a9705e\",\"#9b5c4c\",\"#9b5c4c\",\"#9c6351\",\"#a9705e\",\"#a9705e\",\"#a9705e\",\"#9c6351\",\"#9c6351\",\"#956655\",\"#413738\",\"#424e57\",\"#424e57\",\"#4d5150\",\"#84615a\",\"#956655\",\"#9c6351\",\"#a9705e\",\"#a87d6d\",\"#a87d6d\",\"#a87d6d\",\"#a87d6d\",\"#a87d6d\",\"#a87d6d\",\"#6c3d2d\",\"#7d4b39\",\"#7d4b39\",\"#956655\",\"#956655\",\"#875948\",\"#956655\",\"#956655\",\"#956655\",\"#956655\",\"#4d5150\",\"#4d5150\",\"#a87d6d\",\"#a9705e\",\"#a9705e\",\"#a9705e\",\"#a9705e\",\"#c58e7c\",\"#dab19e\",\"#d7beb1\",\"#b69e97\",\"#e3d6cd\",\"#e3d6cd\",\"#ecdeca\",\"#ecdeca\",\"#ecdeca\",\"#ecdeca\",\"#ecdeca\",\"#ecdeca\",\"#ecdeca\",\"#ecdeca\",\"#ecdeca\",\"#ecdeca\",\"#ecdeca\",\"#849bbe\",\"#849bbe\",\"#8897b1\",\"#8897b1\",\"#849bbe\",\"#8897b1\",\"#6e798e\",\"#502e29\",\"#593526\",\"#6c3d2d\",\"#603325\",\"#603325\",\"#532a18\",\"#532a18\",\"#4f291d\",\"#4f291d\",\"#4f291d\",\"#603325\",\"#603325\",\"#6c3d2d\",\"#7d4b39\",\"#8d5544\",\"#8d5544\",\"#9b5c4c\",\"#9b5c4c\",\"#a9705e\",\"#a9705e\",\"#b97e6b\",\"#b97e6b\",\"#9c6351\",\"#9c6351\",\"#9b5c4c\",\"#a9705e\",\"#b97e6b\",\"#b97e6b\",\"#9c6351\",\"#9c6351\",\"#9c6351\",\"#a9705e\",\"#754e44\",\"#353c45\",\"#424e57\",\"#4d5150\",\"#75605a\",\"#956655\",\"#956655\",\"#a9705e\",\"#a87d6d\",\"#a87d6d\",\"#a87d6d\",\"#a87d6d\",\"#a87d6d\",\"#c58e7c\",\"#875948\",\"#6c3d2d\",\"#6c3d2d\",\"#875948\",\"#956655\",\"#875948\",\"#7d4b39\",\"#875948\",\"#875948\",\"#956655\",\"#5c4a47\",\"#4d5150\",\"#84615a\",\"#a9705e\",\"#a9705e\",\"#a9705e\",\"#a9705e\",\"#a9705e\",\"#a87d6d\",\"#c39c89\",\"#d7beb1\",\"#d7beb1\",\"#ecdeca\",\"#ecdeca\",\"#ecdeca\",\"#ecdeca\",\"#ecdeca\",\"#ecdeca\",\"#ecdeca\",\"#ecdeca\",\"#ecdeca\",\"#ecdeca\",\"#ecdeca\",\"#ecdeca\",\"#849bbe\",\"#849bbe\",\"#8897b1\",\"#8897b1\",\"#849bbe\",\"#8897b1\",\"#586574\",\"#593526\",\"#6c3d2d\",\"#6c3d2d\",\"#603325\",\"#603325\",\"#532a18\",\"#532a18\",\"#4f291d\",\"#4f291d\",\"#4f291d\",\"#593526\",\"#603325\",\"#6c3d2d\",\"#7d4b39\",\"#8d5544\",\"#8d5544\",\"#9b5c4c\",\"#9c6351\",\"#a9705e\",\"#b97e6b\",\"#b97e6b\",\"#a9705e\",\"#9c6351\",\"#a9705e\",\"#b97e6b\",\"#c58e7c\",\"#c58e7c\",\"#a9705e\",\"#9b5c4c\",\"#9b5c4c\",\"#a9705e\",\"#a9705e\",\"#875948\",\"#413738\",\"#4d5150\",\"#4d5150\",\"#4d5150\",\"#84615a\",\"#956655\",\"#a87d6d\",\"#956655\",\"#a87d6d\",\"#a87d6d\",\"#c58e7c\",\"#a87d6d\",\"#c39c89\",\"#a87d6d\",\"#603325\",\"#7d4b39\",\"#956655\",\"#875948\",\"#7d4b39\",\"#875948\",\"#875948\",\"#7d4b39\",\"#7d4b39\",\"#754e44\",\"#4d5150\",\"#75605a\",\"#a9705e\",\"#a9705e\",\"#b97e6b\",\"#b97e6b\",\"#b97e6b\",\"#b97e6b\",\"#c58e7c\",\"#dab19e\",\"#eacebf\",\"#d7beb1\",\"#ecdeca\",\"#ecdeca\",\"#ecdeca\",\"#ecdeca\",\"#ecdeca\",\"#ecdeca\",\"#ecdeca\",\"#ecdeca\",\"#ecdeca\",\"#ecdeca\",\"#ecdeca\",\"#849bbe\",\"#849bbe\",\"#8897b1\",\"#8897b1\",\"#8897b1\",\"#8897b1\",\"#413738\",\"#6c3d2d\",\"#6c3d2d\",\"#603325\",\"#603325\",\"#532a18\",\"#532a18\",\"#532a18\",\"#4f291d\",\"#4f291d\",\"#4f291d\",\"#603325\",\"#603325\",\"#6c3d2d\",\"#7d4b39\",\"#7d4b39\",\"#8d5544\",\"#9b5c4c\",\"#a9705e\",\"#a9705e\",\"#b97e6b\",\"#a9705e\",\"#a9705e\",\"#b97e6b\",\"#c58e7c\",\"#c58e7c\",\"#d09c89\",\"#b97e6b\",\"#9c6351\",\"#9b5c4c\",\"#a9705e\",\"#a9705e\",\"#9c6351\",\"#7d4b39\",\"#674139\",\"#353c45\",\"#424e57\",\"#4d5150\",\"#75605a\",\"#956655\",\"#a87d6d\",\"#a87d6d\",\"#a87d6d\",\"#a87d6d\",\"#c39c89\",\"#a87d6d\",\"#a87d6d\",\"#a87d6d\",\"#6c3d2d\",\"#7d4b39\",\"#956655\",\"#875948\",\"#875948\",\"#7d4b39\",\"#875948\",\"#875948\",\"#8d5544\",\"#754e44\",\"#424e57\",\"#4d5150\",\"#956655\",\"#b97e6b\",\"#b97e6b\",\"#b97e6b\",\"#b97e6b\",\"#c58e7c\",\"#c58e7c\",\"#d09c89\",\"#dab19e\",\"#ecdeca\",\"#d7beb1\",\"#ecdeca\",\"#ecdeca\",\"#ecdeca\",\"#ecdeca\",\"#ecdeca\",\"#ecdeca\",\"#ecdeca\",\"#ecdeca\",\"#ecdeca\",\"#ecdeca\",\"#849bbe\",\"#849bbe\",\"#8897b1\",\"#8897b1\",\"#849bbe\",\"#8897b1\",\"#502e29\",\"#6c3d2d\",\"#6c3d2d\",\"#603325\",\"#603325\",\"#532a18\",\"#532a18\",\"#532a18\",\"#4f291d\",\"#4f291d\",\"#4f291d\",\"#603325\",\"#603325\",\"#6c3d2d\",\"#7d4b39\",\"#7d4b39\",\"#8d5544\",\"#9b5c4c\",\"#a9705e\",\"#b97e6b\",\"#b97e6b\",\"#b97e6b\",\"#c58e7c\",\"#c58e7c\",\"#c58e7c\",\"#c58e7c\",\"#c58e7c\",\"#a9705e\",\"#8d5544\",\"#9c6351\",\"#9b5c4c\",\"#7d4b39\",\"#8d5544\",\"#9c6351\",\"#875948\",\"#413738\",\"#4d5150\",\"#4d5150\",\"#5c4a47\",\"#84615a\",\"#956655\",\"#a87d6d\",\"#a87d6d\",\"#a87d6d\",\"#a87d6d\",\"#a87d6d\",\"#a87d6d\",\"#c58e7c\",\"#956655\",\"#6c3d2d\",\"#875948\",\"#956655\",\"#875948\",\"#875948\",\"#7d4b39\",\"#875948\",\"#8d5544\",\"#754e44\",\"#413738\",\"#586574\",\"#75605a\",\"#b97e6b\",\"#b97e6b\",\"#b97e6b\",\"#b97e6b\",\"#c58e7c\",\"#c58e7c\",\"#d09c89\",\"#d09c89\",\"#dab19e\",\"#eacebf\",\"#eacebf\",\"#ecdeca\",\"#ecdeca\",\"#ecdeca\",\"#ecdeca\",\"#ecdeca\",\"#ecdeca\",\"#ecdeca\",\"#ecdeca\",\"#ecdeca\",\"#849bbe\",\"#849bbe\",\"#8897b1\",\"#8897b1\",\"#849bbe\",\"#8897b1\",\"#502e29\",\"#6c3d2d\",\"#6c3d2d\",\"#603325\",\"#603325\",\"#532a18\",\"#532a18\",\"#532a18\",\"#4f291d\",\"#4f291d\",\"#4f291d\",\"#603325\",\"#603325\",\"#6c3d2d\",\"#7d4b39\",\"#7d4b39\",\"#8d5544\",\"#9b5c4c\",\"#a9705e\",\"#b97e6b\",\"#b97e6b\",\"#b97e6b\",\"#c58e7c\",\"#d09c89\",\"#d09c89\",\"#c58e7c\",\"#b97e6b\",\"#9c6351\",\"#8d5544\",\"#8d5544\",\"#7d4b39\",\"#7d4b39\",\"#9c6351\",\"#9c6351\",\"#9c6351\",\"#754e44\",\"#4d5150\",\"#424e57\",\"#4d5150\",\"#84615a\",\"#a87d6d\",\"#a87d6d\",\"#c58e7c\",\"#a87d6d\",\"#a87d6d\",\"#a87d6d\",\"#a87d6d\",\"#a87d6d\",\"#a87d6d\",\"#603325\",\"#6c3d2d\",\"#875948\",\"#7d4b39\",\"#7d4b39\",\"#7d4b39\",\"#7d4b39\",\"#875948\",\"#875948\",\"#674139\",\"#586574\",\"#4d5150\",\"#a87d6d\",\"#b97e6b\",\"#b97e6b\",\"#b97e6b\",\"#c58e7c\",\"#c58e7c\",\"#c58e7c\",\"#d09c89\",\"#d09c89\",\"#eacebf\",\"#eacebf\",\"#eacebf\",\"#ecdeca\",\"#ecdeca\",\"#ecdeca\",\"#ecdeca\",\"#ecdeca\",\"#ecdeca\",\"#ecdeca\",\"#ecdeca\",\"#849bbe\",\"#849bbe\",\"#8897b1\",\"#8897b1\",\"#849bbe\",\"#8897b1\",\"#502e29\",\"#603325\",\"#603325\",\"#603325\",\"#603325\",\"#532a18\",\"#532a18\",\"#532a18\",\"#4f291d\",\"#4f291d\",\"#4f291d\",\"#603325\",\"#603325\",\"#6c3d2d\",\"#7d4b39\",\"#7d4b39\",\"#8d5544\",\"#9b5c4c\",\"#a9705e\",\"#a9705e\",\"#b97e6b\",\"#b97e6b\",\"#c58e7c\",\"#d09c89\",\"#d09c89\",\"#c58e7c\",\"#a9705e\",\"#7d4b39\",\"#7d4b39\",\"#7d4b39\",\"#7d4b39\",\"#7d4b39\",\"#9b5c4c\",\"#8d5544\",\"#9b5c4c\",\"#875948\",\"#413738\",\"#424e57\",\"#4d5150\",\"#75605a\",\"#9b7f78\",\"#a87d6d\",\"#c58e7c\",\"#a87d6d\",\"#a87d6d\",\"#c39c89\",\"#a87d6d\",\"#a87d6d\",\"#a87d6d\",\"#84615a\",\"#603325\",\"#6c3d2d\",\"#7d4b39\",\"#875948\",\"#875948\",\"#875948\",\"#875948\",\"#8d5544\",\"#754e44\",\"#4d5150\",\"#586574\",\"#84615a\",\"#b97e6b\",\"#b97e6b\",\"#b97e6b\",\"#b97e6b\",\"#c58e7c\",\"#c58e7c\",\"#c58e7c\",\"#c58e7c\",\"#dab19e\",\"#eacebf\",\"#d7beb1\",\"#ecdeca\",\"#ecdeca\",\"#ecdeca\",\"#ecdeca\",\"#ecdeca\",\"#ecdeca\",\"#ecdeca\",\"#ecdeca\",\"#849bbe\",\"#849bbe\",\"#8897b1\",\"#8897b1\",\"#849bbe\",\"#8897b1\",\"#502e29\",\"#603325\",\"#603325\",\"#603325\",\"#603325\",\"#532a18\",\"#532a18\",\"#532a18\",\"#4f291d\",\"#4f291d\",\"#4f291d\",\"#603325\",\"#603325\",\"#6c3d2d\",\"#6c3d2d\",\"#7d4b39\",\"#8d5544\",\"#9b5c4c\",\"#9c6351\",\"#a9705e\",\"#b97e6b\",\"#b97e6b\",\"#c58e7c\",\"#d09c89\",\"#c58e7c\",\"#b97e6b\",\"#8d5544\",\"#7d4b39\",\"#7d4b39\",\"#6c3d2d\",\"#6c3d2d\",\"#8d5544\",\"#9b5c4c\",\"#9c6351\",\"#9b5c4c\",\"#875948\",\"#463129\",\"#424e57\",\"#424e57\",\"#4d5150\",\"#9b7f78\",\"#a87d6d\",\"#c39c89\",\"#a87d6d\",\"#c39c89\",\"#a87d6d\",\"#a87d6d\",\"#c39c89\",\"#c39c89\",\"#c39c89\",\"#6c3d2d\",\"#6c3d2d\",\"#7d4b39\",\"#875948\",\"#875948\",\"#875948\",\"#875948\",\"#9b5c4c\",\"#956655\",\"#5c4a47\",\"#586574\",\"#75605a\",\"#b97e6b\",\"#b97e6b\",\"#b97e6b\",\"#b97e6b\",\"#c58e7c\",\"#c58e7c\",\"#c58e7c\",\"#c58e7c\",\"#d09c89\",\"#d7beb1\",\"#ecdeca\",\"#eacebf\",\"#ecdeca\",\"#ecdeca\",\"#ecdeca\",\"#eacebf\",\"#eacebf\",\"#ecdeca\",\"#ecdeca\",\"#849bbe\",\"#849bbe\",\"#8897b1\",\"#9aa7c1\",\"#849bbe\",\"#8897b1\",\"#502e29\",\"#603325\",\"#603325\",\"#603325\",\"#603325\",\"#532a18\",\"#532a18\",\"#532a18\",\"#4f291d\",\"#4f291d\",\"#4f291d\",\"#593526\",\"#6c3d2d\",\"#6c3d2d\",\"#7d4b39\",\"#7d4b39\",\"#8d5544\",\"#9b5c4c\",\"#9c6351\",\"#a9705e\",\"#b97e6b\",\"#c58e7c\",\"#d09c89\",\"#d09c89\",\"#c58e7c\",\"#956655\",\"#6c3d2d\",\"#6c3d2d\",\"#6c3d2d\",\"#6c3d2d\",\"#6c3d2d\",\"#8d5544\",\"#8d5544\",\"#9c6351\",\"#9b5c4c\",\"#875948\",\"#5c4a47\",\"#424e57\",\"#424e57\",\"#424e57\",\"#9b7f78\",\"#c58e7c\",\"#c58e7c\",\"#a87d6d\",\"#a87d6d\",\"#b69e97\",\"#c39c89\",\"#dab19e\",\"#c39c89\",\"#a87d6d\",\"#956655\",\"#674139\",\"#674139\",\"#674139\",\"#875948\",\"#875948\",\"#8d5544\",\"#9b5c4c\",\"#9c6351\",\"#754e44\",\"#586574\",\"#4d5150\",\"#a87d6d\",\"#b97e6b\",\"#b97e6b\",\"#c58e7c\",\"#c58e7c\",\"#c58e7c\",\"#c58e7c\",\"#c58e7c\",\"#c58e7c\",\"#dab19e\",\"#ecdeca\",\"#d7beb1\",\"#eacebf\",\"#ecdeca\",\"#ecdeca\",\"#ecdeca\",\"#eacebf\",\"#ecdeca\",\"#e3d6cd\",\"#849bbe\",\"#849bbe\",\"#8897b1\",\"#9aa7c1\",\"#849bbe\",\"#8897b1\",\"#502e29\",\"#603325\",\"#603325\",\"#603325\",\"#603325\",\"#532a18\",\"#532a18\",\"#532a18\",\"#4f291d\",\"#4f291d\",\"#4f291d\",\"#593526\",\"#6c3d2d\",\"#6c3d2d\",\"#7d4b39\",\"#7d4b39\",\"#8d5544\",\"#9b5c4c\",\"#9c6351\",\"#a9705e\",\"#b97e6b\",\"#c58e7c\",\"#d09c89\",\"#c58e7c\",\"#875948\",\"#674139\",\"#4f291d\",\"#593526\",\"#603325\",\"#6c3d2d\",\"#7d4b39\",\"#8d5544\",\"#8d5544\",\"#9c6351\",\"#8d5544\",\"#875948\",\"#754e44\",\"#353c45\",\"#424e57\",\"#4d5150\",\"#75605a\",\"#a87d6d\",\"#a87d6d\",\"#a87d6d\",\"#b69e97\",\"#b69e97\",\"#d7beb1\",\"#d7beb1\",\"#b69e97\",\"#c39c89\",\"#c39c89\",\"#754e44\",\"#593526\",\"#674139\",\"#6c3d2d\",\"#8d5544\",\"#8d5544\",\"#9b5c4c\",\"#9b5c4c\",\"#84615a\",\"#424e57\",\"#586574\",\"#9b7f78\",\"#b97e6b\",\"#c58e7c\",\"#c58e7c\",\"#c58e7c\",\"#c58e7c\",\"#c58e7c\",\"#c58e7c\",\"#d09c89\",\"#dab19e\",\"#eacebf\",\"#ecdeca\",\"#d7beb1\",\"#ecdeca\",\"#ecdeca\",\"#ecdeca\",\"#eacebf\",\"#ecdeca\",\"#e3d6cd\",\"#849bbe\",\"#849bbe\",\"#8897b1\",\"#9aa7c1\",\"#849bbe\",\"#8897b1\",\"#463129\",\"#603325\",\"#603325\",\"#603325\",\"#603325\",\"#532a18\",\"#532a18\",\"#532a18\",\"#4f291d\",\"#4f291d\",\"#4f291d\",\"#593526\",\"#6c3d2d\",\"#6c3d2d\",\"#7d4b39\",\"#7d4b39\",\"#8d5544\",\"#9b5c4c\",\"#9c6351\",\"#a9705e\",\"#b97e6b\",\"#b97e6b\",\"#b97e6b\",\"#875948\",\"#593526\",\"#462218\",\"#3e2315\",\"#462218\",\"#603325\",\"#6c3d2d\",\"#7d4b39\",\"#8d5544\",\"#8d5544\",\"#9c6351\",\"#8d5544\",\"#8d5544\",\"#674139\",\"#413738\",\"#424e57\",\"#424e57\",\"#75605a\",\"#9b7f78\",\"#a87d6d\",\"#b69e97\",\"#d7beb1\",\"#d7beb1\",\"#d7beb1\",\"#d7beb1\",\"#d7beb1\",\"#dab19e\",\"#c39c89\",\"#a87d6d\",\"#593526\",\"#674139\",\"#6c3d2d\",\"#7d4b39\",\"#8d5544\",\"#8d5544\",\"#9b5c4c\",\"#956655\",\"#5c4a47\",\"#586574\",\"#75605a\",\"#c58e7c\",\"#c58e7c\",\"#c58e7c\",\"#c58e7c\",\"#c58e7c\",\"#c58e7c\",\"#c58e7c\",\"#d09c89\",\"#dab19e\",\"#eacebf\",\"#ecdeca\",\"#d7beb1\",\"#eacebf\",\"#ecdeca\",\"#ecdeca\",\"#ecdeca\",\"#ecdeca\",\"#e3d6cd\",\"#849bbe\",\"#849bbe\",\"#9aa7c1\",\"#9aa7c1\",\"#849bbe\",\"#9aa7c1\",\"#5c4a47\",\"#603325\",\"#603325\",\"#603325\",\"#603325\",\"#532a18\",\"#532a18\",\"#532a18\",\"#4f291d\",\"#4f291d\",\"#4f291d\",\"#593526\",\"#6c3d2d\",\"#6c3d2d\",\"#7d4b39\",\"#7d4b39\",\"#8d5544\",\"#9b5c4c\",\"#9c6351\",\"#a9705e\",\"#a9705e\",\"#a9705e\",\"#875948\",\"#4f291d\",\"#3a1d18\",\"#3e2315\",\"#3a1d18\",\"#462218\",\"#532a18\",\"#6c3d2d\",\"#7d4b39\",\"#8d5544\",\"#9c6351\",\"#9c6351\",\"#9c6351\",\"#9c6351\",\"#7d4b39\",\"#413738\",\"#424e57\",\"#424e57\",\"#4d5150\",\"#75605a\",\"#9b7f78\",\"#d7beb1\",\"#d7beb1\",\"#cebaba\",\"#d7beb1\",\"#d7beb1\",\"#d7beb1\",\"#d7beb1\",\"#c39c89\",\"#c39c89\",\"#754e44\",\"#603325\",\"#6c3d2d\",\"#7d4b39\",\"#7d4b39\",\"#8d5544\",\"#9b5c4c\",\"#956655\",\"#5c4a47\",\"#4d5150\",\"#75605a\",\"#a87d6d\",\"#c58e7c\",\"#c58e7c\",\"#c58e7c\",\"#c58e7c\",\"#c58e7c\",\"#d09c89\",\"#d09c89\",\"#eacebf\",\"#eacebf\",\"#ecdeca\",\"#eacebf\",\"#d7beb1\",\"#ecdeca\",\"#ecdeca\",\"#ecdeca\",\"#ecdeca\",\"#e3d6cd\",\"#8897b1\",\"#9aa7c1\",\"#849bbe\",\"#849bbe\",\"#9aa7c1\",\"#9aa7c1\",\"#6e798e\",\"#593526\",\"#603325\",\"#603325\",\"#603325\",\"#603325\",\"#4f291d\",\"#4f291d\",\"#4f291d\",\"#4f291d\",\"#4f291d\",\"#603325\",\"#6c3d2d\",\"#6c3d2d\",\"#7d4b39\",\"#7d4b39\",\"#8d5544\",\"#8d5544\",\"#9c6351\",\"#a9705e\",\"#a9705e\",\"#8d5544\",\"#532a18\",\"#3a1d18\",\"#3a1d18\",\"#3a1d18\",\"#3e2315\",\"#3e2315\",\"#4f291d\",\"#603325\",\"#7d4b39\",\"#8d5544\",\"#9c6351\",\"#9c6351\",\"#9c6351\",\"#9c6351\",\"#7d4b39\",\"#502e29\",\"#4d5150\",\"#353c45\",\"#413738\",\"#5c4a47\",\"#75605a\",\"#d7beb1\",\"#d7beb1\",\"#e3d6cd\",\"#d7beb1\",\"#e3d6cd\",\"#eacebf\",\"#eacebf\",\"#c39c89\",\"#c39c89\",\"#84615a\",\"#593526\",\"#603325\",\"#6c3d2d\",\"#7d4b39\",\"#8d5544\",\"#9b5c4c\",\"#7d4b39\",\"#5c4a47\",\"#5c4a47\",\"#5c4a47\",\"#754e44\",\"#a87d6d\",\"#d09c89\",\"#d09c89\",\"#d09c89\",\"#d09c89\",\"#d09c89\",\"#dab19e\",\"#eacebf\",\"#eacebf\",\"#ecdeca\",\"#ecdeca\",\"#d7beb1\",\"#eacebf\",\"#eacebf\",\"#ecdeca\",\"#ecdeca\",\"#ecdeca\",\"#9aa7c1\",\"#9aa7c1\",\"#849bbe\",\"#849bbe\",\"#9aa7c1\",\"#849bbe\",\"#8897b1\",\"#463129\",\"#603325\",\"#603325\",\"#603325\",\"#603325\",\"#593526\",\"#4f291d\",\"#4f291d\",\"#4f291d\",\"#4f291d\",\"#603325\",\"#6c3d2d\",\"#6c3d2d\",\"#7d4b39\",\"#7d4b39\",\"#7d4b39\",\"#8d5544\",\"#8d5544\",\"#9c6351\",\"#9c6351\",\"#6c3d2d\",\"#3e2315\",\"#332018\",\"#3e2315\",\"#3e2315\",\"#3e2315\",\"#462218\",\"#4f291d\",\"#603325\",\"#7d4b39\",\"#8d5544\",\"#8d5544\",\"#9c6351\",\"#9c6351\",\"#875948\",\"#7d4b39\",\"#754e44\",\"#5c4a47\",\"#4d5150\",\"#413738\",\"#5c4a47\",\"#9b7f78\",\"#eacebf\",\"#eacebf\",\"#e3d6cd\",\"#e3d6cd\",\"#e3d6cd\",\"#eacebf\",\"#d7beb1\",\"#dab19e\",\"#c39c89\",\"#a87d6d\",\"#593526\",\"#4f291d\",\"#603325\",\"#7d4b39\",\"#8d5544\",\"#8d5544\",\"#6c3d2d\",\"#463129\",\"#5c4a47\",\"#5c4a47\",\"#463129\",\"#9b7f78\",\"#dab19e\",\"#dab19e\",\"#dab19e\",\"#dab19e\",\"#dab19e\",\"#dab19e\",\"#eacebf\",\"#eacebf\",\"#eacebf\",\"#eacebf\",\"#d7beb1\",\"#eacebf\",\"#eacebf\",\"#ecdeca\",\"#ecdeca\",\"#ecdeca\",\"#9aa7c1\",\"#9aa7c1\",\"#849bbe\",\"#849bbe\",\"#9aa7c1\",\"#849bbe\",\"#8897b1\",\"#3e2315\",\"#4f291d\",\"#603325\",\"#593526\",\"#593526\",\"#593526\",\"#4f291d\",\"#4f291d\",\"#4f291d\",\"#4f291d\",\"#603325\",\"#6c3d2d\",\"#6c3d2d\",\"#6c3d2d\",\"#7d4b39\",\"#7d4b39\",\"#8d5544\",\"#875948\",\"#875948\",\"#6c3d2d\",\"#3e2315\",\"#3a1d18\",\"#332018\",\"#3e2315\",\"#462218\",\"#462218\",\"#4f291d\",\"#4f291d\",\"#603325\",\"#7d4b39\",\"#8d5544\",\"#8d5544\",\"#9c6351\",\"#9c6351\",\"#9c6351\",\"#7d4b39\",\"#7d4b39\",\"#5c4a47\",\"#4d5150\",\"#4d5150\",\"#75605a\",\"#cebaba\",\"#eacebf\",\"#e3d6cd\",\"#e3d6cd\",\"#e3d6cd\",\"#e3d6cd\",\"#eacebf\",\"#eacebf\",\"#d7beb1\",\"#dab19e\",\"#a87d6d\",\"#674139\",\"#462218\",\"#593526\",\"#6c3d2d\",\"#8d5544\",\"#9b5c4c\",\"#8d5544\",\"#502e29\",\"#4d5150\",\"#5c4a47\",\"#75605a\",\"#c39c89\",\"#dab19e\",\"#d7beb1\",\"#eacebf\",\"#eacebf\",\"#d7beb1\",\"#d7beb1\",\"#eacebf\",\"#eacebf\",\"#eacebf\",\"#eacebf\",\"#d7beb1\",\"#ecdeca\",\"#ecdeca\",\"#ecdeca\",\"#ecdeca\",\"#ecdeca\",\"#9aa7c1\",\"#9aa7c1\",\"#9aa7c1\",\"#849bbe\",\"#9aa7c1\",\"#8897b1\",\"#413738\",\"#3e2315\",\"#4f291d\",\"#4f291d\",\"#4f291d\",\"#4f291d\",\"#593526\",\"#4f291d\",\"#4f291d\",\"#4f291d\",\"#4f291d\",\"#603325\",\"#6c3d2d\",\"#6c3d2d\",\"#6c3d2d\",\"#7d4b39\",\"#7d4b39\",\"#7d4b39\",\"#7d4b39\",\"#603325\",\"#3e2315\",\"#332018\",\"#332018\",\"#3e2315\",\"#3e2315\",\"#4f291d\",\"#4f291d\",\"#4f291d\",\"#4f291d\",\"#603325\",\"#6c3d2d\",\"#7d4b39\",\"#8d5544\",\"#9c6351\",\"#9c6351\",\"#9c6351\",\"#9c6351\",\"#956655\",\"#674139\",\"#4d5150\",\"#586574\",\"#75605a\",\"#e3d6cd\",\"#e3d6cd\",\"#e3d6cd\",\"#e3d6cd\",\"#e3d6cd\",\"#e3d6cd\",\"#eacebf\",\"#eacebf\",\"#dab19e\",\"#c39c89\",\"#a87d6d\",\"#754e44\",\"#462218\",\"#4f291d\",\"#6c3d2d\",\"#7d4b39\",\"#8d5544\",\"#956655\",\"#593526\",\"#586574\",\"#586574\",\"#b69e97\",\"#dab19e\",\"#dab19e\",\"#eacebf\",\"#e3d6cd\",\"#e3d6cd\",\"#e3d6cd\",\"#eacebf\",\"#eacebf\",\"#eacebf\",\"#d7beb1\",\"#eacebf\",\"#d7beb1\",\"#ecdeca\",\"#ecdeca\",\"#ecdeca\",\"#ecdeca\",\"#e3d6cd\",\"#b9becb\",\"#aab1bf\",\"#9aa7c1\",\"#9aa7c1\",\"#9aa7c1\",\"#4d5150\",\"#502e29\",\"#502e29\",\"#4f291d\",\"#462218\",\"#462218\",\"#462218\",\"#4f291d\",\"#4f291d\",\"#4f291d\",\"#4f291d\",\"#4f291d\",\"#603325\",\"#6c3d2d\",\"#6c3d2d\",\"#6c3d2d\",\"#6c3d2d\",\"#7d4b39\",\"#6c3d2d\",\"#603325\",\"#462218\",\"#3e2315\",\"#332018\",\"#332018\",\"#3e2315\",\"#462218\",\"#462218\",\"#462218\",\"#4f291d\",\"#4f291d\",\"#603325\",\"#6c3d2d\",\"#7d4b39\",\"#8d5544\",\"#8d5544\",\"#9c6351\",\"#9c6351\",\"#9c6351\",\"#a9705e\",\"#956655\",\"#4d5150\",\"#586574\",\"#586574\",\"#cebaba\",\"#ecdeca\",\"#e3d6cd\",\"#ecdeca\",\"#ecdeca\",\"#ecdeca\",\"#ecdeca\",\"#eacebf\",\"#dab19e\",\"#c39c89\",\"#c39c89\",\"#84615a\",\"#462218\",\"#462218\",\"#593526\",\"#7d4b39\",\"#8d5544\",\"#9b5c4c\",\"#754e44\",\"#424e57\",\"#586574\",\"#b69e97\",\"#dab19e\",\"#d7beb1\",\"#e3d6cd\",\"#e3d6cd\",\"#e3d6cd\",\"#e3d6cd\",\"#eacebf\",\"#eacebf\",\"#d7beb1\",\"#dab19e\",\"#d7beb1\",\"#eacebf\",\"#e3d6cd\",\"#ecdeca\",\"#ecdeca\",\"#ecdeca\",\"#e3d6cd\",\"#b9becb\",\"#b9becb\",\"#b9becb\",\"#aab1bf\",\"#9b7f78\",\"#463129\",\"#4f291d\",\"#532a18\",\"#4f291d\",\"#462218\",\"#462218\",\"#462218\",\"#462218\",\"#462218\",\"#462218\",\"#462218\",\"#4f291d\",\"#603325\",\"#6c3d2d\",\"#6c3d2d\",\"#6c3d2d\",\"#6c3d2d\",\"#6c3d2d\",\"#6c3d2d\",\"#6c3d2d\",\"#462218\",\"#3a1d18\",\"#332018\",\"#332018\",\"#3e2315\",\"#462218\",\"#462218\",\"#462218\",\"#462218\",\"#4f291d\",\"#4f291d\",\"#603325\",\"#6c3d2d\",\"#7d4b39\",\"#8d5544\",\"#8d5544\",\"#9c6351\",\"#9c6351\",\"#9c6351\",\"#a87d6d\",\"#75605a\",\"#586574\",\"#586574\",\"#b69e97\",\"#ecdeca\",\"#e3d6cd\",\"#ecdeca\",\"#ecdeca\",\"#ecdeca\",\"#ecdeca\",\"#eacebf\",\"#dab19e\",\"#c39c89\",\"#a87d6d\",\"#84615a\",\"#462218\",\"#462218\",\"#593526\",\"#7d4b39\",\"#8d5544\",\"#9b5c4c\",\"#956655\",\"#424e57\",\"#586574\",\"#b69e97\",\"#d7beb1\",\"#eacebf\",\"#e3d6cd\",\"#e3d6cd\",\"#e3d6cd\",\"#e3d6cd\",\"#eacebf\",\"#eacebf\",\"#dab19e\",\"#dab19e\",\"#dab19e\",\"#eacebf\",\"#e3d6cd\",\"#ecdeca\",\"#ecdeca\",\"#ecdeca\",\"#e3d6cd\",\"#b9becb\",\"#c7c3c2\",\"#b9becb\",\"#c7c3c2\",\"#5c4a47\",\"#532a18\",\"#532a18\",\"#532a18\",\"#4f291d\",\"#4f291d\",\"#462218\",\"#462218\",\"#462218\",\"#4f291d\",\"#4f291d\",\"#603325\",\"#4f291d\",\"#603325\",\"#6c3d2d\",\"#6c3d2d\",\"#603325\",\"#603325\",\"#6c3d2d\",\"#6c3d2d\",\"#6c3d2d\",\"#603325\",\"#462218\",\"#3a1d18\",\"#332018\",\"#3e2315\",\"#462218\",\"#462218\",\"#462218\",\"#462218\",\"#4f291d\",\"#4f291d\",\"#603325\",\"#6c3d2d\",\"#6c3d2d\",\"#7d4b39\",\"#7d4b39\",\"#8d5544\",\"#8d5544\",\"#9b5c4c\",\"#a9705e\",\"#956655\",\"#4d5150\",\"#586574\",\"#6e798e\",\"#eacebf\",\"#ecdeca\",\"#ecdeca\",\"#ecdeca\",\"#ecdeca\",\"#ecdeca\",\"#eacebf\",\"#dab19e\",\"#c58e7c\",\"#a87d6d\",\"#875948\",\"#462218\",\"#462218\",\"#4f291d\",\"#7d4b39\",\"#8d5544\",\"#9b5c4c\",\"#956655\",\"#4d5150\",\"#586574\",\"#b69e97\",\"#eacebf\",\"#e3d6cd\",\"#e3d6cd\",\"#e3d6cd\",\"#e3d6cd\",\"#e3d6cd\",\"#eacebf\",\"#eacebf\",\"#dab19e\",\"#d09c89\",\"#dab19e\",\"#eacebf\",\"#e3d6cd\",\"#ecdeca\",\"#ecdeca\",\"#ecdeca\",\"#e3d6cd\",\"#c7c3c2\",\"#c7c3c2\",\"#c7c3c2\",\"#aab1bf\",\"#4f291d\",\"#4f291d\",\"#4f291d\",\"#4f291d\",\"#4f291d\",\"#462218\",\"#462218\",\"#462218\",\"#462218\",\"#4f291d\",\"#593526\",\"#6c3d2d\",\"#6c3d2d\",\"#6c3d2d\",\"#603325\",\"#603325\",\"#603325\",\"#603325\",\"#6c3d2d\",\"#6c3d2d\",\"#6c3d2d\",\"#7d4b39\",\"#754e44\",\"#3a1d18\",\"#3a1d18\",\"#3a1d18\",\"#4f291d\",\"#462218\",\"#462218\",\"#462218\",\"#4f291d\",\"#4f291d\",\"#603325\",\"#603325\",\"#6c3d2d\",\"#6c3d2d\",\"#7d4b39\",\"#8d5544\",\"#8d5544\",\"#9b5c4c\",\"#9b5c4c\",\"#a87d6d\",\"#4d5150\",\"#586574\",\"#586574\",\"#d7beb1\",\"#eacebf\",\"#ecdeca\",\"#ecdeca\",\"#ecdeca\",\"#e3d6cd\",\"#eacebf\",\"#d09c89\",\"#c58e7c\",\"#b97e6b\",\"#875948\",\"#462218\",\"#462218\",\"#4f291d\",\"#6c3d2d\",\"#7d4b39\",\"#8d5544\",\"#875948\",\"#413738\",\"#586574\",\"#cebaba\",\"#e3d6cd\",\"#e3d6cd\",\"#e3d6cd\",\"#e3d6cd\",\"#e3d6cd\",\"#e3d6cd\",\"#eacebf\",\"#d7beb1\",\"#dab19e\",\"#d09c89\",\"#dab19e\",\"#eacebf\",\"#e3d6cd\",\"#ecdeca\",\"#ecdeca\",\"#ecdeca\",\"#ecdeca\",\"#c7c3c2\",\"#c7c3c2\",\"#b9becb\",\"#9b7f78\",\"#4f291d\",\"#4f291d\",\"#4f291d\",\"#4f291d\",\"#4f291d\",\"#462218\",\"#462218\",\"#462218\",\"#4f291d\",\"#593526\",\"#593526\",\"#7d4b39\",\"#8d5544\",\"#8d5544\",\"#603325\",\"#603325\",\"#603325\",\"#603325\",\"#6c3d2d\",\"#6c3d2d\",\"#6c3d2d\",\"#875948\",\"#a87d6d\",\"#754e44\",\"#3a1d18\",\"#3a1d18\",\"#4f291d\",\"#462218\",\"#462218\",\"#462218\",\"#462218\",\"#462218\",\"#4f291d\",\"#603325\",\"#6c3d2d\",\"#6c3d2d\",\"#6c3d2d\",\"#7d4b39\",\"#7d4b39\",\"#8d5544\",\"#8d5544\",\"#956655\",\"#5c4a47\",\"#424e57\",\"#4d5150\",\"#b69e97\",\"#d7beb1\",\"#eacebf\",\"#ecdeca\",\"#ecdeca\",\"#eacebf\",\"#d7beb1\",\"#d09c89\",\"#a9705e\",\"#a9705e\",\"#7d4b39\",\"#462218\",\"#462218\",\"#4f291d\",\"#6c3d2d\",\"#7d4b39\",\"#875948\",\"#875948\",\"#413738\",\"#586574\",\"#cebaba\",\"#eacebf\",\"#e3d6cd\",\"#e3d6cd\",\"#e3d6cd\",\"#e3d6cd\",\"#e3d6cd\",\"#eacebf\",\"#dab19e\",\"#d09c89\",\"#d09c89\",\"#dab19e\",\"#eacebf\",\"#d7beb1\",\"#ecdeca\",\"#ecdeca\",\"#ecdeca\",\"#ecdeca\",\"#e3d6cd\",\"#c7c3c2\",\"#c7c3c2\",\"#5c4a47\",\"#4f291d\",\"#4f291d\",\"#4f291d\",\"#4f291d\",\"#4f291d\",\"#462218\",\"#462218\",\"#462218\",\"#4f291d\",\"#593526\",\"#593526\",\"#7d4b39\",\"#8d5544\",\"#9c6351\",\"#7d4b39\",\"#6c3d2d\",\"#603325\",\"#603325\",\"#6c3d2d\",\"#6c3d2d\",\"#7d4b39\",\"#875948\",\"#c58e7c\",\"#a87d6d\",\"#502e29\",\"#462218\",\"#462218\",\"#4f291d\",\"#4f291d\",\"#462218\",\"#462218\",\"#462218\",\"#462218\",\"#603325\",\"#603325\",\"#6c3d2d\",\"#6c3d2d\",\"#7d4b39\",\"#7d4b39\",\"#7d4b39\",\"#8d5544\",\"#8d5544\",\"#5c4a47\",\"#424e57\",\"#4d5150\",\"#b69e97\",\"#d7beb1\",\"#eacebf\",\"#eacebf\",\"#eacebf\",\"#eacebf\",\"#dab19e\",\"#c58e7c\",\"#a9705e\",\"#956655\",\"#6c3d2d\",\"#462218\",\"#462218\",\"#4f291d\",\"#6c3d2d\",\"#7d4b39\",\"#7d4b39\",\"#84615a\",\"#4d5150\",\"#4d5150\",\"#cebaba\",\"#d7beb1\",\"#e3d6cd\",\"#e3d6cd\",\"#e3d6cd\",\"#e3d6cd\",\"#e3d6cd\",\"#eacebf\",\"#dab19e\",\"#d09c89\",\"#d09c89\",\"#dab19e\",\"#eacebf\",\"#d7beb1\",\"#ecdeca\",\"#ecdeca\",\"#ecdeca\",\"#ecdeca\",\"#e3d6cd\",\"#e3d6cd\",\"#c7c3c2\",\"#5c4a47\",\"#532a18\",\"#603325\",\"#593526\",\"#593526\",\"#4f291d\",\"#4f291d\",\"#462218\",\"#462218\",\"#4f291d\",\"#593526\",\"#593526\",\"#7d4b39\",\"#8d5544\",\"#9c6351\",\"#9c6351\",\"#8d5544\",\"#6c3d2d\",\"#603325\",\"#6c3d2d\",\"#6c3d2d\",\"#7d4b39\",\"#875948\",\"#c58e7c\",\"#d09c89\",\"#a87d6d\",\"#3e2315\",\"#462218\",\"#4f291d\",\"#4f291d\",\"#462218\",\"#462218\",\"#462218\",\"#462218\",\"#603325\",\"#603325\",\"#6c3d2d\",\"#6c3d2d\",\"#6c3d2d\",\"#7d4b39\",\"#7d4b39\",\"#7d4b39\",\"#7d4b39\",\"#674139\",\"#424e57\",\"#4d5150\",\"#75605a\",\"#84615a\",\"#dab19e\",\"#eacebf\",\"#eacebf\",\"#d7beb1\",\"#d09c89\",\"#c58e7c\",\"#a9705e\",\"#956655\",\"#603325\",\"#462218\",\"#4f291d\",\"#4f291d\",\"#603325\",\"#6c3d2d\",\"#7d4b39\",\"#754e44\",\"#413738\",\"#75605a\",\"#b69e97\",\"#d7beb1\",\"#eacebf\",\"#eacebf\",\"#eacebf\",\"#eacebf\",\"#eacebf\",\"#d7beb1\",\"#dab19e\",\"#d09c89\",\"#d09c89\",\"#c39c89\",\"#d7beb1\",\"#e3d6cd\",\"#ecdeca\",\"#ecdeca\",\"#ecdeca\",\"#ecdeca\",\"#e3d6cd\",\"#e3d6cd\",\"#c7c3c2\",\"#463129\",\"#593526\",\"#593526\",\"#593526\",\"#593526\",\"#4f291d\",\"#4f291d\",\"#4f291d\",\"#462218\",\"#4f291d\",\"#4f291d\",\"#603325\",\"#7d4b39\",\"#8d5544\",\"#8d5544\",\"#9c6351\",\"#8d5544\",\"#8d5544\",\"#6c3d2d\",\"#6c3d2d\",\"#7d4b39\",\"#7d4b39\",\"#9c6351\",\"#c58e7c\",\"#d09c89\",\"#c39c89\",\"#956655\",\"#462218\",\"#4f291d\",\"#4f291d\",\"#462218\",\"#462218\",\"#462218\",\"#462218\",\"#4f291d\",\"#603325\",\"#6c3d2d\",\"#6c3d2d\",\"#6c3d2d\",\"#7d4b39\",\"#7d4b39\",\"#7d4b39\",\"#7d4b39\",\"#674139\",\"#5c4a47\",\"#75605a\",\"#84615a\",\"#84615a\",\"#c39c89\",\"#dab19e\",\"#dab19e\",\"#dab19e\",\"#c39c89\",\"#b97e6b\",\"#a9705e\",\"#956655\",\"#4f291d\",\"#462218\",\"#4f291d\",\"#4f291d\",\"#603325\",\"#603325\",\"#7d4b39\",\"#754e44\",\"#875948\",\"#84615a\",\"#84615a\",\"#b69e97\",\"#eacebf\",\"#e3d6cd\",\"#eacebf\",\"#eacebf\",\"#eacebf\",\"#d7beb1\",\"#dab19e\",\"#d09c89\",\"#d09c89\",\"#dab19e\",\"#d7beb1\",\"#ecdeca\",\"#ecdeca\",\"#ecdeca\",\"#ecdeca\",\"#ecdeca\",\"#e3d6cd\",\"#e3d6cd\",\"#c7c3c2\",\"#593526\",\"#593526\",\"#593526\",\"#593526\",\"#603325\",\"#532a18\",\"#532a18\",\"#532a18\",\"#4f291d\",\"#4f291d\",\"#4f291d\",\"#603325\",\"#7d4b39\",\"#7d4b39\",\"#8d5544\",\"#9c6351\",\"#9c6351\",\"#9c6351\",\"#8d5544\",\"#875948\",\"#875948\",\"#875948\",\"#a9705e\",\"#c58e7c\",\"#d09c89\",\"#d09c89\",\"#a87d6d\",\"#4f291d\",\"#4f291d\",\"#4f291d\",\"#4f291d\",\"#462218\",\"#462218\",\"#462218\",\"#4f291d\",\"#4f291d\",\"#603325\",\"#6c3d2d\",\"#6c3d2d\",\"#7d4b39\",\"#7d4b39\",\"#7d4b39\",\"#875948\",\"#6c3d2d\",\"#84615a\",\"#a87d6d\",\"#956655\",\"#a87d6d\",\"#c39c89\",\"#dab19e\",\"#d09c89\",\"#d09c89\",\"#a87d6d\",\"#a9705e\",\"#a9705e\",\"#875948\",\"#4f291d\",\"#462218\",\"#4f291d\",\"#4f291d\",\"#4f291d\",\"#603325\",\"#593526\",\"#875948\",\"#a9705e\",\"#875948\",\"#754e44\",\"#9b7f78\",\"#eacebf\",\"#eacebf\",\"#eacebf\",\"#eacebf\",\"#d7beb1\",\"#dab19e\",\"#d09c89\",\"#d09c89\",\"#d09c89\",\"#dab19e\",\"#d7beb1\",\"#ecdeca\",\"#ecdeca\",\"#ecdeca\",\"#ecdeca\",\"#ecdeca\",\"#c7c3c2\",\"#e3d6cd\",\"#c7c3c2\",\"#593526\",\"#593526\",\"#593526\",\"#603325\",\"#593526\",\"#593526\",\"#532a18\",\"#532a18\",\"#4f291d\",\"#4f291d\",\"#4f291d\",\"#603325\",\"#6c3d2d\",\"#7d4b39\",\"#8d5544\",\"#8d5544\",\"#8d5544\",\"#9c6351\",\"#9c6351\",\"#9c6351\",\"#9c6351\",\"#9c6351\",\"#b97e6b\",\"#c58e7c\",\"#d09c89\",\"#d09c89\",\"#c39c89\",\"#754e44\",\"#462218\",\"#4f291d\",\"#4f291d\",\"#462218\",\"#462218\",\"#462218\",\"#4f291d\",\"#4f291d\",\"#603325\",\"#6c3d2d\",\"#6c3d2d\",\"#7d4b39\",\"#7d4b39\",\"#7d4b39\",\"#7d4b39\",\"#7d4b39\",\"#875948\",\"#b97e6b\",\"#a9705e\",\"#956655\",\"#c39c89\",\"#c39c89\",\"#c58e7c\",\"#c58e7c\",\"#a87d6d\",\"#a9705e\",\"#a9705e\",\"#875948\",\"#532a18\",\"#4f291d\",\"#4f291d\",\"#4f291d\",\"#4f291d\",\"#603325\",\"#593526\",\"#956655\",\"#a9705e\",\"#875948\",\"#956655\",\"#c39c89\",\"#dab19e\",\"#d7beb1\",\"#d7beb1\",\"#dab19e\",\"#c39c89\",\"#d09c89\",\"#d09c89\",\"#d09c89\",\"#d09c89\",\"#dab19e\",\"#d7beb1\",\"#ecdeca\",\"#ecdeca\",\"#ecdeca\",\"#ecdeca\",\"#ecdeca\",\"#e3d6cd\",\"#e3d6cd\",\"#c7c3c2\",\"#593526\",\"#593526\",\"#603325\",\"#603325\",\"#603325\",\"#593526\",\"#593526\",\"#532a18\",\"#4f291d\",\"#4f291d\",\"#4f291d\",\"#603325\",\"#6c3d2d\",\"#7d4b39\",\"#7d4b39\",\"#8d5544\",\"#8d5544\",\"#9c6351\",\"#9b5c4c\",\"#a9705e\",\"#a9705e\",\"#a9705e\",\"#b97e6b\",\"#b97e6b\",\"#c58e7c\",\"#d09c89\",\"#c39c89\",\"#a87d6d\",\"#4f291d\",\"#4f291d\",\"#4f291d\",\"#462218\",\"#462218\",\"#462218\",\"#4f291d\",\"#4f291d\",\"#603325\",\"#6c3d2d\",\"#6c3d2d\",\"#7d4b39\",\"#7d4b39\",\"#875948\",\"#875948\",\"#875948\",\"#7d4b39\",\"#a9705e\",\"#b97e6b\",\"#875948\",\"#a87d6d\",\"#c58e7c\",\"#b97e6b\",\"#b97e6b\",\"#b97e6b\",\"#9c6351\",\"#9c6351\",\"#6c3d2d\",\"#532a18\",\"#4f291d\",\"#4f291d\",\"#4f291d\",\"#4f291d\",\"#4f291d\",\"#593526\",\"#956655\",\"#a9705e\",\"#875948\",\"#a87d6d\",\"#c39c89\",\"#d09c89\",\"#dab19e\",\"#d09c89\",\"#c58e7c\",\"#b97e6b\",\"#d09c89\",\"#d09c89\",\"#d09c89\",\"#d09c89\",\"#dab19e\",\"#eacebf\",\"#ecdeca\",\"#ecdeca\",\"#ecdeca\",\"#ecdeca\",\"#ecdeca\",\"#c7c3c2\",\"#e3d6cd\",\"#e3d6cd\",\"#593526\",\"#603325\",\"#603325\",\"#603325\",\"#603325\",\"#603325\",\"#603325\",\"#603325\",\"#603325\",\"#4f291d\",\"#4f291d\",\"#4f291d\",\"#603325\",\"#6c3d2d\",\"#7d4b39\",\"#7d4b39\",\"#8d5544\",\"#8d5544\",\"#9b5c4c\",\"#9b5c4c\",\"#a9705e\",\"#a9705e\",\"#b97e6b\",\"#b97e6b\",\"#c58e7c\",\"#d09c89\",\"#c39c89\",\"#c39c89\",\"#462218\",\"#4f291d\",\"#4f291d\",\"#462218\",\"#462218\",\"#462218\",\"#4f291d\",\"#4f291d\",\"#593526\",\"#603325\",\"#6c3d2d\",\"#7d4b39\",\"#8d5544\",\"#875948\",\"#875948\",\"#875948\",\"#7d4b39\",\"#8d5544\",\"#956655\",\"#875948\",\"#956655\",\"#a87d6d\",\"#a9705e\",\"#956655\",\"#a9705e\",\"#875948\",\"#875948\",\"#4f291d\",\"#462218\",\"#462218\",\"#3e2315\",\"#4f291d\",\"#462218\",\"#462218\",\"#603325\",\"#9c6351\",\"#9c6351\",\"#875948\",\"#a9705e\",\"#b97e6b\",\"#c58e7c\",\"#c58e7c\",\"#b97e6b\",\"#b97e6b\",\"#a9705e\",\"#c58e7c\",\"#d09c89\",\"#d09c89\",\"#d09c89\",\"#d7beb1\",\"#ecdeca\",\"#ecdeca\",\"#ecdeca\",\"#ecdeca\",\"#ecdeca\",\"#ecdeca\",\"#c7c3c2\",\"#e3d6cd\",\"#e3d6cd\",\"#75605a\",\"#603325\",\"#603325\",\"#603325\",\"#603325\",\"#603325\",\"#6c3d2d\",\"#603325\",\"#603325\",\"#4f291d\",\"#4f291d\",\"#4f291d\",\"#603325\",\"#603325\",\"#6c3d2d\",\"#7d4b39\",\"#7d4b39\",\"#7d4b39\",\"#9c6351\",\"#a9705e\",\"#a9705e\",\"#a9705e\",\"#a9705e\",\"#b97e6b\",\"#c58e7c\",\"#d09c89\",\"#c39c89\",\"#c39c89\",\"#4f291d\",\"#462218\",\"#462218\",\"#462218\",\"#462218\",\"#462218\",\"#462218\",\"#462218\",\"#4f291d\",\"#603325\",\"#6c3d2d\",\"#7d4b39\",\"#7d4b39\",\"#8d5544\",\"#8d5544\",\"#8d5544\",\"#7d4b39\",\"#8d5544\",\"#8d5544\",\"#875948\",\"#875948\",\"#956655\",\"#956655\",\"#956655\",\"#956655\",\"#875948\",\"#674139\",\"#4f291d\",\"#462218\",\"#462218\",\"#462218\",\"#3e2315\",\"#462218\",\"#462218\",\"#603325\",\"#9c6351\",\"#8d5544\",\"#9c6351\",\"#a9705e\",\"#a9705e\",\"#a9705e\",\"#a9705e\",\"#a9705e\",\"#a9705e\",\"#a9705e\",\"#b97e6b\",\"#c58e7c\",\"#d09c89\",\"#dab19e\",\"#ecdeca\",\"#ecdeca\",\"#ecdeca\",\"#ecdeca\",\"#ecdeca\",\"#eacebf\",\"#e3d6cd\",\"#c7c3c2\",\"#c7c3c2\",\"#e3d6cd\",\"#9b7f78\",\"#603325\",\"#603325\",\"#603325\",\"#603325\",\"#603325\",\"#6c3d2d\",\"#603325\",\"#603325\",\"#593526\",\"#4f291d\",\"#4f291d\",\"#4f291d\",\"#593526\",\"#603325\",\"#6c3d2d\",\"#603325\",\"#6c3d2d\",\"#7d4b39\",\"#9b5c4c\",\"#a9705e\",\"#9c6351\",\"#a9705e\",\"#b97e6b\",\"#c58e7c\",\"#d09c89\",\"#c39c89\",\"#c39c89\",\"#674139\",\"#462218\",\"#4f291d\",\"#462218\",\"#462218\",\"#462218\",\"#462218\",\"#462218\",\"#4f291d\",\"#4f291d\",\"#603325\",\"#6c3d2d\",\"#7d4b39\",\"#8d5544\",\"#8d5544\",\"#8d5544\",\"#7d4b39\",\"#7d4b39\",\"#875948\",\"#875948\",\"#6c3d2d\",\"#875948\",\"#875948\",\"#875948\",\"#875948\",\"#956655\",\"#a87d6d\",\"#9b7f78\",\"#754e44\",\"#462218\",\"#462218\",\"#462218\",\"#3e2315\",\"#3e2315\",\"#593526\",\"#754e44\",\"#6c3d2d\",\"#956655\",\"#9c6351\",\"#9c6351\",\"#a9705e\",\"#a9705e\",\"#a9705e\",\"#a9705e\",\"#a9705e\",\"#a9705e\",\"#a9705e\",\"#a87d6d\",\"#dab19e\",\"#ecdeca\",\"#e3d6cd\",\"#e3d6cd\",\"#e3d6cd\",\"#e3d6cd\",\"#d7beb1\",\"#d7beb1\",\"#c7c3c2\",\"#c7c3c2\",\"#c7c3c2\",\"#cebaba\",\"#593526\",\"#603325\",\"#603325\",\"#603325\",\"#603325\",\"#6c3d2d\",\"#603325\",\"#603325\",\"#4f291d\",\"#4f291d\",\"#462218\",\"#4f291d\",\"#593526\",\"#593526\",\"#603325\",\"#462218\",\"#603325\",\"#6c3d2d\",\"#7d4b39\",\"#9c6351\",\"#9c6351\",\"#a9705e\",\"#b97e6b\",\"#c58e7c\",\"#d09c89\",\"#c39c89\",\"#c39c89\",\"#674139\",\"#462218\",\"#462218\",\"#462218\",\"#462218\",\"#462218\",\"#462218\",\"#462218\",\"#462218\",\"#4f291d\",\"#603325\",\"#6c3d2d\",\"#6c3d2d\",\"#7d4b39\",\"#8d5544\",\"#875948\",\"#7d4b39\",\"#6c3d2d\",\"#6c3d2d\",\"#754e44\",\"#754e44\",\"#84615a\",\"#875948\",\"#875948\",\"#875948\",\"#b69e97\",\"#b69e97\",\"#9b7f78\",\"#84615a\",\"#502e29\",\"#462218\",\"#3e2315\",\"#3e2315\",\"#3e2315\",\"#463129\",\"#674139\",\"#7d4b39\",\"#9c6351\",\"#8d5544\",\"#9c6351\",\"#9c6351\",\"#9c6351\",\"#9c6351\",\"#9c6351\",\"#9c6351\",\"#9c6351\",\"#9c6351\",\"#a87d6d\",\"#eacebf\",\"#e3d6cd\",\"#e3d6cd\",\"#e3d6cd\",\"#d7beb1\",\"#d7beb1\",\"#d7beb1\",\"#cebaba\",\"#c7c3c2\",\"#c7c3c2\",\"#c7c3c2\",\"#cebaba\",\"#5c4a47\",\"#603325\",\"#603325\",\"#603325\",\"#603325\",\"#6c3d2d\",\"#603325\",\"#603325\",\"#603325\",\"#4f291d\",\"#4f291d\",\"#4f291d\",\"#4f291d\",\"#4f291d\",\"#4f291d\",\"#462218\",\"#4f291d\",\"#6c3d2d\",\"#6c3d2d\",\"#8d5544\",\"#9c6351\",\"#b97e6b\",\"#c58e7c\",\"#d09c89\",\"#c39c89\",\"#c39c89\",\"#c39c89\",\"#674139\",\"#3a1d18\",\"#462218\",\"#4f291d\",\"#462218\",\"#462218\",\"#462218\",\"#462218\",\"#462218\",\"#4f291d\",\"#603325\",\"#603325\",\"#6c3d2d\",\"#7d4b39\",\"#7d4b39\",\"#7d4b39\",\"#7d4b39\",\"#7d4b39\",\"#593526\",\"#84615a\",\"#463129\",\"#463129\",\"#5c4a47\",\"#674139\",\"#9b7f78\",\"#b69e97\",\"#9b7f78\",\"#75605a\",\"#413738\",\"#413738\",\"#332018\",\"#332018\",\"#2a2020\",\"#2a2020\",\"#2a2020\",\"#502e29\",\"#875948\",\"#875948\",\"#875948\",\"#875948\",\"#8d5544\",\"#956655\",\"#956655\",\"#7d4b39\",\"#7d4b39\",\"#7d4b39\",\"#754e44\",\"#c39c89\",\"#d7beb1\",\"#cebaba\",\"#cebaba\",\"#cebaba\",\"#cebaba\",\"#cebaba\",\"#cebaba\",\"#cebaba\",\"#c7c3c2\",\"#c7c3c2\",\"#c7c3c2\",\"#c7c3c2\",\"#9b7f78\",\"#502e29\",\"#593526\",\"#603325\",\"#603325\",\"#6c3d2d\",\"#603325\",\"#603325\",\"#593526\",\"#4f291d\",\"#462218\",\"#462218\",\"#4f291d\",\"#4f291d\",\"#4f291d\",\"#462218\",\"#462218\",\"#603325\",\"#6c3d2d\",\"#8d5544\",\"#9c6351\",\"#b97e6b\",\"#d09c89\",\"#d09c89\",\"#c39c89\",\"#c39c89\",\"#c39c89\",\"#674139\",\"#3a1d18\",\"#3e2315\",\"#462218\",\"#4f291d\",\"#462218\",\"#462218\",\"#462218\",\"#462218\",\"#4f291d\",\"#4f291d\",\"#4f291d\",\"#603325\",\"#603325\",\"#603325\",\"#7d4b39\",\"#7d4b39\",\"#7d4b39\",\"#502e29\",\"#413738\",\"#413738\",\"#353c45\",\"#353c45\",\"#353c45\",\"#353c45\",\"#353c45\",\"#353c45\",\"#353c45\",\"#353c45\",\"#353c45\",\"#353c45\",\"#2a2020\",\"#2a2020\",\"#2a2020\",\"#2a2020\",\"#3a1d18\",\"#6c3d2d\",\"#6c3d2d\",\"#6c3d2d\",\"#6c3d2d\",\"#6c3d2d\",\"#6c3d2d\",\"#4f291d\",\"#674139\",\"#674139\",\"#754e44\",\"#c39c89\",\"#d7beb1\",\"#b69e97\",\"#cebaba\",\"#cebaba\",\"#cebaba\",\"#cebaba\",\"#cebaba\",\"#cebaba\",\"#cebaba\",\"#c7c3c2\",\"#c7c3c2\",\"#c7c3c2\",\"#c7c3c2\",\"#cebaba\",\"#5c4a47\",\"#593526\",\"#532a18\",\"#603325\",\"#603325\",\"#603325\",\"#603325\",\"#4f291d\",\"#4f291d\",\"#462218\",\"#462218\",\"#462218\",\"#4f291d\",\"#462218\",\"#462218\",\"#462218\",\"#603325\",\"#6c3d2d\",\"#7d4b39\",\"#9c6351\",\"#c58e7c\",\"#d09c89\",\"#d09c89\",\"#c39c89\",\"#d09c89\",\"#c39c89\",\"#674139\",\"#332018\",\"#3a1d18\",\"#3e2315\",\"#3e2315\",\"#3e2315\",\"#462218\",\"#462218\",\"#462218\",\"#462218\",\"#502e29\",\"#462218\",\"#462218\",\"#462218\",\"#4f291d\",\"#4f291d\",\"#603325\",\"#6c3d2d\",\"#463129\",\"#353c45\",\"#353c45\",\"#424e57\",\"#424e57\",\"#424e57\",\"#424e57\",\"#424e57\",\"#424e57\",\"#424e57\",\"#424e57\",\"#424e57\",\"#424e57\",\"#424e57\",\"#353c45\",\"#2a2020\",\"#2a2020\",\"#332018\",\"#593526\",\"#532a18\",\"#603325\",\"#6c3d2d\",\"#603325\",\"#4f291d\",\"#502e29\",\"#502e29\",\"#84615a\",\"#b69e97\",\"#eacebf\",\"#d7beb1\",\"#b69e97\",\"#cebaba\",\"#cebaba\",\"#cebaba\",\"#cebaba\",\"#cebaba\",\"#cebaba\",\"#cebaba\",\"#c7c3c2\",\"#c7c3c2\",\"#c7c3c2\",\"#c7c3c2\",\"#c7c3c2\",\"#b69e97\",\"#463129\",\"#593526\",\"#603325\",\"#603325\",\"#603325\",\"#603325\",\"#4f291d\",\"#4f291d\",\"#462218\",\"#462218\",\"#462218\",\"#462218\",\"#462218\",\"#462218\",\"#462218\",\"#532a18\",\"#6c3d2d\",\"#7d4b39\",\"#a9705e\",\"#c58e7c\",\"#d09c89\",\"#d09c89\",\"#c39c89\",\"#d09c89\",\"#c39c89\",\"#463129\",\"#332018\",\"#332018\",\"#3a1d18\",\"#3e2315\",\"#3e2315\",\"#462218\",\"#462218\",\"#462218\",\"#3a1d18\",\"#3a1d18\",\"#3a1d18\",\"#3a1d18\",\"#674139\",\"#674139\",\"#593526\",\"#4f291d\",\"#593526\",\"#413738\",\"#424e57\",\"#424e57\",\"#424e57\",\"#424e57\",\"#424e57\",\"#424e57\",\"#424e57\",\"#424e57\",\"#424e57\",\"#424e57\",\"#424e57\",\"#424e57\",\"#424e57\",\"#353c45\",\"#353c45\",\"#353c45\",\"#463129\",\"#875948\",\"#7d4b39\",\"#603325\",\"#593526\",\"#4f291d\",\"#4f291d\",\"#532a18\",\"#7d4b39\",\"#dab19e\",\"#eacebf\",\"#eacebf\",\"#d7beb1\",\"#d7beb1\",\"#d7beb1\",\"#cebaba\",\"#cebaba\",\"#cebaba\",\"#cebaba\",\"#cebaba\",\"#cebaba\",\"#c7c3c2\",\"#c7c3c2\",\"#c7c3c2\",\"#c7c3c2\",\"#b9becb\",\"#c7c3c2\",\"#9b7f78\",\"#502e29\",\"#603325\",\"#603325\",\"#603325\",\"#603325\",\"#603325\",\"#4f291d\",\"#4f291d\",\"#462218\",\"#462218\",\"#462218\",\"#462218\",\"#462218\",\"#3e2315\",\"#4f291d\",\"#603325\",\"#7d4b39\",\"#b97e6b\",\"#d09c89\",\"#d09c89\",\"#d09c89\",\"#c39c89\",\"#c39c89\",\"#c39c89\",\"#332018\",\"#332018\",\"#3e2315\",\"#3a1d18\",\"#3a1d18\",\"#3a1d18\",\"#3a1d18\",\"#3e2315\",\"#462218\",\"#3a1d18\",\"#3a1d18\",\"#3a1d18\",\"#3a1d18\",\"#3a1d18\",\"#3a1d18\",\"#462218\",\"#4f291d\",\"#463129\",\"#413738\",\"#353c45\",\"#424e57\",\"#424e57\",\"#424e57\",\"#424e57\",\"#353c45\",\"#353c45\",\"#353c45\",\"#353c45\",\"#353c45\",\"#353c45\",\"#353c45\",\"#353c45\",\"#353c45\",\"#353c45\",\"#353c45\",\"#84615a\",\"#c58e7c\",\"#d09c89\",\"#875948\",\"#603325\",\"#6c3d2d\",\"#603325\",\"#6c3d2d\",\"#875948\",\"#c39c89\",\"#eacebf\",\"#e3d6cd\",\"#dab19e\",\"#d7beb1\",\"#d7beb1\",\"#cebaba\",\"#cebaba\",\"#cebaba\",\"#cebaba\",\"#cebaba\",\"#cebaba\",\"#c7c3c2\",\"#c7c3c2\",\"#c7c3c2\",\"#c7c3c2\",\"#c7c3c2\",\"#c7c3c2\",\"#c7c3c2\",\"#9b7f78\",\"#603325\",\"#603325\",\"#603325\",\"#603325\",\"#4f291d\",\"#4f291d\",\"#4f291d\",\"#462218\",\"#462218\",\"#462218\",\"#462218\",\"#462218\",\"#4f291d\",\"#4f291d\",\"#603325\",\"#7d4b39\",\"#b97e6b\",\"#c58e7c\",\"#c58e7c\",\"#c58e7c\",\"#c39c89\",\"#c39c89\",\"#9b7f78\",\"#3a1d18\",\"#332018\",\"#3e2315\",\"#3e2315\",\"#3e2315\",\"#3e2315\",\"#3e2315\",\"#3e2315\",\"#462218\",\"#3a1d18\",\"#332018\",\"#3a1d18\",\"#3a1d18\",\"#463129\",\"#502e29\",\"#502e29\",\"#593526\",\"#463129\",\"#353c45\",\"#353c45\",\"#353c45\",\"#353c45\",\"#353c45\",\"#353c45\",\"#353c45\",\"#353c45\",\"#353c45\",\"#353c45\",\"#353c45\",\"#353c45\",\"#353c45\",\"#353c45\",\"#353c45\",\"#353c45\",\"#353c45\",\"#84615a\",\"#c58e7c\",\"#d09c89\",\"#754e44\",\"#6c3d2d\",\"#6c3d2d\",\"#6c3d2d\",\"#6c3d2d\",\"#875948\",\"#c39c89\",\"#eacebf\",\"#e3d6cd\",\"#dab19e\",\"#dab19e\",\"#d7beb1\",\"#cebaba\",\"#cebaba\",\"#cebaba\",\"#cebaba\",\"#cebaba\",\"#cebaba\"\n    ];\n    return rval[x + y * 87];\n}","clonedFrom":"5f51705d5ca32962eda6c8f8"}}