{"base":"INTERACT","creator":"642daa11a95cba7e5c254bfc","id":"644f8048b5cf871fb2d400ea","name":"furry b.k.","prop":{"textSize":1287,"attr":[8],"textData":"hi!\n\nhears I am anti furry: NAH I CANT EVEN LIVE IN OHIO\n\nHEARS WHAT ARE YOU: I AM A FURRY\n\nHEARS UR CUTE or YOU ARE CUTE or your cute: paypal me 4000 usd /4444  https://soundcloud.com/kslv_noh/override\n\n\nhears what do you think of me: you like kissing, arent you?\n\nhears die: OH NAH ITS ANTI FURRY ALLIES WE GOTTA GET READY\n\nhears we will take over: DONT MAKE OUR TERETORY RED\n\ngets anti furry flag: /lol  aaahhahahahahahahaaaa\n\ngets saw: /Furry b.k. Hurt  HEY THAT HURT A LOT!\n\nHears nothing is worth the risk: /niwtr  https://soundcloud.com/z-sharp-productions/think-z-mixed-funkdela-catalogue-remix\n\nhears big shot: /spamton  https://soundcloud.com/tobyfox-music/big-shot\n\nhears join the antifurrys: /antifurry  https://soundcloud.com/kslv_noh/override\n\nhears open your eyes: /niwtr  https://soundcloud.com/bruh-728347858/bitter-reunion-gift-remix\n\nhears its pizza time: /pizzatower  https://soundcloud.com/yes-no-526472880/pizza-tower-war-thousand-march-metal-cover-by-richaadeb\n\nhears owo: you expect me to say \"uwu\"??? no I am not THAT!\n\nHEARS WHAT SHOULD I DO: YOU SHOULD RESET CHARACTER NOW! /ysrcn  https://soundcloud.com/giorgsavv/the-only-thing-they-fear-is-you\n\nhears gimme pizza: ok here you go! TIP?  https://soundcloud.com/user-98682940/scary-night-instrumental  /tip  \n\n","thingRefs":[["644c005db5cf871fb2d3f140","anti furry flag"],["644e7fa7c5143c7cfccdb1f8","lol"],["644e81ea7f2e847cfdd9cfa2","furry b.k. hurt"],["644c05d4c5143c7cfccda71d","saw"],["644e82d9c5143c7cfccdb212","niwtr"],["644e83d17f2e847cfdd9cfa5","spamton"],["644e8846c9b3c77cf4bbffa3","pizzatower"],["644e858349042b05ac2d2456","antifurry"],["644e953c8051811fb31ea811","4444"],["644e95bbb175e71fb189e667","ysrcn"],["644f8035c9b3c77cf4bc04a4","tip"]],"clonedFrom":"644e801547aba81fb6d8c649"}}