{"base":"INTERACT","creator":"64db860ba75b9d46f329259a","id":"651ab40f70e35765b4db8dcf","name":"creeper","prop":{"textSize":9630,"attr":[5,8],"textData":"REACHES: {**creeper!**} /IGNITING /WAITS 0.9S  {**aw ma--**} /waits 0.1s  /THROWS 36 5 SHRAP, 72 5 SHRAP, 108 5 SHRAP, 144 5 SHRAP, 180 5 SHRAP, 216 5 SHRAP, 252 5 SHRAP, 288 5 SHRAP, 324 5 SHRAP, 360 5 SHRAP /PLAYS EXPLOSION /PLAYS EPIC HORNS 2 /PLACES 15S DST 0 0, DST 1 0, DST 2 0, DST -1 0, DST -2 0, DST 0 1, DST 1 1, DST 2 1, DST -1 1, DST -2 1, DST 0 2, DST 1 2, DST -1 2, DST 1 -1, DST 2 -1, DST -1 -1, DST -2 -1, DST 1 -2, DST -1 -2, DST 0 -1, DST 0 -2\nSOMEONE ARRIVES: /=20 HEALTH /LIMITS HEALTH 0 100\n\nTOUCHES FORGE SWORD AND IS [CHANCE 40] AND HEALTH > 5: -5 /PLAYS PUNCH 2 /-5 HEALTH /WAITS 1S  /DO NOTHING\nTOUCHES FORGE SWORD AND IS [CHANCE 40] AND HEALTH > 6: -6 /PLAYS PUNCH 2 /-6 HEALTH /WAITS 1S  /DO NOTHING\nTOUCHES FORGE SWORD AND IS [CHANCE 10] AND HEALTH > 7: CRITICAL! (-5 + -2) /PLAYS PUNCHES /-7 HEALTH /WAITS 1S  /DO NOTHING\nTOUCHES FORGE SWORD AND IS [CHANCE 10] AND HEALTH > 8: CRITICAL! (-6 + -2) /PLAYS PUNCHES /-8 HEALTH /WAITS 1S  /DO NOTHING\n\nTOUCHES FORGE SWORD AND IS [CHANCE 40] AND HEALTH <= 5: {YOU DEFEATED THE CREEPER!} /PLACES 15S NOTHING 0 0 \nTOUCHES FORGE SWORD AND IS [CHANCE 40] AND HEALTH <= 6: {YOU DEFEATED THE CREEPER!} /PLACES 15S NOTHING 0 0\nTOUCHES FORGE SWORD AND IS [CHANCE 10] AND HEALTH <= 7: {YOU DEFEATED THE CREEPER!} /PLACES 15S NOTHING 0 0 /+3 THEIR WOOD\nTOUCHES FORGE SWORD AND IS [CHANCE 10] AND HEALTH <= 8: {YOU DEFEATED THE CREEPER!} /PLACES 15S NOTHING 0 0\n\nTOUCHES IRON SWORD AND IS [CHANCE 40] AND HEALTH > 6: -6 /PLAYS PUNCH 2 /-6 HEALTH /WAITS 1S  /DO NOTHING\nTOUCHES IRON SWORD AND IS [CHANCE 40] AND HEALTH > 7: -7 /PLAYS PUNCH 2 /-7 HEALTH /WAITS 1S  /DO NOTHING\nTOUCHES IRON SWORD AND IS [CHANCE 20] AND HEALTH > 9: CRITICAL! (-6 + -3) /PLAYS PUNCHES /-9 HEALTH /WAITS 1S  /DO NOTHING\n\nTOUCHES IRON SWORD AND IS [CHANCE 40] AND HEALTH <= 6: {YOU DEFEATED THE CREEPER!} /PLACES 15S NOTHING 0 0\nTOUCHES IRON SWORD AND IS [CHANCE 40] AND HEALTH <= 7: {YOU DEFEATED THE CREEPER!}/PLACES 15S NOTHING 0 0\nTOUCHES IRON SWORD AND IS [CHANCE 20] AND HEALTH <= 9: {YOU DEFEATED THE CREEPER!}/PLACES 15S NOTHING 0 0 \n\nTOUCHES GOLD SWORD AND IS [CHANCE 30] AND HEALTH > 7: -7 /PLAYS PUNCH 2 /-7 HEALTH /WAITS 1S  /DO NOTHING\nTOUCHES GOLD SWORD AND IS [CHANCE 30] AND HEALTH > 8: -8 /PLAYS PUNCH 2 /-8 HEALTH /WAITS 1S  /DO NOTHING\nTOUCHES GOLD SWORD AND IS [CHANCE 30] AND HEALTH > 9: -9 /PLAYS PUNCH 2 /-9 HEALTH /WAITS 1S  /DO NOTHING\nTOUCHES GOLD SWORD AND IS [CHANCE 10] AND HEALTH > 10: CRITICAL! (-7 + -3) /PLAYS PUNCHES /-10 HEALTH /WAITS 1S  /DO NOTHING\n\nTOUCHES GOLD SWORD AND IS [CHANCE 30] AND HEALTH <= 7: {YOU DEFEATED THE CREEPER!} /PLACES 15S NOTHING 0 0\nTOUCHES GOLD SWORD AND IS [CHANCE 30] AND HEALTH <= 8: {YOU DEFEATED THE CREEPER!} /PLACES 15S NOTHING 0 0\nTOUCHES GOLD SWORD AND IS [CHANCE 30] AND HEALTH <= 9: {YOU DEFEATED THE CREEPER!} /PLACES 15S NOTHING 0 0\nTOUCHES GOLD SWORD AND IS [CHANCE 10] AND HEALTH <= 10: {YOU DEFEATED THE CREEPER!} /PLACES 15S NOTHING 0 0\n\nTOUCHES DIAMOND SWORD AND IS [CHANCE 30] AND HEALTH > 8: -8 /PLAYS PUNCH 2 /-8 HEALTH /WAITS 1S  /DO NOTHING\nTOUCHES DIAMOND SWORD AND IS [CHANCE 30] AND HEALTH > 9: -9 /PLAYS PUNCH 2 /-9 HEALTH /WAITS 1S  /DO NOTHING\nTOUCHES DIAMOND SWORD AND IS [CHANCE 30] AND HEALTH > 10: -10 /PLAYS PUNCH 2 /-10 HEALTH /WAITS 1S  /DO NOTHING\nTOUCHES DIAMOND SWORD AND IS [CHANCE 10] AND HEALTH > 12: CRITICAL! (-8 + -4) /PLAYS PUNCHES /-12 HEALTH /WAITS 1S  /DO NOTHING\n\nTOUCHES DIAMOND SWORD AND IS [CHANCE 30] AND HEALTH <= 8: {YOU DEFEATED THE CREEPER!} /PLACES 15S NOTHING 0 0\nTOUCHES DIAMOND SWORD AND IS [CHANCE 30] AND HEALTH <= 9: {YOU DEFEATED THE CREEPER!} /PLACES 15S NOTHING 0 0\nTOUCHES DIAMOND SWORD AND IS [CHANCE 30] AND HEALTH <= 10: {YOU DEFEATED THE CREEPER!} /PLACES 15S NOTHING 0 0\nTOUCHES DIAMOND SWORD AND IS [CHANCE 10] AND HEALTH <= 12: {YOU DEFEATED THE CREEPER!} /PLACES 15S NOTHING 0 0\n\nTOUCHES IGNEOUS SWORD AND IS [CHANCE 27] AND HEALTH > 9: -9 /PLAYS PUNCH 2 /-9 HEALTH /WAITS 1S  /DO NOTHING\nTOUCHES IGNEOUS SWORD AND IS [CHANCE 27] AND HEALTH > 10: -10 /PLAYS PUNCH 2 /-10 HEALTH /WAITS 1S  /DO NOTHING\nTOUCHES IGNEOUS SWORD AND IS [CHANCE 26] AND HEALTH > 11: -11 /PLAYS PUNCH 2 /-11 HEALTH /WAITS 1S  /DO NOTHING\nTOUCHES IGNEOUS SWORD AND IS [CHANCE 10] AND HEALTH > 13: CRITICAL! (-9 + -4) /PLAYS PUNCHES /-13 HEALTH /WAITS 1S  /DO NOTHING\nTOUCHES IGNEOUS SWORD AND IS [CHANCE 10] AND HEALTH > 14: CRITICAL! (-9 + -5) /PLAYS PUNCHES /-14 HEALTH /WAITS 1S  /DO NOTHING\n\nTOUCHES IGNEOUS SWORD AND IS [CHANCE 27] AND HEALTH <= 9: {YOU HAVE DEFEATED THE CREEPER!} /PLACES 15S NOTHING 0 0 /+3 THEIR WOOD\nTOUCHES IGNEOUS SWORD AND IS [CHANCE 27] AND HEALTH <= 10: {YOU HAVE DEFEATED THE CREEPER!} /PLACES 15S NOTHING 0 0 /+3 THEIR WOOD\nTOUCHES IGNEOUS SWORD AND IS [CHANCE 26] AND HEALTH <= 11: {YOU HAVE DEFEATED THE CREEPER!} /PLACES 15S NOTHING 0 0 /+3 THEIR WOOD\nTOUCHES IGNEOUS SWORD AND IS [CHANCE 10] AND HEALTH <= 13: {YOU HAVE DEFEATED THE CREEPER!} /PLACES 15S NOTHING 0 0 /+3 THEIR WOOD\nTOUCHES IGNEOUS SWORD AND IS [CHANCE 10] AND HEALTH <= 14: {YOU HAVE DEFEATED THE CREEPER!} /PLACES 15S NOTHING 0 0 /+3 THEIR WOOD\n\nTOUCHES EMERALD SWORD AND IS [CHANCE 25] AND HEALTH > 10: -10 /PLAYS PUNCH 2 /-10 HEALTH /WAITS 1S  /DO NOTHING\nTOUCHES EMERALD SWORD AND IS [CHANCE 25] AND HEALTH > 11: -11 /PLAYS PUNCH 2 /-11 HEALTH /WAITS 1S  /DO NOTHING\nTOUCHES EMERALD SWORD AND IS [CHANCE 25] AND HEALTH > 12: -12 /PLAYS PUNCH 2 /-12 HEALTH /WAITS 1S  /DO NOTHING\nTOUCHES EMERALD SWORD AND IS [CHANCE 9] AND HEALTH > 15: CRITICAL! (-10 + -5) /PLAYS PUNCHES /-15 HEALTH /WAITS 1S  /DO NOTHING\nTOUCHES EMERALD SWORD AND IS [CHANCE 8] AND HEALTH > 16: CRITICAL! (-10 + -6) /PLAYS PUNCHES /-16 HEALTH /WAITS 1S  /DO NOTHING\nTOUCHES EMERALD SWORD AND IS [CHANCE 8] AND HEALTH > 17: CRITICAL! (-10 + -7) /PLAYS PUNCHES /-17 HEALTH /WAITS 1S  /DO NOTHING\n\nTOUCHES EMERALD SWORD AND IS [CHANCE 25] AND HEALTH <= 10: {YOU HAVE DEFEATED THE CREEPER!} /PLACES 15S NOTHING 0 0\nTOUCHES EMERALD SWORD AND IS [CHANCE 25] AND HEALTH <= 11: {YOU HAVE DEFEATED THE CREEPER!} /PLACES 15S NOTHING 0 0\nTOUCHES EMERALD SWORD AND IS [CHANCE 25] AND HEALTH <= 12: {YOU HAVE DEFEATED THE CREEPER!} /PLACES 15S NOTHING 0 0\nTOUCHES EMERALD SWORD AND IS [CHANCE 9] AND HEALTH <= 15: {YOU HAVE DEFEATED THE CREEPER!} /PLACES 15S NOTHING 0 0\nTOUCHES EMERALD SWORD AND IS [CHANCE 8] AND HEALTH <= 16: {YOU HAVE DEFEATED THE CREEPER!} /PLACES 15S NOTHING 0 0\nTOUCHES EMERALD SWORD AND IS [CHANCE 8] AND HEALTH <= 17: {YOU HAVE DEFEATED THE CREEPER!} /PLACES 15S NOTHING 0 0\n\nTOUCHES ILLUMINITE SWORD AND IS [CHANCE 20] AND HEALTH > 11: -11 /PLAYS PUNCH 2 /-11 HEALTH /WAITS 1S  /DO NOTHING\nTOUCHES ILLUMINITE SWORD AND IS [CHANCE 20] AND HEALTH > 12: -12 /PLAYS PUNCH 2 /-12 HEALTH /WAITS 1S  /DO NOTHING\nTOUCHES ILLUMINITE SWORD AND IS [CHANCE 20] AND HEALTH > 13: -13 /PLAYS PUNCH 2 /-13 HEALTH /WAITS 1S  /DO NOTHING\nTOUCHES ILLUMINITE SWORD AND IS [CHANCE 20] AND HEALTH > 14: -14 /PLAYS PUNCH 2 /-14 HEALTH /WAITS 1S  /DO NOTHING\nTOUCHES ILLUMINITE SWORD AND IS [CHANCE 10] AND HEALTH > 16: CRITICAL! (-11 + -5) /PLAYS PUNCHES /-16 HEALTH /WAITS 1S  /DO NOTHING\nTOUCHES ILLUMINITE SWORD AND IS [CHANCE 10] AND HEALTH > 17: CRITICAL! (-11 + -6) /PLAYS PUNCHES /-17 HEALTH /WAITS 1S  /DO NOTHING\n\nTOUCHES ILLUMINITE SWORD AND IS [CHANCE 20] AND HEALTH <= 11: {YOU HAVE DEFEATED THE CREEPER!} /PLACES 15S NOTHING 0 0\nTOUCHES ILLUMINITE SWORD AND IS [CHANCE 20] AND HEALTH <= 12: {YOU HAVE DEFEATED THE CREEPER!}  /PLACES 15S NOTHING 0 0\nTOUCHES ILLUMINITE SWORD AND IS [CHANCE 20] AND HEALTH <= 13: {YOU HAVE DEFEATED THE CREEPER!} /PLACES 15S NOTHING 0 0\nTOUCHES ILLUMINITE SWORD AND IS [CHANCE 20] AND HEALTH <= 14: {YOU HAVE DEFEATED THE CREEPER!} /PLACES 15S NOTHING 0 0\nTOUCHES ILLUMINITE SWORD AND IS [CHANCE 10] AND HEALTH <= 16: {YOU HAVE DEFEATED THE CREEPER!} /PLACES 15S NOTHING 0 0\nTOUCHES ILLUMINITE SWORD AND IS [CHANCE 10] AND HEALTH <= 17: {YOU HAVE DEFEATED THE CREEPER!} /PLACES 15S NOTHING 0 0\n\nTOUCHES VIRIDIAN SWORD AND IS [CHANCE 50] AND HEALTH <= 20: {YOU HAVE DEFEATED THE CREEPER!} /PLACES 15S NOTHING 0 0\nTOUCHES VIRIDIAN SWORD AND IS [CHANCE 50] AND HEALTH > 20: -30 /PLAYS PUNCH 2 /-20 HEALTH /WAITS 1S\nTOUCHES VIRIDIAN SWORD AND IS [CHANCE 50]: +20 /+20 HEALTH\n\nTOUCHES PLATINUM SWORD AND IS [CHANCE 20] AND HEALTH > 15: -15 /PLAYS PUNCH 2 /-15 HEALTH /WAITS 1S  /DO NOTHING\nTOUCHES PLATINUM SWORD AND IS [CHANCE 20] AND HEALTH > 16: -16 /PLAYS PUNCH 2 /-16 HEALTH /WAITS 1S  /DO NOTHING\nTOUCHES PLATINUM SWORD AND IS [CHANCE 20] AND HEALTH > 17: -17 /PLAYS PUNCH 2 /-17 HEALTH /WAITS 1S  /DO NOTHING\nTOUCHES PLATINUM SWORD AND IS [CHANCE 20] AND HEALTH > 18: -18 /PLAYS PUNCH 2 /-18 HEALTH /WAITS 1S  /DO NOTHING\nTOUCHES PLATINUM SWORD AND IS [CHANCE 10] AND HEALTH > 22: {YOU HAVE DEFEATED THE CREEPER!} /PLACES 15S NOTHING 0 0\nTOUCHES PLATINUM SWORD AND IS [CHANCE 10] AND HEALTH > 23: {YOU HAVE DEFEATED THE CREEPER!} /PLACES 15S NOTHING 0 0\n\nTOUCHES PLATINUM SWORD AND IS [CHANCE 20] AND HEALTH <= 15: {YOU HAVE DEFEATED THE CREEPER!} /PLACES 15S NOTHING 0 0 \nTOUCHES PLATINUM SWORD AND IS [CHANCE 20] AND HEALTH <= 16: {YOU HAVE DEFEATED THE CREEPER!} /PLACES 15S NOTHING 0 0 \nTOUCHES PLATINUM SWORD AND IS [CHANCE 20] AND HEALTH <= 17: {YOU HAVE DEFEATED THE CREEPER!} /PLACES 15S NOTHING 0 0 \nTOUCHES PLATINUM SWORD AND IS [CHANCE 20] AND HEALTH <= 18: {YOU HAVE DEFEATED THE CREEPER!} /PLACES 15S NOTHING 0 0 \nTOUCHES PLATINUM SWORD AND IS [CHANCE 10] AND HEALTH <= 22: {YOU HAVE DEFEATED THE CREEPER!} /PLACES 15S NOTHING 0 0\nTOUCHES PLATINUM SWORD AND IS [CHANCE 10] AND HEALTH <= 23: {YOU HAVE DEFEATED THE CREEPER!} /PLACES 15S NOTHING 0 0\n\n\n\n","checksNears":true,"reactsTo":["someone_arrives"],"thingRefs":[["5ce5cb6111509a0e186782be","igniting"],["5ce5cb9ac1782631cf309bf8","shrap"],["5cc0aff60acc3a052da7f36e","dst"]],"clonedFrom":"5d61ffd0af8b1a5230a4a660"}}