{"base":"DYNATHING","creator":"64a16f88a75b9d46f3282e9c","id":"65819f436118000596391557","name":"prototype","prop":{"attr":[2,5,3,12],"text":"0: CELL 1+2 SHOW, CELL 2 UP 19, cell 2 right 1\n\naction\n0.0: CELL 7 SHOW, CELL 1 HIDE, CELL 3 SHOW, CELL 2 UP 17, CELL 2 SHOW, CELL 2 LEFT 1\n+.1: CELL 3 HIDE, CELL 4 SHOW, CELL 4 RIGHT 3, CELL 2 UP 1, cell 7 flip horizontal\n+.1: CELL 5 SHOW, CELL 4 HIDE, CELL 5 LEFT 3, CELL 7 FLIP HORIZONTAL\n+.1: CELL 6 SHOW, CELL 5 HIDE, CELL 6 LEFT 1, CELL 2 DOWN 1, CELL 7 FLIP HORIZONTAL\n+.1: CELL 4 SHOW, CELL 6 HIDE, CELL 7 FLIP HORIZONTAL\n+.1: CELL 7 SHOW, CELL 1 HIDE, CELL 3 SHOW, CELL 2 SHOW,\n+.1: CELL 3 HIDE, CELL 4 SHOW, CELL 7 FLIP HORIZONTAL\n+.08: CELL 5 SHOW, CELL 4 HIDE, CELL 7 FLIP HORIZONTAL\n+.08: CELL 6 SHOW, CELL 5 HIDE, CELL 7 FLIP HORIZONTAL\n+.08: CELL 4 SHOW, CELL 6 HIDE, CELL 7 FLIP HORIZONTAL\n+.08: restart\n\n\nmove\n0.0: cell 1 hide, cell 3 show, cell 2 up 17, cell 2 show, cell 2 left 1\n+.1: cell 3 hide, cell 4 show, cell 4 right 3, cell 2 up 1\n+.1: cell 5 show, cell 4 hide, cell 5 left 3\n+.1: cell 6 show, cell 5 hide, cell 6 left 1, cell 2 down 1\n+.1: CELL 4 SHOW, CELL 6 hide\n+.05: restart\n\nswim\n0.0: CELL 1 HIDE, CELL 3 SHOW, CELL 2 UP 17, CELL 2 SHOW, CELL 2 LEFT 1\n+.08: CELL 3 HIDE, CELL 4 SHOW, CELL 4 RIGHT 3, CELL 2 UP 1\n+.08: CELL 5 SHOW, CELL 4 HIDE, CELL 5 LEFT 3\n+.08: CELL 6 SHOW, CELL 5 HIDE, CELL 6 LEFT 1, CELL 2 DOWN 1\n+.08: CELL 4 SHOW, CELL 6 HIDE\n+.04: RESTART\n\n\n\nRISE\n0.00: CELL 8 SHOW\n+.04: CELL 8 ROTATE -90\n+.04: CELL 8 HIDE, CELL 9 SHOW\n+.06: CELL 8 SHOW, CELL 9 HIDE, CELL 8 ROTATE -90\n+.04: CELL 8 ROTATE -90\n+.04: CELL 8 ROTATE -90\n+.04: CELL 8 ROTATE -90\n+.04: CELL 8 HIDE, CELL 9 SHOW\n+.06: CELL 8 SHOW, CELL 9 HIDE, CELL 8 ROTATE -90\n+.04: restart\n\nFALL\n0.00: CELL 8 SHOW\n+.04: CELL 8 ROTATE -90\n+.04: CELL 8 HIDE, CELL 9 SHOW\n+.06: CELL 8 SHOW, CELL 9 HIDE, CELL 8 ROTATE -90\n+.04: CELL 8 ROTATE -90\n+.04: CELL 8 ROTATE -90\n+.04: CELL 8 ROTATE -90\n+.04: CELL 8 HIDE, CELL 9 SHOW\n+.06: CELL 8 SHOW, CELL 9 HIDE, CELL 8 ROTATE -90\n+.04: RESTART\n\nclimb\n0.00: CELL 8 SHOW\n+.04: CELL 8 ROTATE -90\n+.04: CELL 8 HIDE, CELL 9 SHOW\n+.06: CELL 8 SHOW, CELL 9 HIDE, CELL 8 ROTATE -90\n+.04: CELL 8 ROTATE -90\n+.04: CELL 8 ROTATE -90\n+.04: CELL 8 ROTATE -90\n+.04: CELL 8 HIDE, CELL 9 SHOW\n+.06: CELL 8 SHOW, CELL 9 HIDE, CELL 8 ROTATE -90\n+.04: RESTART","clonedFrom":"650fc56b8776cb05b0ad976e"}}