{"base":"INTERACT","creator":"5916264e861ff09965de7094","id":"59cd6ebe6cd3ea8813bbda55","name":"woahgun","prop":{"textSize":379,"attr":[1,6,2,3,5],"textData":"approaches and isn't used: /places audio-free visual-free 1s blink 0 1 /plays button click 2 /is used /waits 1s  /shoot /plays shot /throws 135 100 bullet, 90 100 bullet, 45 100 bullet /waits 0.25s  /SHOOT /PLAYS SHOT /THROWS 135 100 BULLET, 90 100 BULLET, 45 100 BULLET /WAITS 0.25s  /SHOOT /PLAYS SHOT /THROWS 135 100 BULLET, 90 100 BULLET, 45 100 BULLET /WAITS 1S  /ISN'T USED","checksNears":true,"thingRefs":[["59c0163bc5ad8ddb133354de","blink"],["59c0162696d37dd513cda0b8","shoot"],["59bff1f22a9cba0210d8c0b9","bullet"],["53c8214b7953f3385bc5ab4e","shot"],["53c824710b2cd0a3114dc5a3","button click 2"]]}}