{"base":"CHANGER","creator":"524389354b5ac3d87c000047","id":"5aa6cbe6e1d26b7e13cdeb54","name":"shift right","prop":{"textSize":448,"attr":[1],"textData":"function change(creation) {\n    var c = creation.info.selectedCell\n    var width = creation.cells[c].length;\n    var height = creation.cells[c][0].length;\n    var x, y, tmp;\n    \n    for(y = 0; y < height; y++){\n        tmp = creation.cells[c][width - 1][y];\n        for(x = width - 1; x > 0; x--){\n            creation.cells[c][x][y] = creation.cells[c][x - 1][y]\n        }\n        creation.cells[c][x][y] = tmp;     \n    }\n\n    return creation;\n}","clonedFrom":"55007504f87afd261db2c06a"}}