{"base":"CHANGER","creator":"524389354b5ac3d87c000047","id":"5b90154c399fe3778e45b075","name":"colour swap","prop":{"textSize":540,"attr":[1],"textData":"/*\nJust copy the erase colour to the draw colour.\n*/\nfunction change(creation) {\n        if(creation.info.selectedIndex == 11 || creation.info.secondSelectedIndex == 11){\n            creation = {\n                feedback: \"The blank colour can not be copied.\"\n            };\n        }else{\n            for(var i in creation.colors[creation.info.secondSelectedIndex]){\n                creation.colors[creation.info.selectedIndex][i] = creation.colors[creation.info.secondSelectedIndex][i];\n            }\n        }\n        return creation;\n}\n","clonedFrom":"55007504f87afd261db2c06a"}}