{"base":"CHANGER","creator":"571fa8ea665e171c13dbbc9d","id":"5cbf873d7d02bc3b957633ff","name":"wigglificator 7003","prop":{"textSize":5696,"attr":[1],"textData":"// Thanks for wave code death :)\n\n\nvar WIGGLECYCLE = 0.9;\nvar WIGGLEPOWER = 4;\nvar WIGGLESQUEEZE = 29;\n\n\n\nfunction inrang(x)\n{\n    return x>=0 && x<29;\n};\n\n\nfunction change(creation) {\n\n    if(creation.type!=enumType.dynamic) return {feedback:\"To be fair you need to\\nhave a very high iq to grasp the concept\\nthat the only valid creation input enumtype\\nis what one may call call a dynamic\" };\n    \n  \n\n    \n    \n    var framecount = creation.cells.length;\n    var frametime = WIGGLECYCLE/framecount;\n    var seper = 180/framecount;\n    \n    creation.text = \"\";\n    for(var i=0; i<framecount; ++i)\n    {\n        creation.text += (i*frametime) + \": cell \" + i + \" hide, cell \" + (i+1) + \" show \\n\"; \n    \n    };\n    creation.text += WIGGLECYCLE.toString() + \": restart \\n\";\n    \n    \n    var parameters = {\n        waveFunction: Math.sin,\n        startAngle : 0,\n        period : WIGGLESQUEEZE,\n        amplitude : WIGGLEPOWER,\n        cellOffset : 2 * Math.PI / framecount\n    }\n\n    applyFilter(creation, parameters);\n    applyFilter2(creation, parameters);\n    creation.name = prefixName(creation, \"wigglin\")\n    return creation;\n}\n\n\n\nfunction prefixName(creation, prefix) {\n  var name = creation.name;\n  if (name.indexOf(prefix) === -1)\n    name = prefix + ' ' + name;\n  return name.length <= creation.info.nameMaxLength ? name : creation.name;\n}\nfunction applyFilter(creation, parameters) {\n    var maxColor = 255;\n    var n;\n    \n    var sourceCells = cloneObject(creation.cells);\n    var cells = creation.cells;\n    var width = cells[0].length;\n    var height = cells[0][0].length;\n    \n    var params = {\n        waveFunction : Math.sin,\n        startAngle : 0,\n        period : 19,\n        amplitude : 6,\n        cellOffset : 0\n    };\n    \n    if(parameters != undefined){\n        for(n in parameters){\n            if(params[n] != undefined){\n                if(n == 'waveFunction' && typeof(parameters[n]) != 'function'){\n                    throw(\"expecting function for waveFunction parameter, received \" + typeof(parameters[n]));\n                } \n                if(n != 'waveFunction' && 1 * parameters[n] != parameters[n]){\n                    throw(\"received non-numeric value for \" + n + \" parameter\");\n                }\n                params[n] = parameters[n];\n            }\n        }\n    }\n    if(params.period == 0){\n        throw(\"period parameter must be a non-zero value\");\n    }\n    \n\n    var ang = params.startAngle;\n    var angi = 2 * Math.pi / params.period;\n    var readY;\n    \n    for (var cell = 0; cell < cells.length; cell++) {\n        for (var x = 0; x < width; x++) {\n            for (var y = 0; y < height; y++) {\n                readY = Math.round(params.waveFunction(ang));\n                \n                cells[cell][x][y] = inrang(readY)?sourceCells[0][x][readY]:11;\n            }\n            ang += angi;\n        }\n        ang = (params.startAngle += params.cellOffset);\n    }   \n            \n                \n    var ang = 1 * params.startAngle;\n    var angi = 2 * Math.PI / params.period;\n    var readY;  \n                    \n    for (var cell = 0; cell < cells.length; cell++) {\n        for (var x = 0; x < width; x++) {\n            for (var y = 0; y < height; y++) {\n                readY = (y + Math.round(params.waveFunction(ang) * params.amplitude));\n                \n                cells[cell][x][y] = inrang(readY)?sourceCells[0][x][readY]:11;\n            }\n            ang += angi;\n        }\n        ang = (params.startAngle += params.cellOffset);\n    }\n    \n}  \nfunction applyFilter2(creation, parameters) {\n    var maxColor = 255;\n    var n;\n    \n    var sourceCells = cloneObject(creation.cells);\n    var cells = creation.cells;\n    var width = cells[0].length;\n    var height = cells[0][0].length;\n    \n    var params = {\n        waveFunction : Math.sin,\n        startAngle : 0,\n        period : 19,\n        amplitude : 6,\n        cellOffset : 0\n    };\n    \n    if(parameters != undefined){\n        for(n in parameters){\n            if(params[n] != undefined){\n                if(n == 'waveFunction' && typeof(parameters[n]) != 'function'){\n                    throw(\"expecting function for waveFunction parameter, received \" + typeof(parameters[n]));\n                } \n                if(n != 'waveFunction' && 1 * parameters[n] != parameters[n]){\n                    throw(\"received non-numeric value for \" + n + \" parameter\");\n                }\n                params[n] = parameters[n];\n            }\n        }\n    }\n    if(params.period == 0){\n        throw(\"period parameter must be a non-zero value\");\n    }\n    \n\n    var ang = params.startAngle;\n    var angi = 2 * Math.pi / params.period;\n    var readY;\n    \n    for (var cell = 0; cell < cells.length; cell++) {\n        for (var x = 0; x < width; x++) {\n            for (var y = 0; y < height; y++) {\n                readY = Math.round(params.waveFunction(ang));\n                \n                cells[cell][x][y] = inrang(readY)?sourceCells[cell][x][readY]:11;\n            }\n            ang += angi;\n        }\n        ang = (params.startAngle += params.cellOffset);\n    }   \n            \n                \n    var ang = 1 * params.startAngle;\n    var angi = 2 * Math.PI / params.period;\n    var readX;  \n                    \n    for (var cell = 0; cell < cells.length; cell++) {\n        for (var y = 0; y < height; y++) {\n            for (var x = 0; x < width; x++) {\n                readX = (x + Math.round(params.waveFunction(ang) * params.amplitude));\n                \n                cells[cell][x][y] = inrang(readX)?sourceCells[cell][readX][y]:11;\n            }\n            ang += angi;\n        }\n        ang = (params.startAngle += params.cellOffset);\n    }\n    \n}  \n","clonedFrom":"5a81ec0a9cfdd17e13a35e5a"}}