{"x":0,"y":-1,"iix":["60eab8b350a76704fb64d955","62a5fc5a417730127b210f33","64a39d0fa1029c46f445ca98"],"ps":[[16,6,0,0,0,0],[17,6,0,0,0,0],[18,6,0,0,0,0],[19,6,0,0,0,0],[20,6,0,0,0,0],[21,6,0,0,0,0],[22,6,0,0,0,0],[23,6,0,0,0,0],[24,6,0,0,0,0],[25,6,0,0,0,0],[26,6,0,0,0,0],[27,6,0,0,0,0],[28,6,0,0,0,0],[29,6,0,0,0,0],[30,6,0,0,0,0],[31,6,0,0,0,0],[16,5,1,0,0,0],[17,5,2,0,0,0]],"i":{"b":["SOLID","DYNATHING","DECO"],"p":[null,{"attr":[10],"text":"0: cells show, left 10, down 38, cell 2 down 57, cell 3 down 76"},null],"n":["grass","grass","fence"],"dr":[0,0,0]}}