{"x":5,"y":0,"iix":["64eea21d032c84264cbcb88a","64eea2b42d4bbc045254f532","64eea9742d4bbc045254f54a","64eea953a75b9d46f32985a5","6493bfee054e5446fc984c31","64ef3eafb707c9264410ea4f","64ef3e615debbc05a92c2761","5fda305ebf613c6571ca2453","64eeaa24c125a026438441a6","64de6d70d3ee120448daacbb","6316e277f75fed7f972eece2","64de6d88054e5446fc9990d7","51e460bd134794940a000009","64ef3d2ea8e08b05a29076af","5ffb9043051f631338be68c3","64f01a7aa1029c46f447207c","64f30732d2829705b2ddd6dc","64f0036ea75b9d46f3298d1b","6502e083c125a0264384a9a7","6502e08875a99905bd1c4aed","6520fe7c4b86c67c38def69e"],"ps":[[5,21,0,0,0,0],[0,21,0,0,0,0],[1,21,0,0,0,0],[5,22,1,0,0,0],[1,22,1,0,0,0],[0,22,1,0,0,0],[6,22,2,0,0,0],[6,21,3,0,0,0],[1,11,0,0,0,0],[0,11,0,0,0,0],[1,12,1,0,0,0],[0,12,1,0,0,0],[6,11,3,0,0,0],[6,12,2,0,0,0],[5,12,1,0,0,0],[5,11,0,0,0,0],[6,10,4,0,0,0],[6,9,4,0,0,0],[6,8,4,0,0,0],[6,7,4,0,0,0],[6,6,4,0,0,0],[6,5,4,0,0,0],[6,4,4,0,0,0],[6,3,4,0,0,0],[6,2,4,0,0,0],[6,1,4,0,0,0],[5,13,5,0,0,0],[5,14,5,0,0,0],[0,13,5,0,0,0],[1,13,5,0,0,0],[2,13,5,0,0,0],[4,13,5,0,0,0],[0,14,5,0,0,0],[2,14,5,0,0,0],[4,14,5,0,0,0],[5,15,5,0,0,0],[4,15,5,0,0,0],[0,15,5,0,0,0],[1,15,5,0,0,0],[2,15,5,0,0,0],[5,16,5,0,0,0],[4,16,5,0,0,0],[1,16,5,0,0,0],[2,16,5,0,0,0],[5,19,5,0,0,0],[0,18,5,0,0,0],[1,18,5,0,0,0],[2,18,5,0,0,0],[4,18,5,0,0,0],[5,18,5,0,0,0],[0,19,5,0,0,0],[1,19,5,0,0,0],[2,19,5,0,0,0],[4,19,5,0,0,0],[5,20,5,0,0,0],[4,20,5,0,0,0],[1,20,5,0,0,0],[2,20,5,0,0,0],[6,13,6,0,0,0],[6,20,6,0,0,0],[6,16,6,0,0,0],[6,17,6,0,0,0],[6,19,7,0,0,0],[6,18,7,0,0,0],[6,14,7,0,0,0],[6,15,7,0,0,0],[2,17,5,0,0,0],[4,17,5,0,0,0],[2,21,3,0,0,0],[2,22,2,0,0,0],[3,13,8,0,0,0],[3,14,8,0,0,0],[3,15,8,0,0,0],[3,28,8,0,0,0],[3,27,8,0,0,0],[3,16,8,0,0,0],[3,17,8,0,0,0],[3,18,8,0,0,0],[3,19,8,0,0,0],[3,20,8,0,0,0],[3,21,8,0,0,0],[3,22,8,0,0,0],[3,23,8,0,0,0],[3,24,8,0,0,0],[3,25,8,0,0,0],[3,26,8,0,0,0],[3,29,8,0,0,0],[3,30,8,0,0,0],[3,31,8,0,0,0],[6,23,6,0,0,0],[6,26,6,0,0,0],[6,27,6,0,0,0],[6,31,3,0,0,0],[5,31,0,0,0,0],[2,31,3,0,0,0],[1,17,9,0,0,0],[0,17,10,0,0,0],[5,17,11,0,0,0],[1,31,0,0,0,0],[0,31,0,0,0,0],[5,27,11,0,0,0],[1,27,9,0,0,0],[0,27,10,0,0,0],[6,24,7,0,0,0],[6,25,7,0,0,0],[6,28,7,0,0,0],[6,29,7,0,0,0],[6,30,6,0,0,0],[2,23,5,0,0,0],[2,26,5,0,0,0],[0,23,5,0,0,0],[1,23,5,0,0,0],[0,24,5,0,0,0],[1,24,5,0,0,0],[2,24,5,0,0,0],[0,25,5,0,0,0],[1,25,5,0,0,0],[2,25,5,0,0,0],[0,26,5,0,0,0],[1,26,5,0,0,0],[2,28,5,0,0,0],[2,30,5,0,0,0],[0,28,5,0,0,0],[1,28,5,0,0,0],[0,29,5,0,0,0],[1,29,5,0,0,0],[2,29,5,0,0,0],[0,30,5,0,0,0],[1,30,5,0,0,0],[11,21,12,0,0,0],[11,22,12,0,0,0],[2,27,5,0,0,0],[4,23,5,0,0,0],[5,23,5,0,0,0],[5,26,5,0,0,0],[4,26,5,0,0,0],[4,24,5,0,0,0],[5,24,5,0,0,0],[4,25,5,0,0,0],[5,25,5,0,0,0],[4,27,5,0,0,0],[4,28,5,0,0,0],[5,28,5,0,0,0],[5,29,5,0,0,0],[5,30,5,0,0,0],[4,30,5,0,0,0],[4,29,5,0,0,0],[2,11,3,0,0,0],[2,12,2,0,0,0],[3,12,8,0,0,0],[3,11,13,0,0,0],[0,16,14,0,0,0],[0,20,15,0,0,0],[1,8,12,0,0,0],[2,8,12,0,0,0],[4,6,16,0,0,0],[14,8,16,0,0,0],[15,2,16,0,0,0],[15,13,16,0,0,0],[10,16,16,0,0,0],[16,23,16,0,0,0],[15,28,16,0,0,0],[1,14,17,0,0,0],[6,0,4,0,0,0],[4,31,18,0,0,0],[4,21,18,0,0,0],[4,22,19,0,0,0],[4,11,18,0,0,0],[4,12,19,0,0,0],[1,4,20,0,0,0]],"i":{"b":["SOLID","SOLID","SOLID","SOLID","DYNATHING","DECOBG","SOLID","SOLID","CLIMB","PASS","PASS","PASS","LIGHT","INTERACT","STACKWEARB","STACKWEARB","DECOBIG","INTERACT","SOLID","SOLID","INTERACT"],"p":[null,null,null,null,{"attr":[8],"text":"0s: cells show, cell 2 right 2\n0-0.05s: cell 1 left 2, cell 2 left 2\n0.05-0.1s: cell 1 left 1, cell 2 left 2\n0.1-0.15s: cell 2 left 1\n0.15-0.2s: cell 1 right 1\n0.2-0.25S: cell 1 right 2, cell 2 right 1\n0.25-0.275s: cells right 2\n0.275-0.3s: cells right 2\n0.3-0.35s: cell 1 right 1, cell 2 right 2\n0.35-0.4s: cell 2 right 1\n0.4-0.45s: cell 1 left 1\n0.45-0.5s: cell 1 left 2, cell 2 left 1\n0.5s: restart\n\n"},null,null,{"attr":[1],"info":"(c) copyright omnicolor supermax turboplus epileptic death, subsidiary of extrasecret underground moon private-funded raster graphics research and development institute inc. co. gmbh. s.a.r.l.","changerId":"5f7f9fffdfa69a2a19a34233"},{"attr":[3,1]},{"attr":[1,4],"clonedFrom":"6316e287c1e57e72f7e9d1ed"},{"attr":[1,4],"clonedFrom":"60ccf6a6da5c5d1b0a21d405"},{"attr":[1,4],"clonedFrom":"6316e292c1e57e72f7e9d1ee"},{"rgb":"113,171,221"},{"textSize":142,"attr":[4,1,6],"textData":"nears and they don't possess vipcard: please buy vip card  to access the vip room. \/bumps 180 50\nNEARS AND THEY POSSESS VIPCARD: *open* \/open\n","boundingBox":[5,10,23,28],"checksNears":true,"thingRefs":[["64ef3d05a75b9d46f3298724","open"]]},null,null,null,{"textSize":87,"attr":[6,1],"textData":"sees @\"vipcheck\" signal: \/transports here  PLEASE BUY VIP CARD  TO ACCESS THE VIP ROOM.","reactsTo":["vipcheck"]},null,null,{"textSize":100,"attr":[6,1],"textData":"approaches and they don't possess vipcard and THEY DON'T POSSESS viptickets: \/signal \/they viplocked","checksNears":true,"thingRefs":[["64ef429ec125a02643844358","viplocked"],["64ef42c9032c84264cbcbab3","signal"]]}],"n":["block","block","block","block","barrier","bricks","bricks","window","climbable","fancy chatwood shelf right","fancy chatwood shelf center","fancy chatwood shelf left","blue pastel","vip door","philmour (remake)","piccle","a cloud","vipport","block","block","vipcheck"],"dr":[0,0,0,0,0,0,0,0,0,0,0,0,0,0,0,0,0,0,0,0,0]}}