{"x":-3,"y":0,"iix":["650aab383a26cb05a5edc741","650aab5ca75b9d46f32a0a40","651eb3087d95e77c3d34c465","651eb2887d95e77c3d34c464","651eabfc3ec85d7c306a2588","651eb3d0747dcf05b6702850","651eaaa4dfa33a527d4884ad","651eab88747dcf05b6702849","651eaa874b86c67c38deef7b","651eafab747dcf05b670284c","651eb0c0dfa33a527d4884b4","651eb1ebbcd9357c31518bc2","650aaed7a75b9d46f32a0a44","6538e28f6b49b705b1c22027","60e7fee2bf22ee04f6757abe","5a3d481578c931ec0f6802ae"],"ps":[[8,29,0,0,0,0],[7,29,0,0,0,0],[6,29,0,0,0,0],[9,29,1,0,0,0],[22,7,1,0,0,0],[21,7,0,0,0,0],[20,7,0,0,0,0],[19,7,0,0,0,0],[27,26,2,0,0,0],[22,28,3,0,0,0],[26,28,3,0,0,0],[26,29,4,0,0,0],[22,29,4,0,0,0],[28,27,5,0,0,0],[20,27,5,2,0,0],[23,28,2,2,0,0],[25,28,2,0,1,0],[24,31,6,0,0,0],[23,31,2,0,0,0],[25,31,2,0,1,0],[21,26,2,0,1,0],[28,28,7,0,0,0],[28,29,7,0,0,0],[28,30,5,0,0,0],[27,31,2,0,1,0],[21,31,2,0,0,0],[20,29,7,0,0,0],[20,28,7,0,0,0],[20,30,5,2,0,0],[27,29,8,0,0,0],[21,29,8,0,0,0],[24,25,3,0,0,0],[22,25,2,0,1,0],[26,25,2,0,0,0],[25,25,3,0,0,0],[23,25,3,0,0,0],[26,30,3,0,0,0],[22,30,3,0,0,0],[23,29,3,1,0,0],[25,29,3,3,0,0],[27,30,9,0,0,0],[21,30,9,0,1,0],[25,30,10,2,1,0],[23,30,10,2,0,0],[24,30,6,0,0,0],[29,29,10,2,1,0],[19,29,10,2,0,0],[25,27,11,0,0,0],[24,27,11,0,0,0],[23,27,11,0,0,0],[31,28,0,0,0,0],[12,26,12,0,0,0],[24,26,13,0,0,0],[19,23,14,0,0,0],[11,26,15,0,0,0]],"i":{"b":["LIGHTTOP","LIGHT","DECO","DECO","DECO","DECO","DECO","DECO","DECO","DECO","DECO","DECO","INTERACT","INTERACT","FARBACK","FARBACK"],"p":[{"rgb":"0,0,255"},{"rgb":"219,69,0"},null,null,null,null,null,null,null,null,null,null,{"textSize":63,"attr":[6,1,5],"textData":"someone activates \"flybutton\": \/bumps 270 100 \/gives fly thingy","reactsTo":["someone_activates"],"thingRefs":[["650aaec0054e5446fc9a692a","fly thingy"]]},{"textSize":516,"attr":[5,6,1],"textData":"someone arrives and they wear administrator crown and they don't possess devcard: {you can't wear administrator crown here} \/removes *\napproaches AND THEY WEAR ADMINISTRATOR CROWN AND THEY DON'T POSSESS DEVCARD: {YOU CAN'T WEAR ADMINISTRATOR CROWN HERE} \/REMOVES *\nnears AND THEY WEAR ADMINISTRATOR CROWN AND THEY DON'T POSSESS DEVCARD: {YOU CAN'T WEAR ADMINISTRATOR CROWN HERE} \/REMOVES *\nreaches AND THEY WEAR ADMINISTRATOR CROWN AND THEY DON'T POSSESS DEVCARD: {YOU CAN'T WEAR ADMINISTRATOR CROWN HERE} \/REMOVES *","checksNears":true,"reactsTo":["someone_arrives"]},{"rgb":"0,0,0","attr":[14],"text":"cell 1 4 -62\ncell 2 42 -41\ncell 3 80 -41\ncell 4 -58 -35\ncell 5 -7 -29\n"},{"rgb":"211,78,255","attr":[8],"text":"-135 -118 cell 1 0 0\n-135 -118 CELL 2 38 0\n24 -73 cell 3 0 0 \n-25 20 cell 4 0 0\n-25 20 cell 5 38 0\n-152 34 cell 6 0 0\n117 -20 cell 7 -38 0\n117 -20 cell 8 0 0\n117 -20 cell 9 38 0\n"}],"n":["dawnlight blue","dawnlight orange","slash","upperline","o letter","vertical bracket","underline","vertical","hashtag bold","gradus","round bracket 2","equal","flyact","administrator locker","clouds","morioh clouds"],"dr":[0,0,0,0,0,0,0,0,0,0,0,0,0,0,0,0]}}