{"x":1,"y":1,"iix":["64eea2b42d4bbc045254f532","64eea21d032c84264cbcb88a","64eeaa24c125a026438441a6","630fe1abd83c301ed1ce3dc5","60c126203e2c000b01cf249c","651ff5ee1c6179527850aad3","65444ef73711b8059c0d5238","52f44f33b4dd7bbf690000dc","6117fa80cdf0f304ff45ece4","654441de1c6179527850fca2","64fac43828b6da045bd70354","64f9ba6fa75b9d46f329b889","653ba6be1c6179527850e905"],"ps":[[6,3,0,0,0,0],[5,3,0,0,0,0],[0,3,0,0,0,0],[1,3,0,0,0,0],[2,3,0,0,0,0],[3,3,0,0,0,0],[4,3,0,0,0,0],[7,3,0,0,0,0],[8,3,0,0,0,0],[9,3,0,0,0,0],[10,3,0,0,0,0],[11,3,0,0,0,0],[12,3,0,0,0,0],[13,3,0,0,0,0],[14,3,0,0,0,0],[1,2,1,0,0,0],[0,2,1,0,0,0],[2,2,1,0,0,0],[3,2,1,0,0,0],[14,2,1,0,0,0],[13,2,1,0,0,0],[12,2,1,0,0,0],[11,2,1,0,0,0],[10,2,1,0,0,0],[9,2,1,0,0,0],[8,2,1,0,0,0],[7,2,1,0,0,0],[6,2,1,0,0,0],[5,2,1,0,0,0],[4,2,1,0,0,0],[15,2,1,0,0,0],[16,2,1,0,0,0],[21,2,1,0,0,0],[20,2,1,0,0,0],[17,2,1,0,0,0],[18,2,1,0,0,0],[15,3,0,0,0,0],[16,3,0,0,0,0],[21,3,0,0,0,0],[20,3,0,0,0,0],[17,3,0,0,0,0],[18,3,0,0,0,0],[19,3,0,0,0,0],[19,2,1,0,0,0],[22,2,1,0,0,0],[23,2,1,0,0,0],[28,2,1,0,0,0],[27,2,1,0,0,0],[24,2,1,0,0,0],[25,2,1,0,0,0],[26,2,1,0,0,0],[22,3,0,0,0,0],[23,3,0,0,0,0],[28,3,0,0,0,0],[27,3,0,0,0,0],[24,3,0,0,0,0],[25,3,0,0,0,0],[26,3,0,0,0,0],[29,2,1,0,0,0],[30,2,1,0,0,0],[31,2,1,0,0,0],[29,3,0,0,0,0],[30,3,0,0,0,0],[31,3,0,0,0,0],[12,1,2,0,0,0],[12,0,2,0,0,0],[30,1,2,0,0,0],[30,0,2,0,0,0],[27,1,3,0,0,0],[15,1,3,0,0,0],[15,0,3,0,0,0],[27,0,3,0,0,0],[16,0,4,0,0,0],[17,0,4,0,0,0],[26,0,4,0,0,0],[25,0,4,0,0,0],[18,0,4,0,0,0],[19,0,4,0,0,0],[20,0,4,0,0,0],[21,0,4,0,0,0],[22,0,4,0,0,0],[23,0,4,0,0,0],[26,1,4,0,0,0],[16,1,4,0,0,0],[24,1,4,0,0,0],[22,1,4,0,0,0],[20,1,4,0,0,0],[18,1,4,0,0,0],[14,0,4,0,0,0],[14,1,4,0,0,0],[28,1,4,0,0,0],[28,0,4,0,0,0],[21,1,5,0,0,0],[23,1,6,0,0,0],[19,1,6,0,0,0],[17,1,7,0,0,0],[24,0,8,0,0,0],[10,1,9,0,0,0],[6,1,10,0,0,0],[6,0,11,0,0,0],[4,1,12,0,0,0],[25,1,7,0,0,0]],"i":{"b":["SOLID","SOLID","CLIMB","FURRY","DECOBG","DECOANIM","DECO","DECOBIG","LIVELY","MNTAIR","INTERACT","DYNATHING","DYNATHING"],"p":[null,null,{"attr":[3,1]},{"attr":[1,19,7,9,2,6,4]},{"attr":[1],"clonedFrom":"60c0e94fc522dd258b075ce9"},null,null,{"attr":[5]},{"attr":[12]},{"attr":[13],"offset":{"y":4,"x":-11}},{"textSize":678,"attr":[1,6],"textData":"touches and bux == 0: say 'help' for info.\n\ntouches and bux > 99: +100 \/+100 effects-free their buxes \/-100 bux\nTOUCHES AND BUX <= 99 -and- bux > 0: +[value bux] \/+[VALUE BUX] EFFECTS-FREE THEIR BUXES \/=0 BUX\n\nhears \"send 10\": -10 \/-10 effects-free their buxes \/+10 bux\nHEARS \"SEND 50\": -50 \/-50 EFFECTS-FREE THEIR BUXES \/+50 BUX\nHEARS \"SEND 100\": -100 \/-100 EFFECTS-FREE THEIR BUXES \/+100 BUX\nHEARS \"SEND 500\": -500 \/-500 EFFECTS-FREE THEIR BUXES \/+500 BUX\nHEARS \"SEND 1000\": -1000 \/-1000 EFFECTS-FREE THEIR BUXES \/+1000 BUX\n\nhears \"help\": command table\\:  'help' - shows help  'send 10, 50, 100, 500, 1000'  - send buxes into bux piggie  action - take buxes from bux piggie\n\n\n","thingRefs":[["64eee21db707c9264410e982","buxes"]]},{"text":"0s: cells show, cell 2 down 7, text space\n0-1s: cells 1+2 down 3\n2-3s: CELLS 1+2 up 3\n4s: restart"},{"attr":[2],"text":"0s: cells 1+2+3+7 show, cells 2+3+4+5+6+7 up 29\n+0-+0.25s: cell 3 hide, cell 4 show\n+0-+0.25S: CELL 4 HIDE, CELL 5 SHOW\n+0-+0.25S: CELL 5 HIDE, CELL 3 SHOW\n.75s: restart\n\n0-.35s: cell 6 show\n.35-.75: cell 6 hide"}],"n":["block","block","climbable","stamp tool leaves","grass surface","ripped out of life","flowtain","flower","sanctuary butterfly","lightc nopass","bux piggie","space","tall street lamp"],"dr":[0,0,0,0,0,0,0,0,0,0,0,0,0]}}