{"x":0,"y":1,"iix":["64eea2b42d4bbc045254f532","64eeaa24c125a026438441a6","64eea21d032c84264cbcb88a","64eeaaa3d2234004458aea93","578bacffc3cb4b2713145140","60f89fd0cc03ab24eda0a814","650a79b6054e5446fc9a68ac","651e3a1f4b86c67c38deee69","651fe689121e8b0457d249a6","653ba6be1c6179527850e905"],"ps":[[2,3,0,0,0,0],[3,3,0,0,0,0],[4,3,0,0,0,0],[25,3,0,0,0,0],[24,3,0,0,0,0],[5,3,0,0,0,0],[6,3,0,0,0,0],[7,3,0,0,0,0],[8,3,0,0,0,0],[9,3,0,0,0,0],[10,3,0,0,0,0],[11,3,0,0,0,0],[12,3,0,0,0,0],[13,3,0,0,0,0],[14,3,0,0,0,0],[15,3,0,0,0,0],[16,3,0,0,0,0],[17,3,0,0,0,0],[18,3,0,0,0,0],[19,3,0,0,0,0],[20,3,0,0,0,0],[21,3,0,0,0,0],[22,3,0,0,0,0],[23,3,0,0,0,0],[8,1,1,0,0,0],[7,1,1,0,0,0],[7,0,1,0,0,0],[8,0,1,0,0,0],[26,3,0,0,0,0],[27,3,0,0,0,0],[28,3,0,0,0,0],[29,3,0,0,0,0],[30,3,0,0,0,0],[31,3,0,0,0,0],[3,2,2,0,0,0],[4,2,2,0,0,0],[24,2,2,0,0,0],[23,2,2,0,0,0],[5,2,2,0,0,0],[6,2,2,0,0,0],[7,2,2,0,0,0],[8,2,2,0,0,0],[9,2,2,0,0,0],[10,2,2,0,0,0],[11,2,2,0,0,0],[12,2,2,0,0,0],[13,2,2,0,0,0],[14,2,2,0,0,0],[15,2,2,0,0,0],[16,2,2,0,0,0],[17,2,2,0,0,0],[18,2,2,0,0,0],[19,2,2,0,0,0],[20,2,2,0,0,0],[21,2,2,0,0,0],[22,2,2,0,0,0],[25,2,2,0,0,0],[26,2,2,0,0,0],[27,2,2,0,0,0],[28,2,2,0,0,0],[29,2,2,0,0,0],[30,2,2,0,0,0],[31,2,2,0,0,0],[20,0,3,0,0,0],[20,1,3,0,0,0],[10,1,3,0,0,0],[10,0,3,0,0,0],[30,1,3,0,0,0],[30,0,3,0,0,0],[15,1,4,0,0,0],[15,0,5,0,0,0],[2,2,2,0,0,0],[1,2,2,0,0,0],[1,3,0,0,0,0],[0,2,2,0,0,0],[0,3,0,0,0,0],[18,1,6,0,0,0],[12,1,6,0,1,0],[23,1,7,0,0,0],[27,1,8,0,0,0],[4,1,9,0,0,0],[25,1,9,0,0,0]],"i":{"b":["SOLID","CLIMB","SOLID","DECOFG","DECOVBIG","PASS","DECOBIG","INTERACT","INTERACT","DYNATHING"],"p":[null,{"attr":[3,1]},null,null,null,{"attr":[4]},{"attr":[8]},{"textSize":24,"attr":[6,1],"textData":"[heard]\nreaches: [heard]","checksNears":true},{"textSize":5267,"attr":[6,1,5],"textData":"\/\/info commands\nhears \"info\" and isn't info and isn't active and isn't lock: *info mode* \/is info\n- hears \"used\": *used [value used] times*\n- hears \"full info\": -bux atm-  version: 1.2  *-ppms 1.0-*  made by thatdanil. 2023  designed for \"focuschat\"\n- hears \"full name\": -bux automated teller machine-\n- HEARS \"system NAME\": *-public profile machines v1.0-*\n- HEARS \"description\": this machine stands for converting  from buxes to buxcoins or versa.  you can convert your money  up to 10  special for \"focuschat\".\n- HEARS \"changelog\": 1: release  1.1: fixed the 'buxcoin to bux' mode,  bc it didn't have 'buxes' thing  1.2: added area lock,  so it will not able  in different areas, except focuschat.  -end-\n- HEARS \"quit\": *done* \/isn't info >\n\n\/\/area lock\nsomeone arrives and not in \"focuschat\": Caution!  this machine is being locked  because he is not in \"focuschat\"!  you'll not able  to use this machine now. \/IS LOCK\n\nHEARS \"INFO\" AND ISN'T INFO AND ISN'T ACTIVE AND IS LOCK: *AREA LOCKED*\n\nTOUCHES AND ISN'T ACTIVE AND ISN'T INFO AND IS LOCK: *area locked*\n\n\/\/work script\ntouches and isn't active and isn't info and isn't lock: welcome to **bux atm** \/is active  each buxcoin costs 10 bux  select mode\\:  0\\: bux to buxcoin  1\\: buxcoin to bux\n- hears \"bux to buxcoin\" or hears \"0\": *ok* > btbc\n- HEARS \"BUXcoin to bux\" or HEARS \"1\": *ok* > BcTB\n- HEARS \"CANCEL\": *SEE YOU!* \/ISN'T ACTIVE >\n\n#btbc now select a value\\: 1-10?\n- hears \"1\" and their buxes > 10: *ok* \/+1 their buxcoins \/-10 effects-free their buxes  *done* \/+1 used \/isn't active >\n- HEARS \"2\" AND THEIR BUXES > 20: *OK* \/+2 THEIR BUXCOINs \/-20 EFFECTS-FREE THEIR BUXES  *DONE* \/+1 USED \/ISN'T ACTIVE >\n- HEARS \"3\" AND THEIR BUXES > 30: *OK* \/+3 THEIR BUXCOINs \/-3 EFFECTS-FREE THEIR BUXES  *DONE* \/+1 USED \/ISN'T ACTIVE >\n- HEARS \"4\" AND THEIR BUXES > 40: *OK* \/+4 THEIR BUXCOINs \/-40 EFFECTS-FREE THEIR BUXES  *DONE* \/+1 USED \/ISN'T ACTIVE >\n- HEARS \"5\" AND THEIR BUXES > 50: *OK* \/+5 THEIR BUXCOINs \/-50 EFFECTS-FREE THEIR BUXES  *DONE* \/+1 USED \/ISN'T ACTIVE >\n- HEARS \"6\" AND THEIR BUXES > 60: *OK* \/+6 THEIR BUXCOINs \/-60 EFFECTS-FREE THEIR BUXES  *DONE* \/+1 USED \/ISN'T ACTIVE >\n- HEARS \"7\" AND THEIR BUXES > 70: *OK* \/+7 THEIR BUXCOINs \/-70 EFFECTS-FREE THEIR BUXES  *DONE* \/+1 USED \/ISN'T ACTIVE >\n- HEARS \"8\" AND THEIR BUXES > 80: *OK* \/+8 THEIR BUXCOINs \/-80 EFFECTS-FREE THEIR BUXES  *DONE* \/+1 USED \/ISN'T ACTIVE >\n- HEARS \"9\" AND THEIR BUXES > 90: *OK* \/+9 THEIR BUXCOINs \/-90 EFFECTS-FREE THEIR BUXES  *DONE* \/+1 USED \/ISN'T ACTIVE >\n- HEARS \"10\" AND THEIR BUXES > 100: *OK* \/+10 THEIR BUXCOINs \/-100 EFFECTS-FREE THEIR BUXES  *DONE* \/+1 USED \/ISN'T ACTIVE >\n- HEARS \"1\" AND THEIR BUXES <= 10: *can't convert such value*\n- HEARS \"2\" AND THEIR BUXES <= 20: *CAN'T CONVERT SUCH VALUE*\n- HEARS \"3\" AND THEIR BUXES <= 30: *CAN'T CONVERT SUCH VALUE*\n- HEARS \"4\" AND THEIR BUXES <= 40: *CAN'T CONVERT SUCH VALUE*\n- HEARS \"5\" AND THEIR BUXES <= 50: *CAN'T CONVERT SUCH VALUE*\n- HEARS \"6\" AND THEIR BUXES <= 60: *CAN'T CONVERT SUCH VALUE*\n- HEARS \"7\" AND THEIR BUXES <= 70: *CAN'T CONVERT SUCH VALUE*\n- HEARS \"8\" AND THEIR BUXES <= 80: *CAN'T CONVERT SUCH VALUE*\n- HEARS \"9\" AND THEIR BUXES <= 90: *CAN'T CONVERT SUCH VALUE*\n- HEARS \"10\" AND THEIR BUXES <= 100: *CAN'T CONVERT SUCH VALUE*\n- hears \"cancel\": *see you!* \/isn't active >\n\n#BcTB NOW SELECT A VALUE\\: 1-10?\n- HEARS \"1\" AND THEIR BUXcoins > 1: *OK* \/-1 THEIR BUXCOINs \/+10 EFFECTS-FREE THEIR BUXES  *DONE* \/+1 USED \/ISN'T ACTIVE >\n- HEARS \"2\" AND THEIR BUXcoins > 2: *OK* \/-2 THEIR BUXCOINs \/+20 EFFECTS-FREE THEIR BUXES  *DONE* \/+1 USED \/ISN'T ACTIVE >\n- HEARS \"3\" AND THEIR BUXcoins > 3: *OK* \/-3 THEIR BUXCOINs \/+30 EFFECTS-FREE THEIR BUXES  *DONE* \/+1 USED \/ISN'T ACTIVE >\n- HEARS \"4\" AND THEIR BUXcoins > 4: *OK* \/-4 THEIR BUXCOINs \/+40 EFFECTS-FREE THEIR BUXES  *DONE* \/+1 USED \/ISN'T ACTIVE >\n- HEARS \"5\" AND THEIR BUXcoins > 5: *OK* \/-5 THEIR BUXCOINs \/+50 EFFECTS-FREE THEIR BUXES  *DONE* \/+1 USED \/ISN'T ACTIVE >\n- HEARS \"6\" AND THEIR BUXcoins > 6: *OK* \/-6 THEIR BUXCOINs \/+60 EFFECTS-FREE THEIR BUXES  *DONE* \/+1 USED \/ISN'T ACTIVE >\n- HEARS \"7\" AND THEIR BUXcoins > 7: *OK* \/-7 THEIR BUXCOINs \/+70 EFFECTS-FREE THEIR BUXES  *DONE* \/+1 USED \/ISN'T ACTIVE >\n- HEARS \"8\" AND THEIR BUXcoins > 8: *OK* \/-8 THEIR BUXCOINs \/+80 EFFECTS-FREE THEIR BUXES  *DONE* \/+1 USED \/ISN'T ACTIVE >\n- HEARS \"9\" AND THEIR BUXcoins > 9: *OK* \/-9 THEIR BUXCOINs \/+90 EFFECTS-FREE THEIR BUXES  *DONE* \/+1 USED \/ISN'T ACTIVE >\n- HEARS \"10\" AND THEIR BUXcoins > 10: *OK* \/-10 THEIR BUXCOINs \/+100 EFFECTS-FREE THEIR BUXES  *DONE* \/+1 USED \/ISN'T ACTIVE >\n- HEARS \"1\" AND THEIR BUXcoins <= 1: *CAN'T CONVERT SUCH VALUE*\n- HEARS \"2\" AND THEIR BUXcoins <= 2: *CAN'T CONVERT SUCH VALUE*\n- HEARS \"3\" AND THEIR BUXcoins <= 3: *CAN'T CONVERT SUCH VALUE*\n- HEARS \"4\" AND THEIR BUXcoins <= 4: *CAN'T CONVERT SUCH VALUE*\n- HEARS \"5\" AND THEIR BUXcoins <= 5: *CAN'T CONVERT SUCH VALUE*\n- HEARS \"6\" AND THEIR BUXcoins <= 6: *CAN'T CONVERT SUCH VALUE*\n- HEARS \"7\" AND THEIR BUXcoins <= 7: *CAN'T CONVERT SUCH VALUE*\n- HEARS \"8\" AND THEIR BUXcoins <= 8: *CAN'T CONVERT SUCH VALUE*\n- HEARS \"9\" AND THEIR BUXcoins <= 9: *CAN'T CONVERT SUCH VALUE*\n- HEARS \"10\" AND THEIR BUXcoins <= 10: *CAN'T CONVERT SUCH VALUE*\n- HEARS \"CANCEL\": *SEE YOU!* \/ISN'T ACTIVE >","reactsTo":["someone_arrives"],"thingRefs":[["650940c24fc69105cb6f10ed","buxcoins"],["64eee21db707c9264410e982","buxes"]]},{"attr":[2],"text":"0s: cells 1+2+3+7 show, cells 2+3+4+5+6+7 up 29\n+0-+0.25s: cell 3 hide, cell 4 show\n+0-+0.25S: CELL 4 HIDE, CELL 5 SHOW\n+0-+0.25S: CELL 5 HIDE, CELL 3 SHOW\n.75s: restart\n\n0-.35s: cell 6 show\n.35-.75: cell 6 hide"}],"n":["block","climbable","block","block","kawaii marshmillow!","invisible pass-down one-way","med bench","message flower","bux atm","tall street lamp"],"dr":[0,0,0,0,0,0,0,0,0,0]}}