{"x":-4,"y":0,"iix":["6538e28f6b49b705b1c22027","650aab5ca75b9d46f32a0a40","650aab383a26cb05a5edc741","5a3d481578c931ec0f6802ae","655091b74b86c67c38df9418","65508f961c61795278514a31","65508fa17d95e77c3d356e18","64f832baa75b9d46f329b07c","65509db00303e55270b5c545","64d4103a054e5446fc9969bd","60df27b228e12f19e94e5192","64d410ec032c84264cbc39e1","614b7bc734258205afc33b26"],"ps":[[16,26,0,0,0,0],[24,29,1,0,0,0],[23,29,2,0,0,0],[22,29,2,0,0,0],[21,29,2,0,0,0],[25,27,3,0,0,0],[7,29,4,0,0,0],[6,31,5,0,0,0],[5,31,5,0,0,0],[0,31,5,0,0,0],[1,31,5,0,0,0],[2,31,5,0,0,0],[3,31,5,0,0,0],[4,31,5,0,0,0],[4,28,5,0,0,0],[3,28,5,0,0,0],[0,28,5,0,0,0],[1,28,5,0,0,0],[2,28,5,0,0,0],[4,29,6,0,0,0],[4,30,6,0,0,0],[0,29,6,0,0,0],[1,29,6,0,0,0],[2,29,6,0,0,0],[3,29,6,0,0,0],[2,30,6,0,0,0],[5,28,7,2,0,0],[5,29,7,2,0,0],[5,30,7,2,0,0],[7,31,7,2,0,0],[11,31,8,0,0,0],[0,30,9,0,0,0],[1,30,9,0,0,0],[3,30,10,0,0,0],[1,27,9,0,0,0],[3,27,11,0,1,0],[2,27,12,0,0,0],[4,27,10,0,0,0]],"i":{"b":["INTERACT","LIGHT","LIGHTTOP","FARBACK","LIGHT","PASS","DECOBG","DECO","FARBACK","DECOBIG","FURRY","DECOBIG","FURRY"],"p":[{"textSize":516,"attr":[5,6,1],"textData":"someone arrives and they wear administrator crown and they don't possess devcard: {you can't wear administrator crown here} \/removes *\napproaches AND THEY WEAR ADMINISTRATOR CROWN AND THEY DON'T POSSESS DEVCARD: {YOU CAN'T WEAR ADMINISTRATOR CROWN HERE} \/REMOVES *\nnears AND THEY WEAR ADMINISTRATOR CROWN AND THEY DON'T POSSESS DEVCARD: {YOU CAN'T WEAR ADMINISTRATOR CROWN HERE} \/REMOVES *\nreaches AND THEY WEAR ADMINISTRATOR CROWN AND THEY DON'T POSSESS DEVCARD: {YOU CAN'T WEAR ADMINISTRATOR CROWN HERE} \/REMOVES *","checksNears":true,"reactsTo":["someone_arrives"]},{"rgb":"219,69,0"},{"rgb":"0,0,255"},{"rgb":"211,78,255","attr":[8],"text":"-135 -118 cell 1 0 0\n-135 -118 CELL 2 38 0\n24 -73 cell 3 0 0 \n-25 20 cell 4 0 0\n-25 20 cell 5 38 0\n-152 34 cell 6 0 0\n117 -20 cell 7 -38 0\n117 -20 cell 8 0 0\n117 -20 cell 9 38 0\n"},{"rgb":"83,135,239"},null,null,null,{"rgb2":"31,69,21","rgb":"79,125,69","attr":[7,15,11],"text":"-193 67\n-190 57\n-184 50\n-177 45 CELL 5\n-166 42\n-157 41 cell 1\n-148 36\n-142 25 CELL 5\n-135 14\n-124 6 CELL 4\n-106 -2 CELL 2\n-90 -8\n-75 -19\n-54 -30 CELL 2\n-29 -45\n31 -74 CELL 2\n45 -74 CELL 5\n59 -71\n77 -68 CELL 3\n96 -57\n109 -50 CELL 2\n127 -39\n144 -31 CELL 4\n160 -8\n171 6\n181 12 CELL 4\n188 20\n200 46 CELL 4\n210 64\n\n"},null,{"attr":[1,7,4,5,2],"clonedFrom":"60c18e637b2d430afa59cc53"},null,{"attr":[1,7,4,5,2],"clonedFrom":"60df27b228e12f19e94e5192"}],"n":["administrator locker","dawnlight orange","dawnlight blue","morioh clouds","glowlight pastel blue","grass (o-w)","dirt","block","green forest","ghib grass","grassmix","ghib grass","grassmix"],"dr":[0,0,0,0,0,0,0,0,0,0,0,0,0]}}