{"x":5,"y":1,"iix":["64eeaa24c125a026438441a6","64eea9742d4bbc045254f54a","64eea2b42d4bbc045254f532","5fda305ebf613c6571ca2453","64ef3e615debbc05a92c2761","64eea21d032c84264cbcb88a","64eea953a75b9d46f32985a5","6316e277f75fed7f972eece2","64de6d70d3ee120448daacbb","64de6d88054e5446fc9990d7","64ef3eafb707c9264410ea4f","64f30732d2829705b2ddd6dc","51e460bd134794940a000009","6502e08875a99905bd1c4aed","6538e28f6b49b705b1c22027"],"ps":[[3,0,0,0,0,0],[6,0,1,0,0,0],[5,0,2,0,0,0],[2,0,1,0,0,0],[1,0,2,0,0,0],[0,0,2,0,0,0],[6,2,3,0,0,0],[6,3,3,0,0,0],[6,6,3,0,0,0],[6,7,3,0,0,0],[6,1,4,0,0,0],[6,4,4,0,0,0],[6,5,4,0,0,0],[3,1,0,0,0,0],[3,2,0,0,0,0],[3,6,0,0,0,0],[3,5,0,0,0,0],[3,3,0,0,0,0],[3,4,0,0,0,0],[5,9,5,0,0,0],[6,8,4,0,0,0],[6,9,6,0,0,0],[6,10,1,0,0,0],[5,10,2,0,0,0],[4,9,5,0,0,0],[3,9,5,0,0,0],[2,9,5,0,0,0],[1,9,5,0,0,0],[0,9,5,0,0,0],[4,10,2,0,0,0],[3,10,2,0,0,0],[2,10,2,0,0,0],[1,10,2,0,0,0],[0,10,2,0,0,0],[3,7,0,0,0,0],[3,8,0,0,0,0],[0,5,7,0,0,0],[1,5,8,0,0,0],[5,5,9,0,0,0],[2,1,10,0,0,0],[2,4,10,0,0,0],[0,1,10,0,0,0],[1,1,10,0,0,0],[0,2,10,0,0,0],[1,2,10,0,0,0],[2,2,10,0,0,0],[0,3,10,0,0,0],[1,3,10,0,0,0],[2,3,10,0,0,0],[0,4,10,0,0,0],[1,4,10,0,0,0],[4,5,10,0,0,0],[2,5,10,0,0,0],[4,1,10,0,0,0],[5,1,10,0,0,0],[5,4,10,0,0,0],[4,4,10,0,0,0],[4,2,10,0,0,0],[5,2,10,0,0,0],[4,3,10,0,0,0],[5,3,10,0,0,0],[4,6,10,0,0,0],[5,6,10,0,0,0],[5,8,10,0,0,0],[4,8,10,0,0,0],[4,7,10,0,0,0],[5,7,10,0,0,0],[2,6,10,0,0,0],[2,7,10,0,0,0],[2,8,10,0,0,0],[1,6,10,0,0,0],[1,8,10,0,0,0],[0,6,10,0,0,0],[0,7,10,0,0,0],[1,7,10,0,0,0],[0,8,10,0,0,0],[11,0,11,0,0,0],[14,6,11,0,0,0],[8,4,11,0,0,0],[8,7,12,0,0,0],[8,6,12,0,0,0],[4,0,13,0,0,0],[11,3,14,0,0,0]],"i":{"b":["CLIMB","SOLID","SOLID","SOLID","SOLID","SOLID","SOLID","PASS","PASS","PASS","DECOBG","DECOBIG","LIGHT","SOLID","INTERACT"],"p":[{"attr":[3,1]},null,null,{"attr":[1],"info":"(c) copyright omnicolor supermax turboplus epileptic death, subsidiary of extrasecret underground moon private-funded raster graphics research and development institute inc. co. gmbh. s.a.r.l.","changerId":"5f7f9fffdfa69a2a19a34233"},null,null,null,{"attr":[1,4],"clonedFrom":"60ccf6a6da5c5d1b0a21d405"},{"attr":[1,4],"clonedFrom":"6316e287c1e57e72f7e9d1ed"},{"attr":[1,4],"clonedFrom":"6316e292c1e57e72f7e9d1ee"},null,null,{"rgb":"113,171,221"},null,{"textSize":516,"attr":[5,6,1],"textData":"someone arrives and they wear administrator crown and they don't possess devcard: {you can't wear administrator crown here} \/removes *\napproaches AND THEY WEAR ADMINISTRATOR CROWN AND THEY DON'T POSSESS DEVCARD: {YOU CAN'T WEAR ADMINISTRATOR CROWN HERE} \/REMOVES *\nnears AND THEY WEAR ADMINISTRATOR CROWN AND THEY DON'T POSSESS DEVCARD: {YOU CAN'T WEAR ADMINISTRATOR CROWN HERE} \/REMOVES *\nreaches AND THEY WEAR ADMINISTRATOR CROWN AND THEY DON'T POSSESS DEVCARD: {YOU CAN'T WEAR ADMINISTRATOR CROWN HERE} \/REMOVES *","checksNears":true,"reactsTo":["someone_arrives"]}],"n":["climbable","block","block","window","bricks","block","block","fancy chatwood shelf center","fancy chatwood shelf right","fancy chatwood shelf left","bricks","a cloud","blue pastel","block","administrator locker"],"dr":[0,0,0,0,0,0,0,0,0,0,0,0,0,0,0]}}