{"x":-2,"y":0,"iix":["650aab5ca75b9d46f32a0a40","650aab383a26cb05a5edc741","6502ecc2bf88c605b0485b9e","6538e28f6b49b705b1c22027","5a3d481578c931ec0f6802ae","60e7fee2bf22ee04f6757abe","6521349fdfa33a527d488aeb","6538b7374b86c67c38df2f31"],"ps":[[25,28,0,0,0,0],[24,28,1,0,0,0],[23,28,1,0,0,0],[22,28,1,0,0,0],[7,26,2,0,0,0],[2,28,0,0,0,0],[1,28,1,0,0,0],[0,28,1,0,0,0],[30,26,3,0,0,0],[3,30,4,0,0,0],[10,23,4,0,0,0],[24,30,4,0,0,0],[17,26,5,0,0,0],[3,22,5,0,0,0],[5,23,4,0,0,0],[28,20,5,0,0,0],[30,24,5,0,0,0],[18,28,5,0,0,0],[22,31,6,0,0,0],[24,21,7,0,0,0]],"i":{"b":["LIGHT","LIGHTTOP","INTERACT","INTERACT","FARBACK","FARBACK","DECOBIG","INTERACT"],"p":[{"rgb":"219,69,0"},{"rgb":"0,0,255"},{"textSize":315,"attr":[6,1,4,13],"textData":"hits \"colorball bouncy\": *hit +1* \/+1 effects-free their buxes \/WAITS 5\nHITS \"COLORBALL BOUNCY\": *HIT +2* \/+2 EFFECTS-FREE THEIR BUXES \/waits 5\nHITS \"COLORBALL BOUNCY\": *HIT +3* \/+3 EFFECTS-FREE THEIR BUXES \/WAITS 5\nHITS \"COLORBALL BOUNCY\" and is [chance 2]: *lucky HIT +250* \/+250 EFFECTS-FREE THEIR BUXES \/WAITS 5","boundingBox":[5,10,23,28],"checksNears":true,"thingRefs":[["64eee21db707c9264410e982","buxes"]]},{"textSize":516,"attr":[5,6,1],"textData":"someone arrives and they wear administrator crown and they don't possess devcard: {you can't wear administrator crown here} \/removes *\napproaches AND THEY WEAR ADMINISTRATOR CROWN AND THEY DON'T POSSESS DEVCARD: {YOU CAN'T WEAR ADMINISTRATOR CROWN HERE} \/REMOVES *\nnears AND THEY WEAR ADMINISTRATOR CROWN AND THEY DON'T POSSESS DEVCARD: {YOU CAN'T WEAR ADMINISTRATOR CROWN HERE} \/REMOVES *\nreaches AND THEY WEAR ADMINISTRATOR CROWN AND THEY DON'T POSSESS DEVCARD: {YOU CAN'T WEAR ADMINISTRATOR CROWN HERE} \/REMOVES *","checksNears":true,"reactsTo":["someone_arrives"]},{"rgb":"211,78,255","attr":[8],"text":"-135 -118 cell 1 0 0\n-135 -118 CELL 2 38 0\n24 -73 cell 3 0 0 \n-25 20 cell 4 0 0\n-25 20 cell 5 38 0\n-152 34 cell 6 0 0\n117 -20 cell 7 -38 0\n117 -20 cell 8 0 0\n117 -20 cell 9 38 0\n"},{"rgb":"0,0,0","attr":[14],"text":"cell 1 4 -62\ncell 2 42 -41\ncell 3 80 -41\ncell 4 -58 -35\ncell 5 -7 -29\n"},null,{"textSize":96,"attr":[6,1],"textData":"reaches and they aren't reach: *Reached point +10* \/they are reach \/+10 effects-free their buxes","checksNears":true,"thingRefs":[["64eee21db707c9264410e982","buxes"]]}],"n":["dawnlight orange","dawnlight blue","colorball hit","administrator locker","morioh clouds","clouds","literally light tunnel","reach score"],"dr":[0,0,0,0,0,0,0,0]}}