{"x":5,"y":-1,"iix":["64f30732d2829705b2ddd6dc","6493bfee054e5446fc984c31"],"ps":[[5,29,0,0,0,0],[8,31,0,0,0,0],[7,25,0,0,0,0],[0,19,0,0,0,0],[6,31,1,0,0,0],[6,30,1,0,0,0],[6,29,1,0,0,0],[6,28,1,0,0,0],[6,27,1,0,0,0],[6,26,1,0,0,0],[6,25,1,0,0,0]],"i":{"b":["DECOBIG","DYNATHING"],"p":[null,{"attr":[8],"text":"0s: cells show, cell 2 right 2\n0-0.05s: cell 1 left 2, cell 2 left 2\n0.05-0.1s: cell 1 left 1, cell 2 left 2\n0.1-0.15s: cell 2 left 1\n0.15-0.2s: cell 1 right 1\n0.2-0.25S: cell 1 right 2, cell 2 right 1\n0.25-0.275s: cells right 2\n0.275-0.3s: cells right 2\n0.3-0.35s: cell 1 right 1, cell 2 right 2\n0.35-0.4s: cell 2 right 1\n0.4-0.45s: cell 1 left 1\n0.45-0.5s: cell 1 left 2, cell 2 left 1\n0.5s: restart\n\n"}],"n":["a cloud","barrier"],"dr":[0,0]}}