{"x":38,"y":1,"iix":["658f0bc5aff2b3155d4e3b63","658efd445dc91c155b45671d","5282667bb9b898f62f00002d","5282607b413a2a436f00001f","52826571413a2a436f000029","528263f8c0f13b997c00002b","528265d1ff01538773000023","5f187f96cd069b317bc49adc","5eed264e0bdd260619b3b9de","5f1890559d6e41060dc97364","5f1a10f05ca32962eda5c5d7","5f1a1c0eb336a870dde398d7","5f18eb8a5ca32962eda5be1f","5f19fec03f969c62fa729366","5f19fee4cd069b317bc4a2cc","65d2f425ec588f1555673bb8","52163aa48ff57bdd22000057"],"ps":[[3,29,0,3,0,0],[2,29,0,3,0,0],[1,29,0,3,0,0],[3,30,1,0,0,0],[0,30,1,0,0,0],[1,30,1,0,0,0],[2,30,1,0,0,0],[1,31,1,0,0,0],[2,31,1,0,0,0],[3,31,1,0,0,0],[3,26,2,2,0,0],[0,26,2,2,0,0],[4,29,0,3,0,0],[1,26,2,2,0,0],[2,26,2,2,0,0],[5,29,0,3,0,0],[6,29,0,3,0,0],[4,30,1,0,0,0],[4,20,3,0,0,0],[6,30,1,0,0,0],[4,18,4,0,0,0],[0,20,3,0,0,0],[1,20,3,0,0,0],[2,20,3,0,0,0],[3,20,3,0,0,0],[3,18,4,0,0,0],[0,18,4,0,0,0],[5,30,1,0,0,0],[1,18,4,0,0,0],[4,31,1,0,0,0],[2,21,3,0,0,0],[3,21,3,0,0,0],[5,31,1,0,0,0],[2,18,4,0,0,0],[4,21,3,0,0,0],[6,31,1,0,0,0],[0,22,3,0,0,0],[1,22,3,0,0,0],[2,22,3,0,0,0],[3,22,3,0,0,0],[1,23,3,0,0,0],[2,23,3,0,0,0],[3,23,3,0,0,0],[0,24,3,0,0,0],[1,24,3,0,0,0],[2,24,3,0,0,0],[3,24,3,0,0,0],[4,19,5,3,0,0],[3,19,5,3,0,0],[0,19,5,3,0,0],[1,19,5,3,0,0],[2,19,5,3,0,0],[4,25,6,3,0,0],[3,25,6,3,0,0],[0,25,6,3,0,0],[1,25,6,3,0,0],[2,25,6,3,0,0],[6,15,0,1,0,0],[5,15,0,1,0,0],[0,15,0,1,0,0],[2,15,0,1,0,0],[3,15,0,1,0,0],[4,15,0,1,0,0],[6,14,1,0,0,0],[5,14,1,0,0,0],[0,14,1,0,0,0],[2,14,1,0,0,0],[3,14,1,0,0,0],[4,14,1,0,0,0],[1,21,3,0,0,0],[1,14,1,0,0,0],[1,15,0,1,0,0],[4,24,3,0,0,0],[4,22,3,0,0,0],[4,23,3,0,0,0],[8,27,7,0,0,0],[9,27,7,0,0,0],[10,27,7,0,0,0],[9,25,8,0,0,0],[13,27,9,0,0,0],[11,27,7,0,0,0],[12,27,7,0,0,0],[13,26,10,0,0,0],[13,28,11,0,0,0],[11,26,12,0,0,0],[10,26,13,0,0,0],[9,26,14,0,0,0],[0,21,3,0,0,0],[8,26,12,0,0,0],[0,23,3,0,0,0],[0,31,1,0,0,0],[4,26,2,2,0,0],[8,25,15,0,0,0],[0,29,0,3,0,0],[3,28,16,0,0,0],[3,27,16,3,0,0],[2,27,16,2,0,0],[2,28,16,1,0,0],[1,27,16,1,0,0],[1,28,16,2,0,0],[0,28,16,3,0,0],[0,27,16,0,0,0],[0,16,16,0,0,0],[0,17,16,3,0,0],[7,17,16,0,0,0],[7,16,16,3,0,0],[6,16,16,2,0,0],[6,17,16,1,0,0],[5,16,16,1,0,0],[5,17,16,2,0,0],[4,17,16,3,0,0],[4,16,16,0,0,0],[3,16,16,3,0,0],[3,17,16,0,0,0],[2,17,16,1,0,0],[2,16,16,2,0,0],[1,17,16,2,0,0],[1,16,16,1,0,0],[7,18,16,1,0,0],[6,18,16,0,0,0],[7,19,16,2,0,0],[6,19,16,3,0,0],[6,20,16,2,0,0],[7,20,16,3,0,0],[7,21,16,0,0,0],[6,21,16,1,0,0],[4,27,16,0,0,0],[5,27,16,1,0,0],[4,28,16,3,0,0],[5,28,16,2,0,0],[6,28,16,1,0,0],[7,28,16,0,0,0],[6,27,16,2,0,0],[7,27,16,3,0,0],[6,26,16,3,0,0],[7,26,16,2,0,0],[6,25,16,0,0,0],[7,25,16,1,0,0],[6,24,16,1,0,0],[7,24,16,0,0,0],[7,23,16,3,0,0],[6,23,16,2,0,0],[6,22,16,0,0,0],[7,22,16,0,0,0],[5,26,2,2,0,0],[5,25,6,3,0,0],[5,24,3,0,0,0],[5,23,3,0,0,0],[5,22,3,0,0,0],[5,21,3,0,0,0],[5,20,3,0,0,0],[5,19,5,3,0,0],[5,18,4,0,0,0],[7,29,0,3,0,0],[7,30,1,0,0,0],[7,31,1,0,0,0]],"i":{"b":["SOLID","SOLID","DECOBG","DECOBG","DECOBG","DECOBG","DECOBG","SOLID","DYNATHING","SOLID","INTERACT","DYNATHING","DECO","PASS","PASS","DYNATHING","SOLID"],"p":[{"attr":[1],"clonedFrom":"583256a5c509c8bb0f6dd856"},{"attr":[1],"clonedFrom":"583256a5c509c8bb0f6dd856"},null,null,null,null,null,null,{"text":"0s: cell 1 show,\n.125s: cell 1 hide, cell 2 show\n.25s: cell 1 show, cell 2 hide\n.25s: restart"},null,{"textSize":630,"attr":[2,1,5],"textData":"hears menu or order: \/shows menu\nhears water: \/gives water\nhears mango juice: \/gives mango juice\nhears coconut milk: \/gives coconut milk\nhears earl grey: \/gives earl grey\nhears sea water: \/gives sea water\n\nhears crab legs: \/gives bucket\nhears shrimp plate: \/gives shrimp\nhears salmon salad: \/gives salmon\nhears tuna sandwich: \/gives tuna\nhears sushi platter: \/gives sushi\n\nhears lava cake: \/give lava cake\nhears mochi: \/give mochi\n\nhears ice cream: what flavor?\nhears strawberry: \/ give ice cream 1\nhears mango: \/give ice cream 2\nhears chocolate: \/give ice cream 3\nhears coconut: \/give ice cream 4\nhears vanilla: \/give ice cream 5","thingRefs":[["5f1a05e0c498fc6048450524","menu"],["5f1a09b0e139420611923964","sea water"],["5f1a098ecd069b317bc4a2eb","earl grey"],["5f1a092bb336a870dde398a0","water"],["5f1a08e7d8ebed62ee9e710c","mango juice"],["5f1a08264c22a206124348d1","coconut milk"],["5f1a0d544c22a206124348f3","salmon"],["5f1a0d1ee02f2260366aaea8","tuna"],["5f1a0ce35ca32962eda5c5ce","sushi"],["5f1a0c93b336a870dde398a7","shrimp"],["5f1a0be4b336a870dde398a6","bucket"],["5f1a102f8e5bf770cb39a3e5","ice cream 2"],["5f1a103e88ea22316ff27e50","ice cream 3"],["5f1a105fd8ebed62ee9e7130","ice cream 4"],["5f1a106d9a223531759ed411","ice cream 5"],["5f1a101c9a223531759ed40f","ice cream 1"],["5f1a0f7e01259370d7a46dff","lava cake"],["5f1a0fb7cd069b317bc4a335","mochi"]]},{"attr":[10],"text":"0s: cells 1+2+3 show,up 10, cell 2 rotate 15, down 13, cell 1 pivot 6 0, cell 3 pivot 22 0\n\n10-12s: cells 1+3 rotate 5, cell 2 left 2\n12-14s: cells 1+3 rotate -10, cell 2 right 4\n14-16s: cells 1+3 rotate 7, cell 2 left 4\n\n16s: restart"},null,null,null,{"text":"0: cells show, down 6"},null],"n":["last manymas","last manymas","cave","cave","cave","cave","cave","dock","candle","dock end","barrel man","eat.","barrel chair","table 1","table 1","tiny desk philipp","column"],"dr":[0,0,0,0,0,0,0,0,0,0,0,0,0,0,0,0,0]}}