{"x":17,"y":-1,"iix":["632bd86ff8e098481625fde4","632de2baec841c045e84f9f9","632e22ad8156a5046b88ca60","632dd7234c1cfa481d52bcd7","632de3e95e32d504642603b7","632bd6d1a9d8883ae691dac2","632dd5d19d02573ad57f2b55","6341d1523a4c3a4815c0b301","632de80c5e32d50464260440","632de6ac7abb95046af9f4c3","6341d3fb5fda053ae082f3d3","6341d3f4d8a21d045219da82","6341d3e89d02573ad57f6894","6341d52b9848c2044c08adb6","6341d61d5fda053ae082f3de","6341d3b6d8a21d045219da81","6341d2a7f4a5f60445772884","6341d3dc9848c2044c08ad7d","6591f62433a19b14a31b4287","6341d60e3a4c3a4815c0b32e","634227aba9d8883ae69222c3","632e2582ec841c045e84fbaa","6209ad1529ec2705b8c7523b","632dd44ca9d8883ae691e31d","632ddf7f49e8d8481c0e7dad","6341d16bf4a5f60445772881","632bdc0202704005b343f564","634e0c8c58109459f8438919","6351827f8d7c2a6a1518a53c"],"ps":[[6,29,0,0,0,0],[7,29,1,0,0,0],[7,30,2,0,0,0],[7,31,2,0,0,0],[9,29,2,0,0,0],[10,29,2,0,0,0],[11,29,2,0,0,0],[9,30,2,0,0,0],[10,30,2,0,0,0],[12,30,2,0,0,0],[9,31,2,0,0,0],[10,31,2,0,0,0],[11,31,2,0,0,0],[12,31,2,0,0,0],[13,31,3,0,0,0],[13,30,0,0,0,0],[13,29,0,0,0,0],[12,29,4,0,0,0],[14,29,1,0,0,0],[7,28,5,0,0,0],[12,28,5,0,0,0],[11,28,5,0,0,0],[9,28,5,0,0,0],[10,28,5,0,0,0],[13,28,6,0,0,0],[14,28,5,0,0,0],[15,28,5,0,0,0],[16,28,5,0,0,0],[17,28,5,0,0,0],[18,28,5,0,0,0],[5,31,4,0,0,0],[6,30,0,0,0,0],[5,30,7,0,0,0],[8,31,8,0,0,0],[8,30,9,0,0,0],[8,29,9,0,0,0],[6,28,10,0,0,0],[5,28,7,0,0,0],[5,29,4,0,0,0],[6,27,11,0,0,0],[7,27,12,0,0,0],[8,28,13,0,0,0],[8,27,14,0,0,0],[9,27,12,0,0,0],[10,27,12,0,0,0],[11,27,12,0,0,0],[12,27,12,0,0,0],[23,29,9,0,0,0],[23,30,9,0,0,0],[23,31,9,0,0,0],[19,31,3,0,0,0],[19,30,0,0,0,0],[19,29,0,0,0,0],[19,28,6,0,0,0],[18,29,4,0,0,0],[20,29,1,0,0,0],[20,28,5,0,0,0],[21,28,5,0,0,0],[22,28,5,0,0,0],[24,28,5,0,0,0],[24,29,4,0,0,0],[25,29,0,0,0,0],[21,29,2,0,0,0],[22,29,2,0,0,0],[24,30,2,0,0,0],[21,30,2,0,0,0],[20,30,2,0,0,0],[20,31,2,0,0,0],[22,31,2,0,0,0],[21,31,2,0,0,0],[24,31,2,0,0,0],[25,28,15,0,0,0],[25,27,16,1,0,0],[24,27,17,0,0,0],[13,27,12,0,0,0],[14,27,12,0,0,0],[22,27,17,0,0,0],[21,27,17,0,0,0],[20,27,17,0,0,0],[19,27,17,0,0,0],[18,27,17,0,0,0],[17,27,17,0,0,0],[15,27,12,0,0,0],[16,27,18,0,0,0],[23,27,19,0,0,0],[23,28,13,0,0,0],[16,30,20,0,0,0],[14,30,21,0,0,0],[14,31,21,0,0,0],[15,29,21,0,0,0],[15,30,21,0,0,0],[15,31,21,0,0,0],[16,29,21,0,0,0],[17,29,21,0,0,0],[17,30,21,0,0,0],[17,31,21,0,0,0],[16,31,21,0,0,0],[18,31,21,0,0,0],[18,30,21,0,0,0],[10,26,22,0,0,0],[11,30,20,0,0,0],[22,30,20,0,0,0],[6,31,23,0,0,0],[25,31,2,0,0,0],[26,31,2,0,0,0],[25,30,24,3,0,0],[28,30,25,1,0,0],[28,31,1,0,0,0],[27,30,26,0,0,0],[26,30,5,0,0,0],[27,31,2,0,0,0],[27,29,27,1,0,0],[26,28,27,1,0,0],[26,29,28,0,0,0]],"i":{"b":["SOLID","DECO","DECOBG","SOLID","DECO","SOLID","SOLID","SLOPE","DECO","CLIMB","SOLID","SLOPE","SOLID","CLIMB","PASS","SOLID","SLOPE","SOLID","SOLID","PASS","DYNATHING","DECOBG","DYNATHING","SOLID","SLOPE","SLOPE","SOLID","SLOPE","SOLID"],"p":[{"attr":[1]},{"attr":[1]},{"attr":[1]},{"attr":[1]},{"attr":[1]},{"attr":[1]},{"attr":[1]},{"attr":[1]},{"attr":[1]},{"attr":[1,5]},{"attr":[1]},{"attr":[1]},{"attr":[1]},{"attr":[1]},{"attr":[1,4]},{"attr":[1]},{"attr":[1]},{"attr":[1]},{"attr":[1]},{"attr":[1,4]},{"attr":[2,10],"text":"0s: cell 1 hide, cell 2 show, up 9, cell 3 show, cell 4 show, up 9, bright\n0-1s: cell 4 opacity .6\n1-2s: cell 4 opacity 1\n2s: restart","info":"sorry im lazy and recolored the wnb chandelier"},{"attr":[1]},{"attr":[42,40,9],"text":"0s: cell 1 show, left 7, down 5, cell 2 show\n1-2s: cell 1 up 1\n2s: cell 2 hide, cell 4 show\n2.15s: cell 4 hide, cell 3 show\n5-6s: cell 1 down 1\n4s: cell 3 hide, cell 4 show\n4.15s: cell 4 hide, cell 2 show\n6s: restart\n\naction:\n0S: CELls HIDE, cell 1 show, left 7, down 5, CELL 5 SHOW, play sound\n0-.2s: cell 1 up 12, opacity 0\n0-.2S: CELL 5 UP 6, ROTATE 5\n.2-.4: CELL 5 DOWN 6, ROTATE -5\n.4s: REMOVE\n\nmove\n0s: remove\n\nrise\n0s: remove","info":"not based on anything in particular. be sure to find my bunjeecorp holder for clonable bunjees","soundId":"5e8c5ae1da90441e2b58d209"},{"attr":[1]},{"attr":[1]},{"attr":[1]},{"attr":[1]},{"attr":[1]},{"attr":[1]}],"n":["cozy cafe block","cozy cafe support left","cozy cafe bricks","cozy cafe block","cozy cafe support right","cozy cafe block","cozy cafe block","cozy cafe rooftop","cozy cafe ladder bottom","cozy cafe hyperladder","cozy cafe rooftop","cozy cafe rooftop","cozy cafe rooftop","cozy cafe alt climbable ladder block","cozy cafe rooftop","cozy cafe rooftop","cozy cafe rooftop","cozy cafe rooftop","cozy cafe rooftop","cozy cafe rooftop","cozy cafe chandelier","cozy cafe block","sleepy bunjee","cozy cafe winder top","cozy cafe slope","cozy cafe rooftop","cozy cafe block","cozy cafe rooftop","cozy cafe rooftop"],"dr":[0,0,0,0,0,0,0,0,0,0,0,0,0,0,0,0,1,0,0,0,0,0,0,0,3,1,0,1,0]}}