{"x":6,"y":-1,"iix":["636477cac4a5ae05aff13f2e","658df6195bb9a5149cf5adb0","5281f45fd5e8d3976e000003","54d6f40583e5329b43c2dd4e","56cb59aa93a2fc12140991db","658df64eaff2b3155d4e382f","5fc03342f9a96c657d97439d"],"ps":[[11,28,0,0,0,0],[6,28,1,0,0,0],[12,30,2,0,0,0],[1,21,2,0,0,0],[3,24,3,0,0,0],[11,25,3,0,0,0],[17,23,3,0,0,0],[5,23,3,0,0,0],[15,31,3,0,0,0],[10,23,3,0,0,0],[15,22,4,0,0,0],[18,31,3,0,0,0],[15,30,3,0,0,0],[5,30,5,0,0,0],[5,25,6,0,0,0],[0,25,6,0,0,0],[2,29,6,0,0,0],[9,29,6,0,0,0],[7,31,6,0,0,0]],"i":{"b":["ENVIRONM","LIGHTTOP","ENVIRONM","DYNATHING","EMITTER","LIGHT","DYNATHING"],"p":[{"attr":[39]},{"rgb":"51,32,155"},null,{"attr":[2,9],"text":"0-1S: CELL 1 SHOW\n0-3S: CELL 1 LEFT 100, CELL 1 DOWN 100\n2-3S: CELL 1 HIDE\n15S: CELL 1 UP 100, CELL 1 RIGHT 100, RESTART\n"},{"attr":[12,8,7,2,42,48,35],"boundingBox2":[1,7,18,14],"soundId":"53c7c41b7953f3385bc5aa86"},{"rgb":"12,16,31"},{"attr":[10],"text":"0: cells show, pivot 15 15, cell 1 up 40, right 10, opacity 0, cell 2 up 20, left 10, cell 3 right 10, cell 4 down 20, left 10, cell 5 down 40, right 10, cell 6 down 60, left 10, cell 7 down 80, right 10, cell 8 down 100, left 10, cell 9 down 120, right 10\n0-9: cells rotate 360, cell 2 rotate -360, cell 4 rotate -360, cell 6 rotate -360, cell 8 rotate -360\n\n0-1: cells down 20, cell 1 opacity 1, cell 9 opacity 0\n1: cell 9 up 180\n1-2: cells down 20, cell 9 opacity 1, cell 8 opacity 0\n2: CELL 8 UP 180\n2-3: CELLS DOWN 20, CELL 8 OPACITY 1, CELL 7 OPACITY 0\n3: CELL 7 UP 180\n3-4: CELLS DOWN 20, CELL 7 OPACITY 1, CELL 6 OPACITY 0\n4: CELL 6 UP 180\n4-5: CELLS DOWN 20, CELL 6 OPACITY 1, CELL 5 OPACITY 0\n5: CELL 5 UP 180\n5-6: CELLS DOWN 20, CELL 5 OPACITY 1, CELL 4 OPACITY 0\n6: CELL 4 UP 180\n6-7: CELLS DOWN 20, CELL 4 OPACITY 1, CELL 3 OPACITY 0\n7: CELL 3 UP 180\n7-8: CELLS DOWN 20, CELL 3 OPACITY 1, CELL 2 OPACITY 0\n8: CELL 2 UP 180\n8-9: CELLS DOWN 20, CELL 2 OPACITY 1, CELL 1 OPACITY 0\n9: restart","changerId":"5e1e12b1fabc814f362debd4"}],"n":["stars","test","stars","shooting star","shooting stars","test","snow"],"dr":[0,0,0,0,0,0,0]}}