{"x":5,"y":-1,"iix":["5281f45fd5e8d3976e000003","54d6f40583e5329b43c2dd4e","5d60961619abd9639ce72b66","5d60967caef9bb52238b0b37","5d60966e320ba431cd8bc5d9","5d60bcdeb08a140602b60d2d","5d6094f364794f6395501797","5d60954639b26405f7add263","5d609583bb911906046cd3b9","5d60a11aaef9bb52238b0b67","6591c60733a19b14a31b3e5f","6591c622ec588f155566562f","6591c6475dc91c155b457c1d","52aa7897c0e9ba9b41000067","57b086cb5b371f890f8893ae"],"ps":[[26,23,0,0,0,0],[23,27,1,0,0,0],[29,27,1,0,0,0],[1,29,2,0,0,0],[13,29,3,0,0,0],[2,29,4,0,0,0],[3,29,4,0,0,0],[12,29,4,0,0,0],[11,29,4,0,0,0],[4,29,4,0,0,0],[5,29,4,0,0,0],[6,29,4,0,0,0],[7,29,4,0,0,0],[8,29,4,0,0,0],[9,29,4,0,0,0],[10,29,4,0,0,0],[1,30,5,0,0,0],[1,31,6,0,0,0],[9,30,5,0,0,0],[5,30,5,0,0,0],[13,30,5,0,0,0],[13,31,7,0,0,0],[2,31,8,0,0,0],[9,31,9,0,0,0],[5,31,9,0,0,0],[4,31,8,0,0,0],[6,31,8,0,0,0],[8,31,8,0,0,0],[10,31,8,0,0,0],[12,31,8,0,0,0],[3,31,10,0,0,0],[7,31,11,0,0,0],[11,31,12,0,0,0],[17,31,13,0,0,0],[30,31,14,0,0,0],[27,31,13,0,0,0]],"i":{"b":["ENVIRONM","DYNATHING","SOLID","SOLID","SOLID","DECO","DECO","DECO","DECO","DECO","DYNATHING","DYNATHING","DYNATHING","ENVIRONM","FARBACK"],"p":[null,{"attr":[2,9],"text":"0-1S: CELL 1 SHOW\n0-3S: CELL 1 LEFT 100, CELL 1 DOWN 100\n2-3S: CELL 1 HIDE\n15S: CELL 1 UP 100, CELL 1 RIGHT 100, RESTART\n"},{"attr":[1]},{"attr":[1]},{"attr":[1]},{"attr":[1]},{"attr":[1]},{"attr":[1]},{"attr":[1]},{"attr":[1]},{"attr":[2],"text":"0: cells show","clonedFrom":"5d60bf8764794f63955018a5"},{"attr":[2],"text":"0: cells show","clonedFrom":"5d60a243758e334d39722fe0"},{"attr":[2],"text":"0: cells show","clonedFrom":"5d60a253aef9bb52238b0b6b"},{"attr":[19]},{"rgb":"208,204,189","text":"cell 1 -29 -29\ncell 2 0 -29\ncell 3 29 -29\ncell 4 -29 0\ncell 5 0 0\ncell 6 29 0\ncell 7 -29 29\ncell 8 0 29\ncell 9 29 29\n"}],"n":["stars","shooting star","eoeo","eoeo","eoeo","eoeo","eoeo","eoeo","eoeo","eoeo","number","number","number","snow","moon"],"dr":[0,0,0,0,0,0,0,0,0,0,0,0,0,0,0]}}