{"x":15,"y":-1,"iix":["5db4b3d04afa65114794b749","5ea3e80dcf2898037a2d00e6","577515b1da90b31c13a20c52","5ea7cbab5a63a53d22211b82","57cf2bbb3a37172f133e54e8","57cf2b047ab3872113793d98","5be8e5b30759300516bc811e","5be79d678806a2051d307171","57aa7cbb79ebd43113feada9"],"ps":[[11,31,0,0,0,0],[11,30,1,0,0,0],[9,31,2,0,0,0],[10,31,2,0,0,0],[12,31,2,0,0,0],[9,30,2,0,0,0],[10,30,2,0,0,0],[12,30,2,0,0,0],[13,31,3,0,0,0],[8,31,3,0,0,0],[8,30,3,2,0,0],[13,30,3,2,0,0],[7,29,4,3,0,0],[8,29,5,0,0,0],[9,29,5,0,0,0],[10,29,5,0,0,0],[11,29,5,0,0,0],[12,29,5,0,0,0],[13,29,5,0,0,0],[14,29,4,0,0,0],[13,28,4,0,0,0],[12,28,5,0,0,0],[11,28,5,0,0,0],[10,28,5,0,0,0],[9,28,5,0,0,0],[8,28,4,3,0,0],[4,31,6,0,0,0],[12,27,7,0,0,0],[9,27,8,0,0,0],[10,27,8,0,0,0]],"i":{"b":["DYNATHING","DECO","DECOBG","SOLID","SOLID","SOLID","ENVIRONM","DECO","LIGHT"],"p":[{"text":"0s: cell 1 show\n1.1: cell 1 rotate 3\n1.2: cell 1 rotate -6\n1.3: cell 1 rotate 3\n7.6: cell 1 rotate -2\n7.7: cell 1 rotate 4\n7.8: cell 1 rotate -2\n15: restart"},{"attr":[1]},null,null,null,null,{"attr":[19]},{"attr":[1]},{"rgb":"27,15,96"}],"n":["drawcia","froggy bloody chair","wood back","wood wall 2","roof","roof","snowowowowww!!","thnaks my ted talk","baldo grass"],"dr":[0,0,0,0,0,0,0,0,0]}}