{"x":16,"y":-1,"iix":["62d8bac83829c81eca37d1aa","62d9a0ad8ecf6b05b690f22d","62b10d04b518fc128d6c8bc3","62bb58bc64df3a1278e443bd","62ab6caa4b4994128420e70e","62b111c4417730127b21456b","62ba6c80cfb2b61285bc13e3","62ba6fbabd2270127a46ec12","62d9a6d13829c81eca37d8a4","62b10cce417730127b21451c","62ba74bdce9e6305b2a2f6b7","62ab67b0142bc705bbe9a45f","62ab65ebd117231273bfd1ee","62ab6572e1cceb05be6e3924","6591ffed5bb9a5149cf5cb2a","62ab6563fef442128b7deb95","62ab651f4b4994128420e6f0","62ab65f2417730127b2127d7","62ab667dbd2270127a4694de","62ab69a0bd2270127a4694e6","628d0a310c9c5005c38215ce","62ab6919cfb2b61285bbc07a","62ce08b3208e2205b5e1899c","62ce08a59051ab1ec4a68e46","62bb665b27dd57127f52c2b2","62ad4db54b4994128420ef03","62da352fe9afae18d182ea95","5690f481213829414d34ca42","572e34e347edf8860fda6e98","62bb58ea0f87e012726ff681","62b10d100685a505b84dc315","62bb62a9e845f67ded8e46ca","62bb5a8ce845f67ded8e4611","62bb59c964df3a1278e443f7","62ba7487bd2270127a46ec22"],"ps":[[20,31,0,0,0,0],[20,30,1,0,0,0],[21,31,2,2,0,0],[19,30,3,0,0,0],[19,31,2,2,0,0],[16,30,4,0,0,0],[18,31,2,2,0,0],[17,31,2,2,0,0],[16,31,5,2,0,0],[15,31,6,0,0,0],[23,31,7,2,0,0],[23,30,8,0,0,0],[22,31,2,2,0,0],[22,30,9,0,0,0],[21,30,10,0,0,0],[17,29,11,0,0,0],[17,28,12,0,0,0],[17,27,13,0,0,0],[24,27,14,0,0,0],[15,27,15,0,0,0],[13,27,16,0,0,0],[13,28,17,0,0,0],[13,29,18,0,0,0],[16,28,19,0,0,0],[14,29,20,0,0,0],[16,29,20,0,0,0],[14,28,19,0,0,0],[16,27,21,0,0,0],[14,27,21,0,0,0],[15,30,4,0,0,0],[14,30,4,0,0,0],[13,30,22,0,0,0],[17,30,23,0,0,0],[18,30,10,0,0,0],[11,29,24,0,0,0],[11,30,10,0,0,0],[10,30,10,0,0,0],[19,29,25,0,0,0],[10,29,26,0,0,0],[12,30,10,0,0,0],[21,25,27,0,0,0],[19,23,28,0,0,0],[13,31,29,0,0,0],[14,31,30,0,0,0],[12,31,30,0,0,0],[10,31,30,0,0,0],[6,31,31,0,0,0],[9,30,32,0,0,0],[8,31,33,0,0,0],[9,31,34,0,0,0],[11,31,6,0,0,0]],"i":{"b":["CLIMB","CLIMB","SOLID","SOLID","SOLID","SOLID","SOLID","SLOPE","SOLID","SOLID","SOLID","DECO","DECO","PASS","DYNATHING","PASS","PASS","DECO","DECO","DECO","PASS","PASS","SOLID","SOLID","DECOVBIG","DECOFG","DYNATHING","LIGHT","LIGHT","SOLID","SOLID","DECOVBIG","SLOPE","SLOPE","SOLID"],"p":[{"attr":[1]},{"attr":[1]},{"attr":[1]},{"attr":[1]},{"attr":[1]},{"attr":[1]},{"attr":[1]},{"attr":[1],"clonedFrom":"62b10d04b518fc128d6c8bc3","changerId":"604e6587b96ec15490efa31a"},{"attr":[1]},{"attr":[1]},{"attr":[1]},{"attr":[1]},{"attr":[1]},{"attr":[1,4]},{"text":"we love beeleth! -hatsune miku"},{"attr":[1,4]},{"attr":[1,4]},{"attr":[1]},{"attr":[1]},{"attr":[1]},{"attr":[4]},{"attr":[1,4]},{"attr":[1]},{"attr":[1]},{"attr":[6],"clonedFrom":"62ad238173301605b9dcd99d","changerId":"604e6587b96ec15490efa31a"},{"attr":[1]},{"attr":[2,10],"text":"0s: cell 1 show, right 5, down 10, cell 2 show, right 24, down 10, cell 3 show, right 43, down 10,"},{"rgb":"1,204,254","attr":[3]},{"rgb":"9,169,209"},{"attr":[1]},{"attr":[1]},{"attr":[6],"clonedFrom":"62ad238173301605b9dcd99d","changerId":"604e6587b96ec15490efa31a"},{"attr":[1],"clonedFrom":"62ad238173301605b9dcd99d","changerId":"604e6587b96ec15490efa31a"},{"attr":[1],"clonedFrom":"62ad238173301605b9dcd99d","changerId":"604e6587b96ec15490efa31a"},{"attr":[1],"clonedFrom":"62ad238173301605b9dcd99d","changerId":"604e6587b96ec15490efa31a"}],"n":["verdant flat rock","verdant flat not snow","verdant flat rock","verdant grown not snow","wood-n-brick stone path","verdant flat rock","verdant rock cluster","verdant rock round","verdant flat rock","verdant flat rock mix","verdant flat not snow","wood-n-brick right arch base","wood-n-brick right arch pole","wood-n-brick right arch","e","wood-n-brick middle arch","wood-n-brick left arch","wood-n-brick left arch pole","wood-n-brick left arch base","wood-n-brick middle arch swing chair","invis passable one way","wood-n-brick middle arch swing","verdant-wnb mix","verdant-wnb mix","verdant round flower tree","verdant grown lawn","verdant grown lawn","light","cute narwal","verdant flower decor not snow","verdant rock","verdant round tree","verdant round slope not snow","verdant slope not snow","verdant right underslope not snow"],"dr":[0,0,0,0,0,0,0,0,0,0,0,0,0,0,0,0,0,0,0,0,0,0,0,0,0,0,0,0,0,0,0,0,0,0,0]}}