{"base":"CHANGER","creator":"5003d713a0b60c386b0000a1","id":"550328ad19ba2d684fbc3900","name":"inverter","prop":{"textSize":952,"attr":[1],"textData":"function change(creation) {\n    return invert(creation);\n}\n\nfunction invert(creation) {\n    for (var i = 0; i < creation.colors.length; i++) { \n        var color = creation.colors[i];\n        if ( getColorIsUsed(creation, i) && color.alpha > 0) {\n            creation.colors[i].red =   255 - color.red;\n            creation.colors[i].green = 255 - color.green;\n            creation.colors[i].blue =  255 - color.blue;\n        }\n    } \n    return creation;\n}\n\nfunction getColorIsUsed(creation, colorIndex) {\n    var isUsed = false;\n    var cells = creation.cells;   \n    var width = cells[0].length;    \n    var height = cells[0][0].length;  \n    \n    for (var cell = 0; cell < cells.length && !isUsed; cell++) {    \n        for (var x = 0; x < width && !isUsed; x++) {    \n            for (var y = 0; y < height && !isUsed; y++) {    \n                isUsed = creation.cells[cell][x][y] == colorIndex;\n            }\n        }\n    }\n    return isUsed;\n}"}}