{"base":"CHANGER","creator":"54392ed9da48c0bb624c0490","id":"5506f698369febde12f21c3c","name":"dynamicshaderbottom","prop":{"textSize":6886,"attr":[1],"textData":"function change(creation) {\n  if (creation.type == enumType.dynamic && creation.text && creation.text.length > 3) {\n    convertToFullColor(creation);\n    var dyna = new Dynamic(creation);\n    for(var x = 0; x < dyna.width(); x++) {\n      for(var y = dyna.height()-1; y >= 0; y--) {\n        if( dyna.getColor(x,y) == -1 || dyna.getColor(x,y).alpha == 0)\n          continue;\n        dyna.setColor(x,y, {\n                            red: toLimit(dyna.getColor(x,y).red * 0.5, 0, 255),\n                            green: toLimit(dyna.getColor(x,y).green * 0.5, 0, 255),\n                            blue: toLimit(dyna.getColor(x,y).blue * 0.5, 0, 255),\n                            alpha: dyna.getColor(x,y).alpha});\n        if((y-1) >= 0 && dyna.getColor(x,y) != 0 && dyna.getColor(x,y-1).alpha > 0) {\n            dyna.setColor(x,y-1, {\n                                red: toLimit(dyna.getColor(x,y-1).red * 0.7, 0, 255),\n                                green: toLimit(dyna.getColor(x,y-1).green * 0.7, 0, 255),\n                                blue: toLimit(dyna.getColor(x,y-1).blue * 0.7, 0, 255),\n                                alpha: dyna.getColor(x,y-1).alpha});\n          if((y-2) >= 0 && dyna.getColor(x,y) != 0 && dyna.getColor(x,y-2).alpha > 0) {\n            dyna.setColor(x,y-2, {\n                                    red: toLimit(dyna.getColor(x,y-2).red * 0.9, 0, 255),\n                                    green: toLimit(dyna.getColor(x,y-2).green * 0.9, 0, 255),\n                                    blue: toLimit(dyna.getColor(x,y-2).blue * 0.9, 0, 255),\n                                    alpha: dyna.getColor(x,y-2).alpha});\n           }\n        }\n        break;\n      }\n    }\n    creation.cells = dyna.cells();\n  } else {\n      creation = {};\n      creation.feedback = 'This changer requires a dynamic with code';\n  }\n  return creation;\n}\n\nfunction Dynamic(creation) {\n  this.creationCells = creation.cells;\n  this.showAll = false;\n  this.currentMovement = {x:0,y:0};\n  this.matrix = [];\n  this.matrixZero = {x:0,y:0};\n  this.currentCell = 0;\n\n  // return pixel in cells format\n  this.cells = function() {\n    var result = cloneObject(this.creationCells);\n    for(var x=0;x<this.matrix.length;x++) {\n      for(var y=0;y<this.matrix[0].length;y++) {\n        var field = this.matrix[x][y];\n        if(field == -1)\n          continue;\n        if(!result[field.cell-1][field.x])\n          result[field.cell-1][field.x] = [];\n        result[field.cell-1][field.x][field.y] = field.color;\n      }\n    }\n    return result;\n  };\n\n  // get color from (x,y)\n  this.getColor = function(x,y) {\n    return this.matrix[x][y] && this.matrix[x][y] != -1 ? this.matrix[x][y].color : -1;\n  };\n\n  // set color on (x,y)\n  this.setColor = function(x,y,color) {\n    if(this.matrix[x][y] && this.matrix[x][y] != -1)\n      this.matrix[x][y].color = color;\n  };\n\n  // get dynamic height\n  this.height = function() {\n    return this.matrix.length;\n  };\n\n  // get dynamic width\n  this.width = function() {\n    return this.matrix[0] ? this.matrix[0].length : 0;\n  };\n\n  // private function\n  this.parseCode = function(code) {\n    var lines = code.split('\\n');\n    for(var i=0; i<lines.length;i++)\n      if(lines[i].indexOf('0:') == 0 || lines[i].toUpperCase().indexOf('0S:') == 0) {\n          this.parseLine(lines[i].split(/0[S]{0,1}:/i)[1].trim());\n      }\n  };\n\n  this.parseLine = function(line) {\n    var handledCells = [];\n    var cmds = line.split(',');\n    for(var i=0; i<cmds.length;i++) {\n      var parts = cmds[i].trim().split(' ');\n      for( var j=0; j<parts.length; j++) {\n        if(this.currentCell == 0 && parts.length >= 2 && parts[j].toUpperCase() == 'CELLS' && parts[j+1].toUpperCase() == 'SHOW') {\n          this.showAll = true;\n        } else if( parts[j].toUpperCase() == 'CELL' ) {\n          this.combine();\n          this.currentMovement = {x:0,y:0}\n          if(this.showAll || ((j+2) < parts.length && parts[j+2].toUpperCase() == 'SHOW')) {\n            this.currentCell = parseInt(parts[j+1]);\n            handledCells.push(this.currentCell);\n          }\n        } else if( this.currentCell != 0 && (j+1) < parts.length && ['LEFT', 'RIGHT', 'UP', 'DOWN'].indexOf(parts[j].toUpperCase()) != -1 ) {\n          var val = parseInt(parts[j+1]);\n          if(parts[j].toUpperCase() == 'LEFT' || parts[j].toUpperCase() == 'RIGHT') {\n            this.currentMovement.x = this.currentMovement.x + (parts[j].toUpperCase() == 'LEFT' ? -1*val : val);\n          } else if(parts[j].toUpperCase() == 'UP' || parts[j].toUpperCase() == 'DOWN') {\n            this.currentMovement.y = this.currentMovement.y + (parts[j].toUpperCase() == 'UP' ? -1*val : val);\n          }\n        }\n      }\n    }\n    this.combine();\n    if(this.showAll) {\n      for(var i=1;i<=9;i++) {\n        if(handledCells.indexOf(i) == -1) {\n          this.currentMovement = {x:0,y:0}\n          this.currentCell = i;\n          this.combine();\n        }\n      }\n    }\n  };\n\n  this.combine = function () {\n    if(this.currentCell == 0)\n      return;\n    var pos = this.matrixZero.x + this.currentMovement.x;\n    var missing = 0;\n    if(pos < 0) {\n      missing = Math.abs(pos);\n    } else if((pos + this.creationCells[this.currentCell-1].length) > this.matrix.length) {\n      missing = (pos + this.creationCells[this.currentCell-1].length) - this.matrix.length;\n    }\n    for(var x = 0; x < Math.abs(missing); x++) {\n      var col = [];\n      for(var y = 0; this.matrix[0] && y < this.matrix[0].length; y++)\n        col.push(-1);\n      if(this.currentMovement.x < 0) {\n        this.matrix.unshift(col);\n        this.matrixZero.x++;\n      } else {\n        this.matrix.push(col);\n      }\n    }\n\n    pos = this.matrixZero.y + this.currentMovement.y;\n    missing = 0;\n    if(pos < 0) {\n      missing = Math.abs(pos);\n    } else if((pos + this.creationCells[this.currentCell-1][0].length) > this.matrix[0].length) {\n      missing = (pos + this.creationCells[this.currentCell-1][0].length) - this.matrix[0].length;\n    }\n    for(var y=0; y < missing; y++) {\n      for(var x=0;x<this.matrix.length;x++) {\n        if(this.currentMovement.y < 0)\n          this.matrix[x].unshift(-1);\n        else\n          this.matrix[x].push(-1);\n      }\n      if(this.currentMovement.y < 0)\n        this.matrixZero.y++;\n    }\n\n    for(var x=0; x<this.creationCells[this.currentCell-1].length;x++) {\n      for(var y=0; y<this.creationCells[this.currentCell-1][0].length;y++) {\n        var field = this.matrix[this.matrixZero.x+this.currentMovement.x+x][this.matrixZero.y+this.currentMovement.y+y];\n        if( field == -1 || field.color == 11 || (!Number(field.color) && field.color.alpha == 0))\n          this.matrix[this.matrixZero.x+this.currentMovement.x+x][this.matrixZero.y+this.currentMovement.y+y] = { cell: this.currentCell, x:x, y:y, color: this.creationCells[this.currentCell-1][x][y]};\n      }\n    }\n  };\n  this.parseCode(creation.text);\n}\n","clonedFrom":"55018c6bfe6750b40b58aa6f"}}