{"base":"CHANGER","creator":"524389354b5ac3d87c000047","id":"5c90f594c291f0305d47f40f","name":"scramble colours in range","prop":{"textSize":1648,"attr":[1],"textData":"function change(creation) {\n    var x, y, cell, swap, swapx, swapy, xDir, yDir;\n    cell = creation.cells[creation.info.selectedCell];    \n    var randseed;\n    var c1 = creation.info.selectedIndex;\n    var c2 = creation.info.secondSelectedIndex;\n    if(c1 > c2){\n        c1 += c2;\n        c2 = c1 - c2;\n        c1 -= c2;\n    }\n    var newMap = Array();\n    for(x = 0; x < cell.length; x++){\n        newMap[x] = Array();\n    }\n    \n    for(x = 0; x < cell.length; x++){\n        for(y = 0; y < cell[x].length; y++){\n            if(newMap[x][y] != undefined){\n                continue;\n            }\n            randseed = Math.random();\n            xDir = Math.random() < .33 ? -1 : (Math.random() < .5 ? 1 : 0); \n            yDir = Math.random() < .33 ? -1 : (Math.random() < .5 ? 1 : 0); \n            \n            if(newMap[x + xDir] == undefined || newMap[x + xDir][y + yDir] == undefined){\n                newMap[x][y] = cell[x][y];\n                continue;\n            }\n            \n            if(cell[x][y] == 11 || cell[x + xDir][y + yDir] == 11){\n                newMap[x][y] = cell[x][y];\n                continue\n            }\n            \n            if(\n                   cell[x][y] > c2\n                || cell[x][y] < c1\n                || cell[x + xDir][y + yDir] > c2\n                || cell[x + xDir][y + yDir] < c1\n            ){\n                newMap[x][y] = cell[x][y];\n                continue\n            }\n            \n            newMap[x][y] = cell[x + xDir][y + yDir];\n            newMap[x + xDir][y + yDir] = cell[x][y];\n        }\n    }\n    creation.cells[creation.info.selectedCell] = newMap;\n    return creation;\n}\n","clonedFrom":"5502aa36ca9c40b251503509","changerId":"5aa74d700b42c58913cf23e8"}}