{"base":"CHANGER","creator":"524389354b5ac3d87c000047","id":"5d89672125ec9d3919f4b123","name":"heavy palette scrubber","prop":{"textSize":3921,"attr":[1],"textData":"function change(creation) {\n    var colorList = []\n    var colorIndex = 0;\n    var indexList = [];\n    var finalColors = [];\n    var foundColor;\n    var n, x, y, c, red, green, blue, alpha\n\n    var cells = creation.cells;\n    var width = cells[0].length;\n    var height = cells[0][0].length;\n    \n    var strength = 3;\n    \n    for(c = 0; c < cells.length; c++){\n    \n    \n    indexList[c] = [];\n    for(x = 0; x < width; x++) {\n        indexList[c][x] = [];\n        for(y = 0; y < height; y++) {\n            red = creation.colors[cells[c][x][y]].red;\n            green = creation.colors[cells[c][x][y]].green;\n            blue = creation.colors[cells[c][x][y]].blue;\n            alpha = Math.round(creation.colors[cells[c][x][y]].alpha * 100) / 100;\n            if(alpha == 0){\n                foundColor = 1;\n                indexList[c][x][y] = 11;\n            }else{\n                foundColor = 0;\n            }\n            for(var roffset = -strength; roffset <= strength && !foundColor; roffset++){\n                if(colorList[red + roffset] != undefined){\n                    for(var goffset = -strength; goffset <= strength && !foundColor; goffset++){\n                        if(colorList[red + roffset][green + goffset] != undefined){\n                            for(var boffset = -strength; boffset <= strength && !foundColor; boffset++){\n                                if(colorList[red + roffset][green + goffset][blue + boffset] != undefined){\n                                    for(var aoffset = -.1; aoffset <= .1 && !foundColor; aoffset += .01){\n                                        if(colorList[red + roffset][green + goffset][blue + boffset][alpha + aoffset] != undefined){\n                                            foundColor = 1;\n                                            if(Math.abs(alpha + aoffset) < .01){\n                                                indexList[c][x][y] = 11;\n                                            }else{\n                                                indexList[c][x][y] = colorList[red + roffset][green + goffset][blue + boffset][alpha + aoffset];\n                                            }\n                                        }\n                                    }\n                                }\n                            }\n                        }\n                    }\n                }\n            }\n\n            \n            if(!foundColor){\n                indexList[c][x][y] = colorIndex;\n                if(colorList[red] == undefined) colorList[red] = [];\n                if(colorList[red][green] == undefined) colorList[red][green] = [];\n                if(colorList[red][green][blue] == undefined) colorList[red][green][blue] = [];\n                if(colorList[red][green][blue][alpha] == undefined) colorList[red][green][blue][alpha] = colorIndex;\n                finalColors[colorIndex] = { 'red' : red, 'green' : green, 'blue' : blue, 'alpha' : alpha };\n                colorIndex++;\n                if(colorIndex == 11) colorIndex++;\n            }\n            \n        } // <-- y loop\n    } // <-- x loop\n    \n    \n    } // <-- cells loop\n    \n    \n    // rebuild the palette\n    for(n = 0; n < creation.colors.length; n++){\n        if(n == 11) continue;\n        creation.colors[n] = {\n            red : 255,\n            green : 255,\n            blue : 255,\n            alpha : 1\n        };\n    }\n    \n    for(n in finalColors){\n        creation.colors[n] = {\n            red : finalColors[n].red,\n            green : finalColors[n].green,\n            blue : finalColors[n].blue,\n            alpha : finalColors[n].alpha\n        };  \n    }\n    \n    // and write the new colour indices to the map\n\n    for(c = 0; c < cells.length; c++){\n    for(x = 0; x < width; x++){\n        for(y = 0; y < height; y++){\n            cells[c][x][y] = indexList[c][x][y];\n        }\n    }\n    }\n\n    \n    creation.cells = cells;\n    return creation;\n}","clonedFrom":"55007504f87afd261db2c06a","changerId":"5d865f9e784060060036aa7e"}}