{"base":"READABLE","creator":"5fa178eca995946307bc1e6e","id":"609ec61fa0dbee25960890b4","name":".","prop":{"textSize":540,"rgb2":"255,255,255","rgb":"183,254,183","textData":" https://imgur.com/looPUVQ\n\n\nhttps://imgur.com/gmoD0G5\n\nhttps://imgur.com/GjWaWGh\n\nhttps://imgur.com/e9FDIj1\n\nhttps://imgur.com/EfyZKVr\n\nhttps://imgur.com/GvblypS\n\nhttps://imgur.com/XKcMuUZ\n\nhttps://imgur.com/K97EAbk\n\nhttps://imgur.com/3wuQvI7\n\nhttps://imgur.com/E8F12mO\n\nhttps://imgur.com/6fgMrWs\n\nhttps://imgur.com/w36YGlu\n\nhttps://imgur.com/jEPmJNK\n\nhttps://imgur.com/9JrLbAp\n\nhttps://imgur.com/Kunm7qy\n\nhttps://imgur.com/zZ9Ls3K\n\nhttps://imgur.com/gXiGCzD\n\nhttps://imgur.com/LDz6xSB\n\nhttps://imgur.com/lpkAIh7\n\nhttps://imgur.com/juUZKQ2"}}